Datetime,Open,High,Low,Close,Adj Close,Volume,Dividends,Stock Splits
2023-01-17 09:30:00-05:00,70.41999816894531,70.8499984741211,70.41999816894531,70.58999633789062,70.58999633789062,10044,0.235,0.0
2023-01-17 09:35:00-05:00,70.48999786376953,70.54000091552734,70.38999938964844,70.54000091552734,70.54000091552734,3145,0.0,0.0
2023-01-17 09:40:00-05:00,70.48999786376953,70.66999816894531,70.47000122070312,70.66999816894531,70.66999816894531,7681,0.0,0.0
2023-01-17 09:45:00-05:00,70.6449966430664,70.6449966430664,70.5425033569336,70.5999984741211,70.5999984741211,4575,0.0,0.0
2023-01-17 09:50:00-05:00,70.68000030517578,70.72000122070312,70.61499786376953,70.69000244140625,70.69000244140625,2827,0.0,0.0
2023-01-17 09:55:00-05:00,70.68000030517578,70.68000030517578,70.55999755859375,70.61000061035156,70.61000061035156,5824,0.0,0.0
2023-01-17 10:00:00-05:00,70.66000366210938,70.79000091552734,70.66000366210938,70.75,70.75,6275,0.0,0.0
2023-01-17 10:05:00-05:00,70.70999908447266,70.7300033569336,70.37999725341797,70.38999938964844,70.38999938964844,13846,0.0,0.0
2023-01-17 10:10:00-05:00,70.37000274658203,70.44999694824219,70.3499984741211,70.4000015258789,70.4000015258789,3913,0.0,0.0
2023-01-17 10:15:00-05:00,70.41000366210938,70.47000122070312,70.31999969482422,70.3550033569336,70.3550033569336,8059,0.0,0.0
2023-01-17 10:20:00-05:00,70.34500122070312,70.47000122070312,70.34500122070312,70.43000030517578,70.43000030517578,4223,0.0,0.0
2023-01-17 10:25:00-05:00,70.44000244140625,70.51000213623047,70.38999938964844,70.38999938964844,70.38999938964844,6274,0.0,0.0
2023-01-17 10:30:00-05:00,70.43000030517578,70.44499969482422,70.37000274658203,70.41000366210938,70.41000366210938,2553,0.0,0.0
2023-01-17 10:35:00-05:00,70.4000015258789,70.4000015258789,70.16000366210938,70.16000366210938,70.16000366210938,4412,0.0,0.0
2023-01-17 10:40:00-05:00,70.1500015258789,70.1500015258789,70.01000213623047,70.06999969482422,70.06999969482422,5816,0.0,0.0
2023-01-17 10:45:00-05:00,70.05000305175781,70.08999633789062,70.0,70.08000183105469,70.08000183105469,4713,0.0,0.0
2023-01-17 10:50:00-05:00,70.05999755859375,70.06999969482422,69.91000366210938,69.9800033569336,69.9800033569336,3306,0.0,0.0
2023-01-17 10:55:00-05:00,69.97570037841797,69.9800033569336,69.83999633789062,69.83999633789062,69.83999633789062,2515,0.0,0.0
2023-01-17 11:00:00-05:00,69.87000274658203,69.87999725341797,69.77999877929688,69.83999633789062,69.83999633789062,4385,0.0,0.0
2023-01-17 11:05:00-05:00,69.83000183105469,69.8550033569336,69.7300033569336,69.7300033569336,69.7300033569336,2612,0.0,0.0
2023-01-17 11:10:00-05:00,69.72000122070312,69.73999786376953,69.66000366210938,69.72000122070312,69.72000122070312,4557,0.0,0.0
2023-01-17 11:15:00-05:00,69.73999786376953,69.76000213623047,69.69000244140625,69.75630187988281,69.75630187988281,7448,0.0,0.0
2023-01-17 11:20:00-05:00,69.7300033569336,69.7300033569336,69.62999725341797,69.6500015258789,69.6500015258789,2078,0.0,0.0
2023-01-17 11:25:00-05:00,69.6500015258789,69.72000122070312,69.63999938964844,69.69499969482422,69.69499969482422,4906,0.0,0.0
2023-01-17 11:30:00-05:00,69.70500183105469,69.83999633789062,69.69000244140625,69.81999969482422,69.81999969482422,22877,0.0,0.0
2023-01-17 11:35:00-05:00,69.81999969482422,69.87000274658203,69.76000213623047,69.83000183105469,69.83000183105469,15555,0.0,0.0
2023-01-17 11:40:00-05:00,69.83000183105469,69.91000366210938,69.8196029663086,69.87000274658203,69.87000274658203,8477,0.0,0.0
2023-01-17 11:45:00-05:00,69.87999725341797,69.91000366210938,69.875,69.9000015258789,69.9000015258789,3750,0.0,0.0
2023-01-17 11:50:00-05:00,69.94000244140625,69.98999786376953,69.94000244140625,69.9800033569336,69.9800033569336,1623,0.0,0.0
2023-01-17 11:55:00-05:00,69.98999786376953,70.0,69.95249938964844,69.9800033569336,69.9800033569336,6675,0.0,0.0
2023-01-17 12:00:00-05:00,70.0,70.05999755859375,69.99500274658203,70.05000305175781,70.05000305175781,3162,0.0,0.0
2023-01-17 12:05:00-05:00,70.05000305175781,70.09459686279297,70.05000305175781,70.05999755859375,70.05999755859375,3570,0.0,0.0
2023-01-17 12:10:00-05:00,70.05000305175781,70.05000305175781,69.99500274658203,70.04000091552734,70.04000091552734,6022,0.0,0.0
2023-01-17 12:15:00-05:00,70.02999877929688,70.02999877929688,69.91999816894531,69.91999816894531,69.91999816894531,2628,0.0,0.0
2023-01-17 12:20:00-05:00,69.93440246582031,69.94999694824219,69.85299682617188,69.85299682617188,69.85299682617188,3285,0.0,0.0
2023-01-17 12:25:00-05:00,69.83999633789062,69.83999633789062,69.79000091552734,69.79000091552734,69.79000091552734,2722,0.0,0.0
2023-01-17 12:30:00-05:00,69.79000091552734,69.8499984741211,69.77999877929688,69.83000183105469,69.83000183105469,3561,0.0,0.0
2023-01-17 12:35:00-05:00,69.80999755859375,69.83000183105469,69.77999877929688,69.80999755859375,69.80999755859375,4335,0.0,0.0
2023-01-17 12:40:00-05:00,69.83000183105469,69.8499984741211,69.81999969482422,69.81999969482422,69.81999969482422,2443,0.0,0.0
2023-01-17 12:45:00-05:00,69.79199981689453,69.80000305175781,69.75,69.75,69.75,3535,0.0,0.0
2023-01-17 12:50:00-05:00,69.75,69.80999755859375,69.75,69.80999755859375,69.80999755859375,4739,0.0,0.0
2023-01-17 12:55:00-05:00,69.80999755859375,69.80999755859375,69.69999694824219,69.70999908447266,69.70999908447266,2641,0.0,0.0
2023-01-17 13:00:00-05:00,69.70999908447266,69.7699966430664,69.70999908447266,69.76000213623047,69.76000213623047,2290,0.0,0.0
2023-01-17 13:05:00-05:00,69.79000091552734,69.79000091552734,69.70999908447266,69.70999908447266,69.70999908447266,2687,0.0,0.0
2023-01-17 13:10:00-05:00,69.68000030517578,69.68000030517578,69.62999725341797,69.66999816894531,69.66999816894531,2786,0.0,0.0
2023-01-17 13:15:00-05:00,69.68000030517578,69.75,69.68000030517578,69.75,69.75,3111,0.0,0.0
2023-01-17 13:20:00-05:00,69.69999694824219,69.73999786376953,69.69999694824219,69.7300033569336,69.7300033569336,2094,0.0,0.0
2023-01-17 13:25:00-05:00,69.73500061035156,69.73999786376953,69.69999694824219,69.73999786376953,69.73999786376953,2547,0.0,0.0
2023-01-17 13:30:00-05:00,69.73999786376953,69.73999786376953,69.70999908447266,69.70999908447266,69.70999908447266,2698,0.0,0.0
2023-01-17 13:35:00-05:00,69.69999694824219,69.94999694824219,69.69999694824219,69.94999694824219,69.94999694824219,18574,0.0,0.0
2023-01-17 13:40:00-05:00,69.94999694824219,69.94999694824219,69.9000015258789,69.9000015258789,69.9000015258789,4476,0.0,0.0
2023-01-17 13:45:00-05:00,69.9000015258789,69.9000015258789,69.81999969482422,69.86000061035156,69.86000061035156,2803,0.0,0.0
2023-01-17 13:50:00-05:00,69.9000015258789,69.9000015258789,69.81999969482422,69.83999633789062,69.83999633789062,4477,0.0,0.0
2023-01-17 13:55:00-05:00,69.84459686279297,69.9000015258789,69.83000183105469,69.86000061035156,69.86000061035156,4681,0.0,0.0
2023-01-17 14:00:00-05:00,69.8499984741211,69.86499786376953,69.83000183105469,69.8499984741211,69.8499984741211,2971,0.0,0.0
2023-01-17 14:05:00-05:00,69.86000061035156,69.91000366210938,69.86000061035156,69.8949966430664,69.8949966430664,4712,0.0,0.0
2023-01-17 14:10:00-05:00,69.9000015258789,69.9000015258789,69.68000030517578,69.68000030517578,69.68000030517578,4242,0.0,0.0
2023-01-17 14:15:00-05:00,69.68000030517578,69.68000030517578,69.52999877929688,69.52999877929688,69.52999877929688,5218,0.0,0.0
2023-01-17 14:20:00-05:00,69.52999877929688,69.52999877929688,69.48500061035156,69.51499938964844,69.51499938964844,4927,0.0,0.0
2023-01-17 14:25:00-05:00,69.5199966430664,69.55999755859375,69.51000213623047,69.5199966430664,69.5199966430664,3200,0.0,0.0
2023-01-17 14:30:00-05:00,69.5199966430664,69.61499786376953,69.5199966430664,69.58999633789062,69.58999633789062,6491,0.0,0.0
2023-01-17 14:35:00-05:00,69.62000274658203,69.69999694824219,69.62000274658203,69.6500015258789,69.6500015258789,3746,0.0,0.0
2023-01-17 14:40:00-05:00,69.63500213623047,69.63999938964844,69.56999969482422,69.625,69.625,6509,0.0,0.0
2023-01-17 14:45:00-05:00,69.62999725341797,69.70999908447266,69.62999725341797,69.68000030517578,69.68000030517578,5235,0.0,0.0
2023-01-17 14:50:00-05:00,69.68000030517578,69.70999908447266,69.66500091552734,69.69000244140625,69.69000244140625,4160,0.0,0.0
2023-01-17 14:55:00-05:00,69.66999816894531,69.68499755859375,69.62999725341797,69.68000030517578,69.68000030517578,5944,0.0,0.0
2023-01-17 15:00:00-05:00,69.69999694824219,69.80000305175781,69.69999694824219,69.79000091552734,69.79000091552734,5894,0.0,0.0
2023-01-17 15:05:00-05:00,69.79000091552734,69.80000305175781,69.70500183105469,69.70999908447266,69.70999908447266,4480,0.0,0.0
2023-01-17 15:10:00-05:00,69.70999908447266,69.70999908447266,69.62000274658203,69.625,69.625,8118,0.0,0.0
2023-01-17 15:15:00-05:00,69.62000274658203,69.63999938964844,69.58499908447266,69.58499908447266,69.58499908447266,7062,0.0,0.0
2023-01-17 15:20:00-05:00,69.58999633789062,69.68000030517578,69.55999755859375,69.63999938964844,69.63999938964844,5779,0.0,0.0
2023-01-17 15:25:00-05:00,69.63999938964844,69.69000244140625,69.62999725341797,69.68000030517578,69.68000030517578,6460,0.0,0.0
2023-01-17 15:30:00-05:00,69.63999938964844,69.6500015258789,69.55999755859375,69.56999969482422,69.56999969482422,5570,0.0,0.0
2023-01-17 15:35:00-05:00,69.55000305175781,69.61000061035156,69.52999877929688,69.58000183105469,69.58000183105469,10940,0.0,0.0
2023-01-17 15:40:00-05:00,69.56999969482422,69.56999969482422,69.51499938964844,69.5250015258789,69.5250015258789,6486,0.0,0.0
2023-01-17 15:45:00-05:00,69.51000213623047,69.51000213623047,69.43499755859375,69.47000122070312,69.47000122070312,10593,0.0,0.0
2023-01-17 15:50:00-05:00,69.45999908447266,69.54000091552734,69.37999725341797,69.41000366210938,69.41000366210938,23701,0.0,0.0
2023-01-17 15:55:00-05:00,69.41999816894531,69.53500366210938,69.41999816894531,69.44000244140625,69.44000244140625,48549,0.0,0.0
2023-01-18 09:30:00-05:00,69.58999633789062,69.8499984741211,69.29000091552734,69.61000061035156,69.61000061035156,12486,0.0,0.0
2023-01-18 09:35:00-05:00,69.55500030517578,69.76499938964844,69.55500030517578,69.7300033569336,69.7300033569336,4214,0.0,0.0
2023-01-18 09:40:00-05:00,69.80919647216797,69.91999816894531,69.80919647216797,69.87999725341797,69.87999725341797,9546,0.0,0.0
2023-01-18 09:45:00-05:00,69.87999725341797,69.9000015258789,69.80000305175781,69.8499984741211,69.8499984741211,4287,0.0,0.0
2023-01-18 09:50:00-05:00,69.79000091552734,69.98999786376953,69.79000091552734,69.98500061035156,69.98500061035156,5627,0.0,0.0
2023-01-18 09:55:00-05:00,69.97000122070312,70.08000183105469,69.91000366210938,70.08000183105469,70.08000183105469,4695,0.0,0.0
2023-01-18 10:00:00-05:00,70.12999725341797,70.2249984741211,70.01000213623047,70.01000213623047,70.01000213623047,6279,0.0,0.0
2023-01-18 10:05:00-05:00,70.01000213623047,70.05989837646484,69.80999755859375,69.94999694824219,69.94999694824219,7664,0.0,0.0
2023-01-18 10:10:00-05:00,69.91999816894531,69.94999694824219,69.87000274658203,69.91000366210938,69.91000366210938,5353,0.0,0.0
2023-01-18 10:15:00-05:00,69.95999908447266,70.0199966430664,69.87999725341797,69.90499877929688,69.90499877929688,9633,0.0,0.0
2023-01-18 10:20:00-05:00,69.93000030517578,69.93000030517578,69.8499984741211,69.9000015258789,69.9000015258789,4354,0.0,0.0
2023-01-18 10:25:00-05:00,69.90499877929688,69.92500305175781,69.80999755859375,69.91999816894531,69.91999816894531,6776,0.0,0.0
2023-01-18 10:30:00-05:00,69.92500305175781,69.94000244140625,69.81999969482422,69.87000274658203,69.87000274658203,6313,0.0,0.0
2023-01-18 10:35:00-05:00,69.83999633789062,69.91999816894531,69.81999969482422,69.88999938964844,69.88999938964844,5846,0.0,0.0
2023-01-18 10:40:00-05:00,69.88999938964844,69.9197006225586,69.77999877929688,69.77999877929688,69.77999877929688,4245,0.0,0.0
2023-01-18 10:45:00-05:00,69.80999755859375,69.8499984741211,69.7699966430664,69.7699966430664,69.7699966430664,3431,0.0,0.0
2023-01-18 10:50:00-05:00,69.7699966430664,69.7699966430664,69.52999877929688,69.52999877929688,69.52999877929688,4980,0.0,0.0
2023-01-18 10:55:00-05:00,69.44000244140625,69.56999969482422,69.44000244140625,69.56999969482422,69.56999969482422,6522,0.0,0.0
2023-01-18 11:00:00-05:00,69.56500244140625,69.61000061035156,69.46769714355469,69.48999786376953,69.48999786376953,4096,0.0,0.0
2023-01-18 11:05:00-05:00,69.44999694824219,69.44999694824219,69.3290023803711,69.33000183105469,69.33000183105469,1891,0.0,0.0
2023-01-18 11:10:00-05:00,69.30999755859375,69.37000274658203,69.30000305175781,69.3499984741211,69.3499984741211,8442,0.0,0.0
2023-01-18 11:15:00-05:00,69.32499694824219,69.32499694824219,69.1500015258789,69.19499969482422,69.19499969482422,1647,0.0,0.0
2023-01-18 11:20:00-05:00,69.19999694824219,69.22000122070312,69.08999633789062,69.22000122070312,69.22000122070312,8927,0.0,0.0
2023-01-18 11:25:00-05:00,69.2249984741211,69.29000091552734,69.18000030517578,69.18000030517578,69.18000030517578,4818,0.0,0.0
2023-01-18 11:30:00-05:00,69.16999816894531,69.18499755859375,69.12000274658203,69.12999725341797,69.12999725341797,11004,0.0,0.0
2023-01-18 11:35:00-05:00,69.12999725341797,69.16999816894531,69.0999984741211,69.0999984741211,69.0999984741211,4104,0.0,0.0
2023-01-18 11:40:00-05:00,69.09500122070312,69.15480041503906,69.06999969482422,69.15480041503906,69.15480041503906,9379,0.0,0.0
2023-01-18 11:45:00-05:00,69.16000366210938,69.25,69.16000366210938,69.25,69.25,6295,0.0,0.0
2023-01-18 11:50:00-05:00,69.25,69.25499725341797,69.08999633789062,69.12999725341797,69.12999725341797,6179,0.0,0.0
2023-01-18 11:55:00-05:00,69.13999938964844,69.33499908447266,69.13999938964844,69.30999755859375,69.30999755859375,7706,0.0,0.0
2023-01-18 12:00:00-05:00,69.31999969482422,69.32499694824219,69.2750015258789,69.29000091552734,69.29000091552734,4630,0.0,0.0
2023-01-18 12:05:00-05:00,69.31999969482422,69.36000061035156,69.19999694824219,69.23999786376953,69.23999786376953,3341,0.0,0.0
2023-01-18 12:10:00-05:00,69.2300033569336,69.25499725341797,69.20999908447266,69.25,69.25,5150,0.0,0.0
2023-01-18 12:15:00-05:00,69.25499725341797,69.25499725341797,69.20999908447266,69.25,69.25,6471,0.0,0.0
2023-01-18 12:20:00-05:00,69.26000213623047,69.30000305175781,69.20999908447266,69.22000122070312,69.22000122070312,6217,0.0,0.0
2023-01-18 12:25:00-05:00,69.22000122070312,69.22000122070312,69.09500122070312,69.09500122070312,69.09500122070312,3580,0.0,0.0
2023-01-18 12:30:00-05:00,69.08000183105469,69.1500015258789,69.05999755859375,69.1500015258789,69.1500015258789,7908,0.0,0.0
2023-01-18 12:35:00-05:00,69.16500091552734,69.22000122070312,69.16500091552734,69.20500183105469,69.20500183105469,3080,0.0,0.0
2023-01-18 12:40:00-05:00,69.18000030517578,69.23999786376953,69.16999816894531,69.21810150146484,69.21810150146484,4399,0.0,0.0
2023-01-18 12:45:00-05:00,69.19999694824219,69.2699966430664,69.18000030517578,69.26000213623047,69.26000213623047,3913,0.0,0.0
2023-01-18 12:50:00-05:00,69.25,69.25,69.0999984741211,69.11499786376953,69.11499786376953,6853,0.0,0.0
2023-01-18 12:55:00-05:00,69.09500122070312,69.16999816894531,69.09500122070312,69.1449966430664,69.1449966430664,5702,0.0,0.0
2023-01-18 13:00:00-05:00,69.1449966430664,69.16000366210938,69.06999969482422,69.06999969482422,69.06999969482422,5612,0.0,0.0
2023-01-18 13:05:00-05:00,69.08999633789062,69.0999984741211,69.02999877929688,69.05000305175781,69.05000305175781,4318,0.0,0.0
2023-01-18 13:10:00-05:00,69.05500030517578,69.05500030517578,68.94000244140625,69.0,69.0,4956,0.0,0.0
2023-01-18 13:15:00-05:00,69.01000213623047,69.02999877929688,69.0,69.0,69.0,4367,0.0,0.0
2023-01-18 13:20:00-05:00,68.99500274658203,69.01000213623047,68.96499633789062,69.0,69.0,4548,0.0,0.0
2023-01-18 13:25:00-05:00,69.04000091552734,69.30000305175781,69.04000091552734,69.30000305175781,69.30000305175781,9379,0.0,0.0
2023-01-18 13:30:00-05:00,69.30999755859375,69.44999694824219,69.29000091552734,69.37999725341797,69.37999725341797,10447,0.0,0.0
2023-01-18 13:35:00-05:00,69.37999725341797,69.4800033569336,69.36499786376953,69.41999816894531,69.41999816894531,8023,0.0,0.0
2023-01-18 13:40:00-05:00,69.44000244140625,69.5,69.40499877929688,69.44000244140625,69.44000244140625,7895,0.0,0.0
2023-01-18 13:45:00-05:00,69.4800033569336,69.5999984741211,69.4800033569336,69.56999969482422,69.56999969482422,5197,0.0,0.0
2023-01-18 13:50:00-05:00,69.58000183105469,69.5999984741211,69.44000244140625,69.47000122070312,69.47000122070312,3795,0.0,0.0
2023-01-18 13:55:00-05:00,69.4000015258789,69.4000015258789,69.23999786376953,69.23999786376953,69.23999786376953,3651,0.0,0.0
2023-01-18 14:00:00-05:00,69.2699966430664,69.30000305175781,69.19999694824219,69.30000305175781,69.30000305175781,8289,0.0,0.0
2023-01-18 14:05:00-05:00,69.2750015258789,69.2750015258789,69.17500305175781,69.20500183105469,69.20500183105469,4754,0.0,0.0
2023-01-18 14:10:00-05:00,69.16999816894531,69.16999816894531,69.11000061035156,69.11000061035156,69.11000061035156,4754,0.0,0.0
2023-01-18 14:15:00-05:00,69.08000183105469,69.08000183105469,68.91999816894531,68.94000244140625,68.94000244140625,4693,0.0,0.0
2023-01-18 14:20:00-05:00,68.95999908447266,69.06999969482422,68.95500183105469,69.01499938964844,69.01499938964844,10377,0.0,0.0
2023-01-18 14:25:00-05:00,68.98999786376953,69.08000183105469,68.98500061035156,69.08000183105469,69.08000183105469,6207,0.0,0.0
2023-01-18 14:30:00-05:00,69.05000305175781,69.13999938964844,69.04000091552734,69.09100341796875,69.09100341796875,8246,0.0,0.0
2023-01-18 14:35:00-05:00,69.0999984741211,69.0999984741211,69.02999877929688,69.04000091552734,69.04000091552734,12131,0.0,0.0
2023-01-18 14:40:00-05:00,69.01000213623047,69.04000091552734,68.98500061035156,69.04000091552734,69.04000091552734,7914,0.0,0.0
2023-01-18 14:45:00-05:00,69.05000305175781,69.12999725341797,69.04000091552734,69.04000091552734,69.04000091552734,13424,0.0,0.0
2023-01-18 14:50:00-05:00,69.04000091552734,69.06999969482422,68.98999786376953,69.06999969482422,69.06999969482422,9256,0.0,0.0
2023-01-18 14:55:00-05:00,69.08000183105469,69.11000061035156,69.06999969482422,69.08999633789062,69.08999633789062,17237,0.0,0.0
2023-01-18 15:00:00-05:00,69.08000183105469,69.125,69.05999755859375,69.06500244140625,69.06500244140625,14792,0.0,0.0
2023-01-18 15:05:00-05:00,69.06500244140625,69.19999694824219,69.05999755859375,69.19499969482422,69.19499969482422,18767,0.0,0.0
2023-01-18 15:10:00-05:00,69.18000030517578,69.26000213623047,69.1500015258789,69.18000030517578,69.18000030517578,9918,0.0,0.0
2023-01-18 15:15:00-05:00,69.19000244140625,69.22000122070312,69.11000061035156,69.12000274658203,69.12000274658203,10190,0.0,0.0
2023-01-18 15:20:00-05:00,69.12999725341797,69.16000366210938,69.12000274658203,69.125,69.125,10337,0.0,0.0
2023-01-18 15:25:00-05:00,69.12000274658203,69.1449966430664,69.03500366210938,69.03500366210938,69.03500366210938,9870,0.0,0.0
2023-01-18 15:30:00-05:00,69.0199966430664,69.02999877929688,68.9000015258789,68.93000030517578,68.93000030517578,13654,0.0,0.0
2023-01-18 15:35:00-05:00,68.91999816894531,68.94000244140625,68.8499984741211,68.8499984741211,68.8499984741211,22135,0.0,0.0
2023-01-18 15:40:00-05:00,68.83999633789062,68.83999633789062,68.68000030517578,68.68000030517578,68.68000030517578,15404,0.0,0.0
2023-01-18 15:45:00-05:00,68.66999816894531,68.76000213623047,68.6500015258789,68.69000244140625,68.69000244140625,26985,0.0,0.0
2023-01-18 15:50:00-05:00,68.66000366210938,68.80999755859375,68.6500015258789,68.80999755859375,68.80999755859375,39760,0.0,0.0
2023-01-18 15:55:00-05:00,68.80500030517578,68.80500030517578,68.69999694824219,68.76000213623047,68.76000213623047,92338,0.0,0.0
2023-01-19 09:30:00-05:00,68.54000091552734,68.54000091552734,68.08999633789062,68.08999633789062,68.08999633789062,4407,0.0,0.0
2023-01-19 09:35:00-05:00,68.6500015258789,68.68000030517578,68.42980194091797,68.49500274658203,68.49500274658203,3023,0.0,0.0
2023-01-19 09:40:00-05:00,68.4800033569336,68.49500274658203,68.3499984741211,68.37000274658203,68.37000274658203,6429,0.0,0.0
2023-01-19 09:45:00-05:00,68.33000183105469,68.47000122070312,68.30999755859375,68.30999755859375,68.30999755859375,13174,0.0,0.0
2023-01-19 09:50:00-05:00,68.30999755859375,68.30999755859375,68.08999633789062,68.0999984741211,68.0999984741211,1336,0.0,0.0
2023-01-19 09:55:00-05:00,68.12999725341797,68.2300033569336,68.0199966430664,68.04000091552734,68.04000091552734,5965,0.0,0.0
2023-01-19 10:00:00-05:00,68.04000091552734,68.08000183105469,67.86000061035156,67.8949966430664,67.8949966430664,6051,0.0,0.0
2023-01-19 10:05:00-05:00,67.90499877929688,67.98999786376953,67.9000015258789,67.98999786376953,67.98999786376953,3000,0.0,0.0
2023-01-19 10:10:00-05:00,67.93000030517578,67.93000030517578,67.5999984741211,67.5999984741211,67.5999984741211,5714,0.0,0.0
2023-01-19 10:15:00-05:00,67.56999969482422,67.86000061035156,67.5199966430664,67.86000061035156,67.86000061035156,9203,0.0,0.0
2023-01-19 10:20:00-05:00,67.85990142822266,67.85990142822266,67.54000091552734,67.54000091552734,67.54000091552734,7139,0.0,0.0
2023-01-19 10:25:00-05:00,67.52999877929688,67.66999816894531,67.5199966430664,67.56999969482422,67.56999969482422,6915,0.0,0.0
2023-01-19 10:30:00-05:00,67.4800033569336,67.54000091552734,67.44999694824219,67.5,67.5,3033,0.0,0.0
2023-01-19 10:35:00-05:00,67.45999908447266,67.47000122070312,67.25,67.26499938964844,67.26499938964844,5295,0.0,0.0
2023-01-19 10:40:00-05:00,67.25499725341797,67.30000305175781,67.19000244140625,67.26499938964844,67.26499938964844,4869,0.0,0.0
2023-01-19 10:45:00-05:00,67.26709747314453,67.26709747314453,67.20999908447266,67.25,67.25,3199,0.0,0.0
2023-01-19 10:50:00-05:00,67.22000122070312,67.25,67.12000274658203,67.1500015258789,67.1500015258789,5786,0.0,0.0
2023-01-19 10:55:00-05:00,67.11000061035156,67.2300033569336,67.08999633789062,67.22000122070312,67.22000122070312,6917,0.0,0.0
2023-01-19 11:00:00-05:00,67.2249984741211,67.26000213623047,67.16999816894531,67.19000244140625,67.19000244140625,7922,0.0,0.0
2023-01-19 11:05:00-05:00,67.18499755859375,67.27999877929688,67.0999984741211,67.20999908447266,67.20999908447266,5655,0.0,0.0
2023-01-19 11:10:00-05:00,67.23999786376953,67.29000091552734,67.16400146484375,67.18499755859375,67.18499755859375,4210,0.0,0.0
2023-01-19 11:15:00-05:00,67.1500015258789,67.1500015258789,67.06500244140625,67.06999969482422,67.06999969482422,4197,0.0,0.0
2023-01-19 11:20:00-05:00,67.05999755859375,67.11000061035156,67.01499938964844,67.11000061035156,67.11000061035156,4987,0.0,0.0
2023-01-19 11:25:00-05:00,67.13999938964844,67.16999816894531,67.11000061035156,67.11000061035156,67.11000061035156,5239,0.0,0.0
2023-01-19 11:30:00-05:00,67.04499816894531,67.19000244140625,67.03600311279297,67.16999816894531,67.16999816894531,6724,0.0,0.0
2023-01-19 11:35:00-05:00,67.18499755859375,67.22000122070312,67.13999938964844,67.22000122070312,67.22000122070312,4445,0.0,0.0
2023-01-19 11:40:00-05:00,67.28500366210938,67.30999755859375,67.23999786376953,67.25,67.25,2814,0.0,0.0
2023-01-19 11:45:00-05:00,67.25499725341797,67.27999877929688,67.19999694824219,67.23999786376953,67.23999786376953,4738,0.0,0.0
2023-01-19 11:50:00-05:00,67.25,67.26499938964844,67.22000122070312,67.26000213623047,67.26000213623047,5886,0.0,0.0
2023-01-19 11:55:00-05:00,67.2300033569336,67.29000091552734,67.2249984741211,67.29000091552734,67.29000091552734,4303,0.0,0.0
2023-01-19 12:00:00-05:00,67.30999755859375,67.43000030517578,67.29499816894531,67.3949966430664,67.3949966430664,7116,0.0,0.0
2023-01-19 12:05:00-05:00,67.41999816894531,67.41999816894531,67.26000213623047,67.26000213623047,67.26000213623047,4820,0.0,0.0
2023-01-19 12:10:00-05:00,67.29499816894531,67.41000366210938,67.25,67.4000015258789,67.4000015258789,6120,0.0,0.0
2023-01-19 12:15:00-05:00,67.38999938964844,67.51000213623047,67.37999725341797,67.48500061035156,67.48500061035156,6250,0.0,0.0
2023-01-19 12:20:00-05:00,67.44999694824219,67.44999694824219,67.38999938964844,67.38999938964844,67.38999938964844,4068,0.0,0.0
2023-01-19 12:25:00-05:00,67.30999755859375,67.30999755859375,67.2699966430664,67.2699966430664,67.2699966430664,2529,0.0,0.0
2023-01-19 12:30:00-05:00,67.29000091552734,67.29000091552734,67.2300033569336,67.2300033569336,67.2300033569336,5563,0.0,0.0
2023-01-19 12:35:00-05:00,67.24500274658203,67.25,67.05999755859375,67.05999755859375,67.05999755859375,9200,0.0,0.0
2023-01-19 12:40:00-05:00,67.0250015258789,67.03500366210938,66.98999786376953,66.98999786376953,66.98999786376953,3621,0.0,0.0
2023-01-19 12:45:00-05:00,67.01000213623047,67.11000061035156,67.01000213623047,67.0989990234375,67.0989990234375,5943,0.0,0.0
2023-01-19 12:50:00-05:00,67.08999633789062,67.12000274658203,66.97000122070312,66.97000122070312,66.97000122070312,2484,0.0,0.0
2023-01-19 12:55:00-05:00,66.93499755859375,67.06999969482422,66.91000366210938,67.05999755859375,67.05999755859375,4143,0.0,0.0
2023-01-19 13:00:00-05:00,67.08999633789062,67.16999816894531,67.08999633789062,67.16999816894531,67.16999816894531,3890,0.0,0.0
2023-01-19 13:05:00-05:00,67.1500015258789,67.1500015258789,67.01000213623047,67.06999969482422,67.06999969482422,6473,0.0,0.0
2023-01-19 13:10:00-05:00,67.08000183105469,67.08000183105469,67.01000213623047,67.05999755859375,67.05999755859375,3720,0.0,0.0
2023-01-19 13:15:00-05:00,67.04000091552734,67.19000244140625,67.00499725341797,67.19000244140625,67.19000244140625,6561,0.0,0.0
2023-01-19 13:20:00-05:00,67.16000366210938,67.19999694824219,67.08999633789062,67.12999725341797,67.12999725341797,8453,0.0,0.0
2023-01-19 13:25:00-05:00,67.12999725341797,67.12999725341797,66.98999786376953,67.0,67.0,3792,0.0,0.0
2023-01-19 13:30:00-05:00,67.00499725341797,67.05500030517578,66.94000244140625,66.9800033569336,66.9800033569336,8730,0.0,0.0
2023-01-19 13:35:00-05:00,67.0,67.0999984741211,66.98999786376953,67.0999984741211,67.0999984741211,4083,0.0,0.0
2023-01-19 13:40:00-05:00,67.13999938964844,67.19000244140625,67.05000305175781,67.05000305175781,67.05000305175781,4976,0.0,0.0
2023-01-19 13:45:00-05:00,67.08000183105469,67.08000183105469,66.9800033569336,66.99500274658203,66.99500274658203,5630,0.0,0.0
2023-01-19 13:50:00-05:00,66.95999908447266,66.98999786376953,66.9000015258789,66.92500305175781,66.92500305175781,3399,0.0,0.0
2023-01-19 13:55:00-05:00,66.91000366210938,66.94999694824219,66.9000015258789,66.94499969482422,66.94499969482422,3817,0.0,0.0
2023-01-19 14:00:00-05:00,66.94499969482422,66.95999908447266,66.8499984741211,66.88999938964844,66.88999938964844,5984,0.0,0.0
2023-01-19 14:05:00-05:00,66.86499786376953,66.86499786376953,66.7699966430664,66.7699966430664,66.7699966430664,3323,0.0,0.0
2023-01-19 14:10:00-05:00,66.79000091552734,66.87000274658203,66.79000091552734,66.86000061035156,66.86000061035156,4804,0.0,0.0
2023-01-19 14:15:00-05:00,66.86000061035156,66.91000366210938,66.77999877929688,66.80999755859375,66.80999755859375,11318,0.0,0.0
2023-01-19 14:20:00-05:00,66.83499908447266,67.12000274658203,66.81999969482422,67.12000274658203,67.12000274658203,18013,0.0,0.0
2023-01-19 14:25:00-05:00,67.1500015258789,67.15499877929688,67.05999755859375,67.05999755859375,67.05999755859375,5168,0.0,0.0
2023-01-19 14:30:00-05:00,67.0199966430664,67.04000091552734,66.95999908447266,67.04000091552734,67.04000091552734,4436,0.0,0.0
2023-01-19 14:35:00-05:00,67.05000305175781,67.11000061035156,67.01499938964844,67.0199966430664,67.0199966430664,4594,0.0,0.0
2023-01-19 14:40:00-05:00,67.02999877929688,67.05999755859375,66.94999694824219,66.94999694824219,66.94999694824219,6171,0.0,0.0
2023-01-19 14:45:00-05:00,66.94000244140625,66.95999908447266,66.87999725341797,66.87999725341797,66.87999725341797,4936,0.0,0.0
2023-01-19 14:50:00-05:00,66.87999725341797,66.9000015258789,66.81999969482422,66.81999969482422,66.81999969482422,5929,0.0,0.0
2023-01-19 14:55:00-05:00,66.81999969482422,66.98999786376953,66.81999969482422,66.95999908447266,66.95999908447266,30519,0.0,0.0
2023-01-19 15:00:00-05:00,66.9800033569336,67.08000183105469,66.9800033569336,67.0,67.0,8119,0.0,0.0
2023-01-19 15:05:00-05:00,66.98999786376953,66.98999786376953,66.79000091552734,66.80000305175781,66.80000305175781,7413,0.0,0.0
2023-01-19 15:10:00-05:00,66.81999969482422,66.91000366210938,66.76000213623047,66.86499786376953,66.86499786376953,8674,0.0,0.0
2023-01-19 15:15:00-05:00,66.87999725341797,66.91000366210938,66.82499694824219,66.88999938964844,66.88999938964844,8274,0.0,0.0
2023-01-19 15:20:00-05:00,66.88999938964844,66.8949966430664,66.82499694824219,66.83000183105469,66.83000183105469,9192,0.0,0.0
2023-01-19 15:25:00-05:00,66.83499908447266,66.93000030517578,66.80999755859375,66.87000274658203,66.87000274658203,10991,0.0,0.0
2023-01-19 15:30:00-05:00,66.86499786376953,66.86499786376953,66.70999908447266,66.75,66.75,8188,0.0,0.0
2023-01-19 15:35:00-05:00,66.75499725341797,66.82499694824219,66.73999786376953,66.81999969482422,66.81999969482422,23224,0.0,0.0
2023-01-19 15:40:00-05:00,66.82499694824219,66.82499694824219,66.74500274658203,66.7750015258789,66.7750015258789,21466,0.0,0.0
2023-01-19 15:45:00-05:00,66.7750015258789,66.77999877929688,66.69000244140625,66.72000122070312,66.72000122070312,25224,0.0,0.0
2023-01-19 15:50:00-05:00,66.70999908447266,66.70999908447266,66.5,66.56500244140625,66.56500244140625,64617,0.0,0.0
2023-01-19 15:55:00-05:00,66.55500030517578,66.58499908447266,66.45999908447266,66.4800033569336,66.4800033569336,99941,0.0,0.0
2023-01-20 09:30:00-05:00,66.69000244140625,66.69000244140625,66.33000183105469,66.56990051269531,66.56990051269531,10732,0.0,0.0
2023-01-20 09:35:00-05:00,66.26000213623047,66.33499908447266,66.12000274658203,66.27999877929688,66.27999877929688,5564,0.0,0.0
2023-01-20 09:40:00-05:00,66.27999877929688,66.45999908447266,66.20999908447266,66.44000244140625,66.44000244140625,6070,0.0,0.0
2023-01-20 09:45:00-05:00,66.41000366210938,66.41000366210938,66.2300033569336,66.31999969482422,66.31999969482422,5656,0.0,0.0
2023-01-20 09:50:00-05:00,66.31999969482422,66.47000122070312,66.31999969482422,66.33999633789062,66.33999633789062,9911,0.0,0.0
2023-01-20 09:55:00-05:00,66.32499694824219,66.48999786376953,66.32499694824219,66.38999938964844,66.38999938964844,12438,0.0,0.0
2023-01-20 10:00:00-05:00,66.36499786376953,66.48999786376953,66.33000183105469,66.47000122070312,66.47000122070312,8858,0.0,0.0
2023-01-20 10:05:00-05:00,66.47000122070312,66.61000061035156,66.44999694824219,66.61000061035156,66.61000061035156,11815,0.0,0.0
2023-01-20 10:10:00-05:00,66.61000061035156,66.61000061035156,66.48999786376953,66.48999786376953,66.48999786376953,18100,0.0,0.0
2023-01-20 10:15:00-05:00,66.51000213623047,66.51000213623047,66.44000244140625,66.45999908447266,66.45999908447266,9223,0.0,0.0
2023-01-20 10:20:00-05:00,66.44999694824219,66.62000274658203,66.44999694824219,66.5999984741211,66.5999984741211,14534,0.0,0.0
2023-01-20 10:25:00-05:00,66.5999984741211,66.66999816894531,66.58000183105469,66.66000366210938,66.66000366210938,44316,0.0,0.0
2023-01-20 10:30:00-05:00,66.66000366210938,66.70999908447266,66.56999969482422,66.66000366210938,66.66000366210938,15817,0.0,0.0
2023-01-20 10:35:00-05:00,66.67500305175781,66.72000122070312,66.63999938964844,66.66000366210938,66.66000366210938,10378,0.0,0.0
2023-01-20 10:40:00-05:00,66.66000366210938,66.7699966430664,66.6449966430664,66.7300033569336,66.7300033569336,8822,0.0,0.0
2023-01-20 10:45:00-05:00,66.7249984741211,66.80000305175781,66.63999938964844,66.66000366210938,66.66000366210938,16511,0.0,0.0
2023-01-20 10:50:00-05:00,66.66000366210938,66.72000122070312,66.62000274658203,66.69999694824219,66.69999694824219,20919,0.0,0.0
2023-01-20 10:55:00-05:00,66.69000244140625,66.7300033569336,66.6500015258789,66.69999694824219,66.69999694824219,56157,0.0,0.0
2023-01-20 11:00:00-05:00,66.69999694824219,66.76000213623047,66.69000244140625,66.76000213623047,66.76000213623047,29242,0.0,0.0
2023-01-20 11:05:00-05:00,66.7300033569336,66.75,66.61000061035156,66.61000061035156,66.61000061035156,7414,0.0,0.0
2023-01-20 11:10:00-05:00,66.61499786376953,66.79000091552734,66.58000183105469,66.66500091552734,66.66500091552734,10610,0.0,0.0
2023-01-20 11:15:00-05:00,66.66000366210938,66.69000244140625,66.6050033569336,66.62999725341797,66.62999725341797,6881,0.0,0.0
2023-01-20 11:20:00-05:00,66.62999725341797,66.62999725341797,66.52999877929688,66.62000274658203,66.62000274658203,8364,0.0,0.0
2023-01-20 11:25:00-05:00,66.62000274658203,66.76000213623047,66.62000274658203,66.75499725341797,66.75499725341797,9518,0.0,0.0
2023-01-20 11:30:00-05:00,66.76000213623047,66.76000213623047,66.70999908447266,66.72000122070312,66.72000122070312,6711,0.0,0.0
2023-01-20 11:35:00-05:00,66.70999908447266,66.70999908447266,66.55000305175781,66.55000305175781,66.55000305175781,4619,0.0,0.0
2023-01-20 11:40:00-05:00,66.54499816894531,66.56999969482422,66.4800033569336,66.52999877929688,66.52999877929688,6555,0.0,0.0
2023-01-20 11:45:00-05:00,66.51499938964844,66.58999633789062,66.47000122070312,66.58999633789062,66.58999633789062,4189,0.0,0.0
2023-01-20 11:50:00-05:00,66.56500244140625,66.56500244140625,66.44999694824219,66.44999694824219,66.44999694824219,4758,0.0,0.0
2023-01-20 11:55:00-05:00,66.45999908447266,66.51000213623047,66.45999908447266,66.4800033569336,66.4800033569336,5052,0.0,0.0
2023-01-20 12:00:00-05:00,66.5,66.52999877929688,66.4800033569336,66.52999877929688,66.52999877929688,6863,0.0,0.0
2023-01-20 12:05:00-05:00,66.56999969482422,66.62999725341797,66.55000305175781,66.5999984741211,66.5999984741211,9041,0.0,0.0
2023-01-20 12:10:00-05:00,66.59500122070312,66.69999694824219,66.58000183105469,66.69999694824219,66.69999694824219,3973,0.0,0.0
2023-01-20 12:15:00-05:00,66.66999816894531,66.66999816894531,66.63500213623047,66.66999816894531,66.66999816894531,5462,0.0,0.0
2023-01-20 12:20:00-05:00,66.63999938964844,66.63999938964844,66.54000091552734,66.55999755859375,66.55999755859375,6364,0.0,0.0
2023-01-20 12:25:00-05:00,66.55999755859375,66.72000122070312,66.55999755859375,66.70700073242188,66.70700073242188,9113,0.0,0.0
2023-01-20 12:30:00-05:00,66.69000244140625,66.69000244140625,66.5999984741211,66.66999816894531,66.66999816894531,5123,0.0,0.0
2023-01-20 12:35:00-05:00,66.68000030517578,66.68000030517578,66.61000061035156,66.63999938964844,66.63999938964844,1543,0.0,0.0
2023-01-20 12:40:00-05:00,66.63999938964844,66.72000122070312,66.63999938964844,66.69999694824219,66.69999694824219,5326,0.0,0.0
2023-01-20 12:45:00-05:00,66.68499755859375,66.68499755859375,66.62999725341797,66.63999938964844,66.63999938964844,3642,0.0,0.0
2023-01-20 12:50:00-05:00,66.62999725341797,66.68000030517578,66.55500030517578,66.55500030517578,66.55500030517578,5980,0.0,0.0
2023-01-20 12:55:00-05:00,66.52999877929688,66.52999877929688,66.4000015258789,66.4000015258789,66.4000015258789,8724,0.0,0.0
2023-01-20 13:00:00-05:00,66.44999694824219,66.5,66.41999816894531,66.41999816894531,66.41999816894531,6887,0.0,0.0
2023-01-20 13:05:00-05:00,66.41000366210938,66.44000244140625,66.4000015258789,66.4124984741211,66.4124984741211,5665,0.0,0.0
2023-01-20 13:10:00-05:00,66.4000015258789,66.45999908447266,66.30999755859375,66.43000030517578,66.43000030517578,10825,0.0,0.0
2023-01-20 13:15:00-05:00,66.44499969482422,66.45500183105469,66.3499984741211,66.3499984741211,66.3499984741211,6399,0.0,0.0
2023-01-20 13:20:00-05:00,66.26000213623047,66.4000015258789,66.26000213623047,66.38999938964844,66.38999938964844,3953,0.0,0.0
2023-01-20 13:25:00-05:00,66.41000366210938,66.43000030517578,66.31999969482422,66.36000061035156,66.36000061035156,6601,0.0,0.0
2023-01-20 13:30:00-05:00,66.375,66.41000366210938,66.375,66.38500213623047,66.38500213623047,4197,0.0,0.0
2023-01-20 13:35:00-05:00,66.38500213623047,66.58000183105469,66.37999725341797,66.56500244140625,66.56500244140625,4116,0.0,0.0
2023-01-20 13:40:00-05:00,66.57499694824219,66.62999725341797,66.57499694824219,66.62999725341797,66.62999725341797,5472,0.0,0.0
2023-01-20 13:45:00-05:00,66.61499786376953,66.7300033569336,66.56999969482422,66.7249984741211,66.7249984741211,4972,0.0,0.0
2023-01-20 13:50:00-05:00,66.7300033569336,66.75859832763672,66.63999938964844,66.6500015258789,66.6500015258789,6548,0.0,0.0
2023-01-20 13:55:00-05:00,66.62999725341797,66.66000366210938,66.62000274658203,66.66000366210938,66.66000366210938,3553,0.0,0.0
2023-01-20 14:00:00-05:00,66.66000366210938,66.68000030517578,66.58499908447266,66.625,66.625,6390,0.0,0.0
2023-01-20 14:05:00-05:00,66.62999725341797,66.73999786376953,66.61000061035156,66.73999786376953,66.73999786376953,8833,0.0,0.0
2023-01-20 14:10:00-05:00,66.70500183105469,66.73500061035156,66.69000244140625,66.73500061035156,66.73500061035156,7174,0.0,0.0
2023-01-20 14:15:00-05:00,66.75,66.75499725341797,66.70999908447266,66.75499725341797,66.75499725341797,10295,0.0,0.0
2023-01-20 14:20:00-05:00,66.73999786376953,66.85009765625,66.73999786376953,66.7874984741211,66.7874984741211,9108,0.0,0.0
2023-01-20 14:25:00-05:00,66.77999877929688,66.79000091552734,66.7300033569336,66.78500366210938,66.78500366210938,9680,0.0,0.0
2023-01-20 14:30:00-05:00,66.7699966430664,66.79000091552734,66.73500061035156,66.73999786376953,66.73999786376953,8946,0.0,0.0
2023-01-20 14:35:00-05:00,66.73999786376953,66.83000183105469,66.7300033569336,66.81500244140625,66.81500244140625,8546,0.0,0.0
2023-01-20 14:40:00-05:00,66.81500244140625,66.86000061035156,66.76000213623047,66.7699966430664,66.7699966430664,11095,0.0,0.0
2023-01-20 14:45:00-05:00,66.78500366210938,66.80000305175781,66.72000122070312,66.7249984741211,66.7249984741211,7051,0.0,0.0
2023-01-20 14:50:00-05:00,66.70999908447266,66.7300033569336,66.66999816894531,66.72000122070312,66.72000122070312,7074,0.0,0.0
2023-01-20 14:55:00-05:00,66.70999908447266,66.80000305175781,66.69499969482422,66.79000091552734,66.79000091552734,9268,0.0,0.0
2023-01-20 15:00:00-05:00,66.79000091552734,66.86499786376953,66.79000091552734,66.86499786376953,66.86499786376953,8851,0.0,0.0
2023-01-20 15:05:00-05:00,66.86000061035156,66.86000061035156,66.79000091552734,66.79000091552734,66.79000091552734,9236,0.0,0.0
2023-01-20 15:10:00-05:00,66.80000305175781,66.93000030517578,66.7699966430664,66.93000030517578,66.93000030517578,8887,0.0,0.0
2023-01-20 15:15:00-05:00,66.93499755859375,66.9800033569336,66.88999938964844,66.93499755859375,66.93499755859375,13527,0.0,0.0
2023-01-20 15:20:00-05:00,66.91999816894531,66.91999816894531,66.79000091552734,66.83999633789062,66.83999633789062,13095,0.0,0.0
2023-01-20 15:25:00-05:00,66.86000061035156,66.9000015258789,66.83999633789062,66.86000061035156,66.86000061035156,9424,0.0,0.0
2023-01-20 15:30:00-05:00,66.8499984741211,66.86000061035156,66.78500366210938,66.81999969482422,66.81999969482422,17500,0.0,0.0
2023-01-20 15:35:00-05:00,66.79000091552734,66.81900024414062,66.7249984741211,66.80000305175781,66.80000305175781,14011,0.0,0.0
2023-01-20 15:40:00-05:00,66.80000305175781,66.83999633789062,66.76000213623047,66.79499816894531,66.79499816894531,29089,0.0,0.0
2023-01-20 15:45:00-05:00,66.79000091552734,66.8499984741211,66.7300033569336,66.83999633789062,66.83999633789062,37028,0.0,0.0
2023-01-20 15:50:00-05:00,66.83999633789062,66.94999694824219,66.80000305175781,66.94999694824219,66.94999694824219,51187,0.0,0.0
2023-01-20 15:55:00-05:00,66.94000244140625,67.05000305175781,66.94000244140625,67.0199966430664,67.0199966430664,109092,0.0,0.0
2023-01-23 09:30:00-05:00,67.18000030517578,67.18000030517578,66.72309875488281,66.72309875488281,66.72309875488281,6373,0.0,0.0
2023-01-23 09:35:00-05:00,66.66000366210938,66.69999694824219,66.52999877929688,66.69999694824219,66.69999694824219,4082,0.0,0.0
2023-01-23 09:40:00-05:00,66.71499633789062,66.89330291748047,66.69999694824219,66.89330291748047,66.89330291748047,3368,0.0,0.0
2023-01-23 09:45:00-05:00,66.7699966430664,66.9000015258789,66.7699966430664,66.83000183105469,66.83000183105469,2718,0.0,0.0
2023-01-23 09:50:00-05:00,66.81999969482422,66.83000183105469,66.75,66.83000183105469,66.83000183105469,1049,0.0,0.0
2023-01-23 09:55:00-05:00,66.83000183105469,66.86000061035156,66.68000030517578,66.71530151367188,66.71530151367188,4119,0.0,0.0
2023-01-23 10:00:00-05:00,66.69999694824219,66.7699966430664,66.58999633789062,66.58999633789062,66.58999633789062,10134,0.0,0.0
2023-01-23 10:05:00-05:00,66.54000091552734,66.73999786376953,66.54000091552734,66.73999786376953,66.73999786376953,8683,0.0,0.0
2023-01-23 10:10:00-05:00,66.7699966430664,66.8499984741211,66.75,66.77999877929688,66.77999877929688,9332,0.0,0.0
2023-01-23 10:15:00-05:00,66.75,66.875,66.7300033569336,66.87000274658203,66.87000274658203,8045,0.0,0.0
2023-01-23 10:20:00-05:00,66.83999633789062,66.88999938964844,66.81999969482422,66.86000061035156,66.86000061035156,7132,0.0,0.0
2023-01-23 10:25:00-05:00,66.80999755859375,66.83999633789062,66.76000213623047,66.82499694824219,66.82499694824219,5750,0.0,0.0
2023-01-23 10:30:00-05:00,66.83599853515625,67.0199966430664,66.83599853515625,67.01000213623047,67.01000213623047,6242,0.0,0.0
2023-01-23 10:35:00-05:00,67.0,67.0,66.95999908447266,66.95999908447266,66.95999908447266,5769,0.0,0.0
2023-01-23 10:40:00-05:00,66.97000122070312,66.99500274658203,66.94400024414062,66.95999908447266,66.95999908447266,7428,0.0,0.0
2023-01-23 10:45:00-05:00,66.94999694824219,67.08000183105469,66.94499969482422,67.05000305175781,67.05000305175781,15003,0.0,0.0
2023-01-23 10:50:00-05:00,67.06500244140625,67.12000274658203,67.0199966430664,67.11000061035156,67.11000061035156,5355,0.0,0.0
2023-01-23 10:55:00-05:00,67.11000061035156,67.14820098876953,67.05000305175781,67.08000183105469,67.08000183105469,8066,0.0,0.0
2023-01-23 11:00:00-05:00,67.0875015258789,67.25,67.08499908447266,67.24500274658203,67.24500274658203,6973,0.0,0.0
2023-01-23 11:05:00-05:00,67.26000213623047,67.26000213623047,67.16999816894531,67.19999694824219,67.19999694824219,10783,0.0,0.0
2023-01-23 11:10:00-05:00,67.21499633789062,67.23500061035156,67.0999984741211,67.0999984741211,67.0999984741211,6077,0.0,0.0
2023-01-23 11:15:00-05:00,67.11000061035156,67.32250213623047,67.11000061035156,67.32250213623047,67.32250213623047,8805,0.0,0.0
2023-01-23 11:20:00-05:00,67.33000183105469,67.37000274658203,67.26499938964844,67.30359649658203,67.30359649658203,6853,0.0,0.0
2023-01-23 11:25:00-05:00,67.29000091552734,67.30000305175781,67.18000030517578,67.20999908447266,67.20999908447266,8570,0.0,0.0
2023-01-23 11:30:00-05:00,67.22000122070312,67.33000183105469,67.22000122070312,67.29000091552734,67.29000091552734,6645,0.0,0.0
2023-01-23 11:35:00-05:00,67.29000091552734,67.29000091552734,67.16500091552734,67.19999694824219,67.19999694824219,9470,0.0,0.0
2023-01-23 11:40:00-05:00,67.20999908447266,67.2249984741211,67.16000366210938,67.2249984741211,67.2249984741211,5056,0.0,0.0
2023-01-23 11:45:00-05:00,67.2249984741211,67.2925033569336,67.16999816894531,67.18000030517578,67.18000030517578,7459,0.0,0.0
2023-01-23 11:50:00-05:00,67.19000244140625,67.27999877929688,67.16999816894531,67.2699966430664,67.2699966430664,7949,0.0,0.0
2023-01-23 11:55:00-05:00,67.25,67.29000091552734,67.19999694824219,67.29000091552734,67.29000091552734,10551,0.0,0.0
2023-01-23 12:00:00-05:00,67.29499816894531,67.30500030517578,67.16999816894531,67.16999816894531,67.16999816894531,5510,0.0,0.0
2023-01-23 12:05:00-05:00,67.16999816894531,67.16999816894531,66.95500183105469,66.95500183105469,66.95500183105469,4140,0.0,0.0
2023-01-23 12:10:00-05:00,66.94000244140625,66.9800033569336,66.88999938964844,66.91000366210938,66.91000366210938,6174,0.0,0.0
2023-01-23 12:15:00-05:00,66.91000366210938,66.9749984741211,66.90750122070312,66.97000122070312,66.97000122070312,9461,0.0,0.0
2023-01-23 12:20:00-05:00,66.94999694824219,66.97000122070312,66.9000015258789,66.93000030517578,66.93000030517578,8248,0.0,0.0
2023-01-23 12:25:00-05:00,66.91999816894531,67.0,66.88999938964844,67.0,67.0,6681,0.0,0.0
2023-01-23 12:30:00-05:00,66.98999786376953,67.02999877929688,66.94000244140625,67.0199966430664,67.0199966430664,9769,0.0,0.0
2023-01-23 12:35:00-05:00,67.0199966430664,67.08000183105469,67.0199966430664,67.08000183105469,67.08000183105469,4622,0.0,0.0
2023-01-23 12:40:00-05:00,67.05999755859375,67.05999755859375,67.0,67.05000305175781,67.05000305175781,7291,0.0,0.0
2023-01-23 12:45:00-05:00,67.04000091552734,67.05000305175781,66.9844970703125,67.0199966430664,67.0199966430664,8222,0.0,0.0
2023-01-23 12:50:00-05:00,67.01000213623047,67.1500015258789,66.97000122070312,67.125,67.125,7787,0.0,0.0
2023-01-23 12:55:00-05:00,67.11000061035156,67.1500015258789,67.02999877929688,67.1500015258789,67.1500015258789,8498,0.0,0.0
2023-01-23 13:00:00-05:00,67.12999725341797,67.18000030517578,67.11000061035156,67.12000274658203,67.12000274658203,7409,0.0,0.0
2023-01-23 13:05:00-05:00,67.12000274658203,67.17500305175781,67.0999984741211,67.17500305175781,67.17500305175781,6794,0.0,0.0
2023-01-23 13:10:00-05:00,67.19000244140625,67.19499969482422,67.12999725341797,67.18499755859375,67.18499755859375,5392,0.0,0.0
2023-01-23 13:15:00-05:00,67.19000244140625,67.19999694824219,67.07499694824219,67.07499694824219,67.07499694824219,6920,0.0,0.0
2023-01-23 13:20:00-05:00,67.07499694824219,67.13999938964844,67.06999969482422,67.06999969482422,67.06999969482422,8580,0.0,0.0
2023-01-23 13:25:00-05:00,67.05999755859375,67.06999969482422,67.01000213623047,67.05000305175781,67.05000305175781,5870,0.0,0.0
2023-01-23 13:30:00-05:00,67.05000305175781,67.0999984741211,66.97000122070312,67.0,67.0,8612,0.0,0.0
2023-01-23 13:35:00-05:00,67.0,67.08999633789062,66.98999786376953,67.08999633789062,67.08999633789062,9933,0.0,0.0
2023-01-23 13:40:00-05:00,67.12000274658203,67.13500213623047,67.06999969482422,67.12000274658203,67.12000274658203,7453,0.0,0.0
2023-01-23 13:45:00-05:00,67.12000274658203,67.12000274658203,67.0250015258789,67.0250015258789,67.0250015258789,7479,0.0,0.0
2023-01-23 13:50:00-05:00,67.0,67.0199966430664,66.93000030517578,66.93499755859375,66.93499755859375,9591,0.0,0.0
2023-01-23 13:55:00-05:00,66.94499969482422,66.95999908447266,66.87999725341797,66.88999938964844,66.88999938964844,8905,0.0,0.0
2023-01-23 14:00:00-05:00,66.81999969482422,66.81999969482422,66.73999786376953,66.73999786376953,66.73999786376953,10077,0.0,0.0
2023-01-23 14:05:00-05:00,66.73500061035156,66.76000213623047,66.69499969482422,66.73999786376953,66.73999786376953,10895,0.0,0.0
2023-01-23 14:10:00-05:00,66.7300033569336,66.76000213623047,66.69000244140625,66.7300033569336,66.7300033569336,12590,0.0,0.0
2023-01-23 14:15:00-05:00,66.72000122070312,66.76000213623047,66.66000366210938,66.7300033569336,66.7300033569336,8750,0.0,0.0
2023-01-23 14:20:00-05:00,66.72000122070312,66.76000213623047,66.68000030517578,66.69000244140625,66.69000244140625,9627,0.0,0.0
2023-01-23 14:25:00-05:00,66.68000030517578,66.68000030517578,66.54000091552734,66.54499816894531,66.54499816894531,6617,0.0,0.0
2023-01-23 14:30:00-05:00,66.55999755859375,66.62000274658203,66.55000305175781,66.55999755859375,66.55999755859375,10570,0.0,0.0
2023-01-23 14:35:00-05:00,66.54100036621094,66.55000305175781,66.36000061035156,66.38500213623047,66.38500213623047,19819,0.0,0.0
2023-01-23 14:40:00-05:00,66.37999725341797,66.47000122070312,66.3550033569336,66.43000030517578,66.43000030517578,12769,0.0,0.0
2023-01-23 14:45:00-05:00,66.37999725341797,66.41000366210938,66.26000213623047,66.33499908447266,66.33499908447266,17603,0.0,0.0
2023-01-23 14:50:00-05:00,66.31999969482422,66.31999969482422,66.23999786376953,66.2699966430664,66.2699966430664,9172,0.0,0.0
2023-01-23 14:55:00-05:00,66.26000213623047,66.375,66.24500274658203,66.33499908447266,66.33499908447266,14889,0.0,0.0
2023-01-23 15:00:00-05:00,66.33999633789062,66.41000366210938,66.30999755859375,66.33499908447266,66.33499908447266,11606,0.0,0.0
2023-01-23 15:05:00-05:00,66.33999633789062,66.44000244140625,66.33000183105469,66.44000244140625,66.44000244140625,11153,0.0,0.0
2023-01-23 15:10:00-05:00,66.44000244140625,66.61000061035156,66.44000244140625,66.61000061035156,66.61000061035156,10355,0.0,0.0
2023-01-23 15:15:00-05:00,66.58999633789062,66.59500122070312,66.51000213623047,66.52999877929688,66.52999877929688,11047,0.0,0.0
2023-01-23 15:20:00-05:00,66.51000213623047,66.64749908447266,66.5,66.64749908447266,66.64749908447266,14888,0.0,0.0
2023-01-23 15:25:00-05:00,66.63999938964844,66.63999938964844,66.51000213623047,66.55000305175781,66.55000305175781,16427,0.0,0.0
2023-01-23 15:30:00-05:00,66.55999755859375,66.625,66.52999877929688,66.54000091552734,66.54000091552734,15446,0.0,0.0
2023-01-23 15:35:00-05:00,66.54000091552734,66.56999969482422,66.45500183105469,66.47000122070312,66.47000122070312,17212,0.0,0.0
2023-01-23 15:40:00-05:00,66.47000122070312,66.52999877929688,66.40499877929688,66.51000213623047,66.51000213623047,16240,0.0,0.0
2023-01-23 15:45:00-05:00,66.5199966430664,66.62000274658203,66.5199966430664,66.5999984741211,66.5999984741211,36016,0.0,0.0
2023-01-23 15:50:00-05:00,66.58999633789062,66.68000030517578,66.55000305175781,66.66999816894531,66.66999816894531,62399,0.0,0.0
2023-01-23 15:55:00-05:00,66.66999816894531,66.7699966430664,66.6500015258789,66.76000213623047,66.76000213623047,124816,0.0,0.0
2023-01-24 09:30:00-05:00,66.77999877929688,66.80000305175781,65.93000030517578,66.31999969482422,66.31999969482422,3632,0.0,0.0
2023-01-24 09:35:00-05:00,66.27999877929688,66.28500366210938,66.27999877929688,66.28500366210938,66.28500366210938,242,0.0,0.0
2023-01-24 09:40:00-05:00,66.19999694824219,66.43000030517578,66.18000030517578,66.43000030517578,66.43000030517578,3217,0.0,0.0
2023-01-24 09:45:00-05:00,66.33000183105469,66.41999816894531,66.25,66.37999725341797,66.37999725341797,1707,0.0,0.0
2023-01-24 09:50:00-05:00,66.34500122070312,66.43000030517578,66.2699966430664,66.43000030517578,66.43000030517578,2713,0.0,0.0
2023-01-24 09:55:00-05:00,66.37999725341797,66.44999694824219,66.25,66.25,66.25,4400,0.0,0.0
2023-01-24 10:00:00-05:00,66.19000244140625,66.45999908447266,66.19000244140625,66.45999908447266,66.45999908447266,6531,0.0,0.0
2023-01-24 10:05:00-05:00,66.48500061035156,66.79000091552734,66.48500061035156,66.79000091552734,66.79000091552734,1803,0.0,0.0
2023-01-24 10:10:00-05:00,66.73999786376953,66.80999755859375,66.69000244140625,66.80999755859375,66.80999755859375,3617,0.0,0.0
2023-01-24 10:15:00-05:00,66.83999633789062,66.91000366210938,66.80000305175781,66.80000305175781,66.80000305175781,5852,0.0,0.0
2023-01-24 10:20:00-05:00,66.83999633789062,66.94000244140625,66.83000183105469,66.83000183105469,66.83000183105469,3769,0.0,0.0
2023-01-24 10:25:00-05:00,66.8499984741211,66.95999908447266,66.8499984741211,66.95999908447266,66.95999908447266,2813,0.0,0.0
2023-01-24 10:30:00-05:00,66.95999908447266,67.0999984741211,66.93000030517578,67.03119659423828,67.03119659423828,3834,0.0,0.0
2023-01-24 10:35:00-05:00,67.02999877929688,67.02999877929688,66.94000244140625,66.9800033569336,66.9800033569336,2449,0.0,0.0
2023-01-24 10:40:00-05:00,67.01000213623047,67.1500015258789,67.01000213623047,67.1500015258789,67.1500015258789,2373,0.0,0.0
2023-01-24 10:45:00-05:00,67.13999938964844,67.22000122070312,67.13999938964844,67.22000122070312,67.22000122070312,4219,0.0,0.0
2023-01-24 10:50:00-05:00,67.20999908447266,67.23999786376953,67.12000274658203,67.1500015258789,67.1500015258789,6340,0.0,0.0
2023-01-24 10:55:00-05:00,67.1500015258789,67.2300033569336,67.1500015258789,67.19999694824219,67.19999694824219,5760,0.0,0.0
2023-01-24 11:00:00-05:00,67.20999908447266,67.4000015258789,67.20999908447266,67.4000015258789,67.4000015258789,1835,0.0,0.0
2023-01-24 11:05:00-05:00,67.37999725341797,67.41000366210938,67.37580108642578,67.41000366210938,67.41000366210938,2603,0.0,0.0
2023-01-24 11:10:00-05:00,67.43000030517578,67.45999908447266,67.37999725341797,67.37999725341797,67.37999725341797,4640,0.0,0.0
2023-01-24 11:15:00-05:00,67.37000274658203,67.45999908447266,67.37000274658203,67.45770263671875,67.45770263671875,4501,0.0,0.0
2023-01-24 11:20:00-05:00,67.48999786376953,67.62000274658203,67.48999786376953,67.61000061035156,67.61000061035156,4411,0.0,0.0
2023-01-24 11:25:00-05:00,67.61000061035156,67.7300033569336,67.58999633789062,67.69999694824219,67.69999694824219,7440,0.0,0.0
2023-01-24 11:30:00-05:00,67.69999694824219,67.69999694824219,67.58000183105469,67.58000183105469,67.58000183105469,1875,0.0,0.0
2023-01-24 11:35:00-05:00,67.57499694824219,67.57499694824219,67.55999755859375,67.56999969482422,67.56999969482422,1648,0.0,0.0
2023-01-24 11:40:00-05:00,67.58000183105469,67.61000061035156,67.45999908447266,67.52999877929688,67.52999877929688,4780,0.0,0.0
2023-01-24 11:45:00-05:00,67.51499938964844,67.55000305175781,67.51499938964844,67.54000091552734,67.54000091552734,2849,0.0,0.0
2023-01-24 11:50:00-05:00,67.52999877929688,67.62000274658203,67.52999877929688,67.55000305175781,67.55000305175781,2990,0.0,0.0
2023-01-24 11:55:00-05:00,67.54499816894531,67.54499816894531,67.45999908447266,67.4749984741211,67.4749984741211,2042,0.0,0.0
2023-01-24 12:00:00-05:00,67.44999694824219,67.44999694824219,67.37000274658203,67.44999694824219,67.44999694824219,3106,0.0,0.0
2023-01-24 12:05:00-05:00,67.4800033569336,67.55999755859375,67.4800033569336,67.55999755859375,67.55999755859375,1653,0.0,0.0
2023-01-24 12:10:00-05:00,67.58499908447266,67.6050033569336,67.56999969482422,67.56999969482422,67.56999969482422,2655,0.0,0.0
2023-01-24 12:15:00-05:00,67.62999725341797,67.62999725341797,67.55999755859375,67.58999633789062,67.58999633789062,4020,0.0,0.0
2023-01-24 12:20:00-05:00,67.56999969482422,67.58999633789062,67.55000305175781,67.58999633789062,67.58999633789062,3072,0.0,0.0
2023-01-24 12:25:00-05:00,67.5999984741211,67.62000274658203,67.57499694824219,67.62000274658203,67.62000274658203,1940,0.0,0.0
2023-01-24 12:30:00-05:00,67.58999633789062,67.5999984741211,67.55999755859375,67.55999755859375,67.55999755859375,2609,0.0,0.0
2023-01-24 12:35:00-05:00,67.55500030517578,67.5999984741211,67.48999786376953,67.50409698486328,67.50409698486328,6308,0.0,0.0
2023-01-24 12:40:00-05:00,67.47000122070312,67.47000122070312,67.33000183105469,67.43000030517578,67.43000030517578,11499,0.0,0.0
2023-01-24 12:45:00-05:00,67.44000244140625,67.48999786376953,67.44000244140625,67.48999786376953,67.48999786376953,2168,0.0,0.0
2023-01-24 12:50:00-05:00,67.55000305175781,67.55000305175781,67.52999877929688,67.54000091552734,67.54000091552734,2875,0.0,0.0
2023-01-24 12:55:00-05:00,67.58000183105469,67.62999725341797,67.58000183105469,67.62000274658203,67.62000274658203,2997,0.0,0.0
2023-01-24 13:00:00-05:00,67.58999633789062,67.5999984741211,67.5199966430664,67.5199966430664,67.5199966430664,4706,0.0,0.0
2023-01-24 13:05:00-05:00,67.5199966430664,67.58499908447266,67.5199966430664,67.55000305175781,67.55000305175781,2894,0.0,0.0
2023-01-24 13:10:00-05:00,67.56999969482422,67.62000274658203,67.56999969482422,67.5999984741211,67.5999984741211,3616,0.0,0.0
2023-01-24 13:15:00-05:00,67.58999633789062,67.69000244140625,67.58999633789062,67.69000244140625,67.69000244140625,3359,0.0,0.0
2023-01-24 13:20:00-05:00,67.69499969482422,67.69499969482422,67.6500015258789,67.6500015258789,67.6500015258789,2317,0.0,0.0
2023-01-24 13:25:00-05:00,67.65499877929688,67.69000244140625,67.63999938964844,67.68000030517578,67.68000030517578,2998,0.0,0.0
2023-01-24 13:30:00-05:00,67.72000122070312,67.7300033569336,67.70999908447266,67.72000122070312,67.72000122070312,2905,0.0,0.0
2023-01-24 13:35:00-05:00,67.72000122070312,67.72000122070312,67.64299774169922,67.66000366210938,67.66000366210938,4879,0.0,0.0
2023-01-24 13:40:00-05:00,67.6500015258789,67.73999786376953,67.6500015258789,67.7300033569336,67.7300033569336,3698,0.0,0.0
2023-01-24 13:45:00-05:00,67.76000213623047,67.78700256347656,67.73999786376953,67.73999786376953,67.73999786376953,2031,0.0,0.0
2023-01-24 13:50:00-05:00,67.74500274658203,67.74500274658203,67.64810180664062,67.64810180664062,67.64810180664062,1932,0.0,0.0
2023-01-24 13:55:00-05:00,67.63999938964844,67.6500015258789,67.5999984741211,67.6050033569336,67.6050033569336,3453,0.0,0.0
2023-01-24 14:00:00-05:00,67.58999633789062,67.58999633789062,67.44999694824219,67.44999694824219,67.44999694824219,3056,0.0,0.0
2023-01-24 14:05:00-05:00,67.44000244140625,67.4800033569336,67.44000244140625,67.45999908447266,67.45999908447266,2698,0.0,0.0
2023-01-24 14:10:00-05:00,67.48999786376953,67.51000213623047,67.45999908447266,67.46520233154297,67.46520233154297,4044,0.0,0.0
2023-01-24 14:15:00-05:00,67.44000244140625,67.45999908447266,67.43000030517578,67.43499755859375,67.43499755859375,3143,0.0,0.0
2023-01-24 14:20:00-05:00,67.43000030517578,67.44999694824219,67.38999938964844,67.38999938964844,67.38999938964844,3683,0.0,0.0
2023-01-24 14:25:00-05:00,67.40499877929688,67.44000244140625,67.38999938964844,67.4000015258789,67.4000015258789,3980,0.0,0.0
2023-01-24 14:30:00-05:00,67.4000015258789,67.45999908447266,67.4000015258789,67.43499755859375,67.43499755859375,2249,0.0,0.0
2023-01-24 14:35:00-05:00,67.41999816894531,67.45999908447266,67.4000015258789,67.4000015258789,67.4000015258789,2844,0.0,0.0
2023-01-24 14:40:00-05:00,67.37999725341797,67.41999816894531,67.375,67.41999816894531,67.41999816894531,2128,0.0,0.0
2023-01-24 14:45:00-05:00,67.44000244140625,67.44999694824219,67.42120361328125,67.43499755859375,67.43499755859375,2909,0.0,0.0
2023-01-24 14:50:00-05:00,67.41999816894531,67.47000122070312,67.38999938964844,67.45999908447266,67.45999908447266,2210,0.0,0.0
2023-01-24 14:55:00-05:00,67.47000122070312,67.53500366210938,67.45999908447266,67.53500366210938,67.53500366210938,3217,0.0,0.0
2023-01-24 15:00:00-05:00,67.5199966430664,67.56999969482422,67.51499938964844,67.54499816894531,67.54499816894531,3257,0.0,0.0
2023-01-24 15:05:00-05:00,67.54000091552734,67.54000091552734,67.45999908447266,67.45999908447266,67.45999908447266,3789,0.0,0.0
2023-01-24 15:10:00-05:00,67.47000122070312,67.49500274658203,67.41999816894531,67.43000030517578,67.43000030517578,4424,0.0,0.0
2023-01-24 15:15:00-05:00,67.41999816894531,67.48999786376953,67.41999816894531,67.4749984741211,67.4749984741211,5280,0.0,0.0
2023-01-24 15:20:00-05:00,67.47000122070312,67.47000122070312,67.38999938964844,67.4000015258789,67.4000015258789,7962,0.0,0.0
2023-01-24 15:25:00-05:00,67.38999938964844,67.44000244140625,67.36000061035156,67.44000244140625,67.44000244140625,5247,0.0,0.0
2023-01-24 15:30:00-05:00,67.44999694824219,67.47000122070312,67.38999938964844,67.38999938964844,67.38999938964844,6589,0.0,0.0
2023-01-24 15:35:00-05:00,67.38999938964844,67.41500091552734,67.37999725341797,67.38999938964844,67.38999938964844,7187,0.0,0.0
2023-01-24 15:40:00-05:00,67.38999938964844,67.38999938964844,67.27999877929688,67.30999755859375,67.30999755859375,7852,0.0,0.0
2023-01-24 15:45:00-05:00,67.30999755859375,67.30999755859375,67.23999786376953,67.26000213623047,67.26000213623047,15124,0.0,0.0
2023-01-24 15:50:00-05:00,67.27999877929688,67.37000274658203,67.27999877929688,67.3010025024414,67.3010025024414,27933,0.0,0.0
2023-01-24 15:55:00-05:00,67.30999755859375,67.33000183105469,67.18000030517578,67.18000030517578,67.18000030517578,56196,0.0,0.0
2023-01-25 09:30:00-05:00,66.58000183105469,66.58000183105469,66.29000091552734,66.31999969482422,66.31999969482422,10017,0.0,0.0
2023-01-25 09:35:00-05:00,66.22000122070312,66.47000122070312,66.13999938964844,66.45999908447266,66.45999908447266,4621,0.0,0.0
2023-01-25 09:40:00-05:00,66.44499969482422,66.55999755859375,66.44499969482422,66.55999755859375,66.55999755859375,1178,0.0,0.0
2023-01-25 09:45:00-05:00,66.5,66.5,66.30999755859375,66.33999633789062,66.33999633789062,2680,0.0,0.0
2023-01-25 09:50:00-05:00,66.29000091552734,66.31999969482422,66.16999816894531,66.16999816894531,66.16999816894531,3805,0.0,0.0
2023-01-25 09:55:00-05:00,66.16000366210938,66.23999786376953,66.08999633789062,66.20999908447266,66.20999908447266,10191,0.0,0.0
2023-01-25 10:00:00-05:00,66.19000244140625,66.42500305175781,66.11000061035156,66.42500305175781,66.42500305175781,12345,0.0,0.0
2023-01-25 10:05:00-05:00,66.42500305175781,66.54000091552734,66.42500305175781,66.45500183105469,66.45500183105469,10330,0.0,0.0
2023-01-25 10:10:00-05:00,66.44999694824219,66.62000274658203,66.44499969482422,66.58000183105469,66.58000183105469,8136,0.0,0.0
2023-01-25 10:15:00-05:00,66.5999984741211,66.7699966430664,66.55000305175781,66.63500213623047,66.63500213623047,8608,0.0,0.0
2023-01-25 10:20:00-05:00,66.63999938964844,66.68000030517578,66.51000213623047,66.5199966430664,66.5199966430664,8322,0.0,0.0
2023-01-25 10:25:00-05:00,66.55999755859375,66.61000061035156,66.52999877929688,66.54000091552734,66.54000091552734,5868,0.0,0.0
2023-01-25 10:30:00-05:00,66.55000305175781,66.55000305175781,66.36000061035156,66.36000061035156,66.36000061035156,4398,0.0,0.0
2023-01-25 10:35:00-05:00,66.30999755859375,66.37000274658203,66.12000274658203,66.12000274658203,66.12000274658203,5246,0.0,0.0
2023-01-25 10:40:00-05:00,66.1500015258789,66.19000244140625,66.11000061035156,66.11000061035156,66.11000061035156,4578,0.0,0.0
2023-01-25 10:45:00-05:00,66.08999633789062,66.16999816894531,66.08999633789062,66.13999938964844,66.13999938964844,4202,0.0,0.0
2023-01-25 10:50:00-05:00,66.0999984741211,66.2300033569336,66.0999984741211,66.2249984741211,66.2249984741211,5805,0.0,0.0
2023-01-25 10:55:00-05:00,66.22000122070312,66.37999725341797,66.19999694824219,66.37999725341797,66.37999725341797,2997,0.0,0.0
2023-01-25 11:00:00-05:00,66.38999938964844,66.44999694824219,66.38999938964844,66.44999694824219,66.44999694824219,1716,0.0,0.0
2023-01-25 11:05:00-05:00,66.41999816894531,66.44599914550781,66.27999877929688,66.31500244140625,66.31500244140625,5857,0.0,0.0
2023-01-25 11:10:00-05:00,66.30999755859375,66.36000061035156,66.27999877929688,66.3499984741211,66.3499984741211,6227,0.0,0.0
2023-01-25 11:15:00-05:00,66.32499694824219,66.47000122070312,66.3239974975586,66.47000122070312,66.47000122070312,2532,0.0,0.0
2023-01-25 11:20:00-05:00,66.4800033569336,66.62000274658203,66.4749984741211,66.5,66.5,5137,0.0,0.0
2023-01-25 11:25:00-05:00,66.48500061035156,66.52999877929688,66.43000030517578,66.52999877929688,66.52999877929688,3144,0.0,0.0
2023-01-25 11:30:00-05:00,66.48999786376953,66.54000091552734,66.44999694824219,66.5,66.5,4081,0.0,0.0
2023-01-25 11:35:00-05:00,66.51499938964844,66.51499938964844,66.43000030517578,66.4749984741211,66.4749984741211,3178,0.0,0.0
2023-01-25 11:40:00-05:00,66.4749984741211,66.4800033569336,66.37999725341797,66.4000015258789,66.4000015258789,1978,0.0,0.0
2023-01-25 11:45:00-05:00,66.38999938964844,66.48500061035156,66.38999938964844,66.48500061035156,66.48500061035156,3325,0.0,0.0
2023-01-25 11:50:00-05:00,66.5199966430664,66.62999725341797,66.5199966430664,66.62999725341797,66.62999725341797,2052,0.0,0.0
2023-01-25 11:55:00-05:00,66.63999938964844,66.70999908447266,66.5999984741211,66.5999984741211,66.5999984741211,3910,0.0,0.0
2023-01-25 12:00:00-05:00,66.62000274658203,66.62999725341797,66.55999755859375,66.55999755859375,66.55999755859375,1761,0.0,0.0
2023-01-25 12:05:00-05:00,66.55999755859375,66.63999938964844,66.55000305175781,66.63999938964844,66.63999938964844,3348,0.0,0.0
2023-01-25 12:10:00-05:00,66.62999725341797,66.63999938964844,66.56999969482422,66.63999938964844,66.63999938964844,3362,0.0,0.0
2023-01-25 12:15:00-05:00,66.6500015258789,66.69000244140625,66.62000274658203,66.66999816894531,66.66999816894531,2144,0.0,0.0
2023-01-25 12:20:00-05:00,66.6500015258789,66.6500015258789,66.56999969482422,66.58000183105469,66.58000183105469,2715,0.0,0.0
2023-01-25 12:25:00-05:00,66.58000183105469,66.5999984741211,66.58000183105469,66.58999633789062,66.58999633789062,1346,0.0,0.0
2023-01-25 12:30:00-05:00,66.5999984741211,66.66000366210938,66.5999984741211,66.66000366210938,66.66000366210938,3125,0.0,0.0
2023-01-25 12:35:00-05:00,66.69000244140625,66.72000122070312,66.66000366210938,66.67250061035156,66.67250061035156,2074,0.0,0.0
2023-01-25 12:40:00-05:00,66.70999908447266,66.72000122070312,66.68000030517578,66.68000030517578,66.68000030517578,2185,0.0,0.0
2023-01-25 12:45:00-05:00,66.68000030517578,66.68000030517578,66.6500015258789,66.66000366210938,66.66000366210938,2800,0.0,0.0
2023-01-25 12:50:00-05:00,66.68000030517578,66.69999694824219,66.66999816894531,66.6948013305664,66.6948013305664,2290,0.0,0.0
2023-01-25 12:55:00-05:00,66.66999816894531,66.66999816894531,66.63999938964844,66.66000366210938,66.66000366210938,2757,0.0,0.0
2023-01-25 13:00:00-05:00,66.65499877929688,66.75499725341797,66.6500015258789,66.69999694824219,66.69999694824219,3922,0.0,0.0
2023-01-25 13:05:00-05:00,66.69999694824219,66.72000122070312,66.69000244140625,66.72000122070312,66.72000122070312,1893,0.0,0.0
2023-01-25 13:10:00-05:00,66.73899841308594,66.81500244140625,66.72000122070312,66.7699966430664,66.7699966430664,4102,0.0,0.0
2023-01-25 13:15:00-05:00,66.79000091552734,66.80999755859375,66.77999877929688,66.79000091552734,66.79000091552734,1246,0.0,0.0
2023-01-25 13:20:00-05:00,66.77999877929688,66.94000244140625,66.77999877929688,66.94000244140625,66.94000244140625,4126,0.0,0.0
2023-01-25 13:25:00-05:00,66.95500183105469,67.0199966430664,66.94000244140625,67.0199966430664,67.0199966430664,4196,0.0,0.0
2023-01-25 13:30:00-05:00,67.00499725341797,67.00499725341797,66.91999816894531,66.93000030517578,66.93000030517578,9394,0.0,0.0
2023-01-25 13:35:00-05:00,66.93499755859375,66.93499755859375,66.88999938964844,66.88999938964844,66.88999938964844,6040,0.0,0.0
2023-01-25 13:40:00-05:00,66.8949966430664,66.91000366210938,66.81999969482422,66.81999969482422,66.81999969482422,5503,0.0,0.0
2023-01-25 13:45:00-05:00,66.83000183105469,66.94000244140625,66.83000183105469,66.92500305175781,66.92500305175781,6088,0.0,0.0
2023-01-25 13:50:00-05:00,66.91999816894531,66.91999816894531,66.81999969482422,66.86000061035156,66.86000061035156,5998,0.0,0.0
2023-01-25 13:55:00-05:00,66.87000274658203,66.9800033569336,66.87000274658203,66.9800033569336,66.9800033569336,5327,0.0,0.0
2023-01-25 14:00:00-05:00,67.01000213623047,67.01029968261719,66.94499969482422,66.94999694824219,66.94999694824219,9358,0.0,0.0
2023-01-25 14:05:00-05:00,66.95999908447266,66.98999786376953,66.95500183105469,66.9800033569336,66.9800033569336,5153,0.0,0.0
2023-01-25 14:10:00-05:00,66.9800033569336,67.16000366210938,66.97000122070312,67.06999969482422,67.06999969482422,6352,0.0,0.0
2023-01-25 14:15:00-05:00,67.08000183105469,67.11000061035156,67.05500030517578,67.06999969482422,67.06999969482422,5551,0.0,0.0
2023-01-25 14:20:00-05:00,67.07499694824219,67.08499908447266,67.0,67.0199966430664,67.0199966430664,5957,0.0,0.0
2023-01-25 14:25:00-05:00,67.01000213623047,67.01000213623047,66.94999694824219,66.9800033569336,66.9800033569336,7697,0.0,0.0
2023-01-25 14:30:00-05:00,66.97000122070312,66.9800033569336,66.81999969482422,66.81999969482422,66.81999969482422,8328,0.0,0.0
2023-01-25 14:35:00-05:00,66.80000305175781,66.9000015258789,66.80000305175781,66.9000015258789,66.9000015258789,5553,0.0,0.0
2023-01-25 14:40:00-05:00,66.88999938964844,66.98999786376953,66.88999938964844,66.98999786376953,66.98999786376953,4749,0.0,0.0
2023-01-25 14:45:00-05:00,66.97000122070312,66.9800033569336,66.91000366210938,66.9749984741211,66.9749984741211,6595,0.0,0.0
2023-01-25 14:50:00-05:00,66.9749984741211,67.05999755859375,66.9749984741211,67.0199966430664,67.0199966430664,4524,0.0,0.0
2023-01-25 14:55:00-05:00,67.01000213623047,67.0999984741211,67.01000213623047,67.03500366210938,67.03500366210938,5539,0.0,0.0
2023-01-25 15:00:00-05:00,67.04000091552734,67.16000366210938,67.04000091552734,67.16000366210938,67.16000366210938,4997,0.0,0.0
2023-01-25 15:05:00-05:00,67.13999938964844,67.21479797363281,67.13999938964844,67.21479797363281,67.21479797363281,5216,0.0,0.0
2023-01-25 15:10:00-05:00,67.22000122070312,67.22000122070312,67.06999969482422,67.0999984741211,67.0999984741211,12129,0.0,0.0
2023-01-25 15:15:00-05:00,67.12000274658203,67.12999725341797,67.05999755859375,67.12000274658203,67.12000274658203,7269,0.0,0.0
2023-01-25 15:20:00-05:00,67.13999938964844,67.1500015258789,67.08999633789062,67.1050033569336,67.1050033569336,11838,0.0,0.0
2023-01-25 15:25:00-05:00,67.11000061035156,67.19000244140625,67.11000061035156,67.16999816894531,67.16999816894531,6493,0.0,0.0
2023-01-25 15:30:00-05:00,67.18499755859375,67.23999786376953,67.16999816894531,67.20500183105469,67.20500183105469,14476,0.0,0.0
2023-01-25 15:35:00-05:00,67.20500183105469,67.26000213623047,67.16999816894531,67.25,67.25,12351,0.0,0.0
2023-01-25 15:40:00-05:00,67.25,67.30999755859375,67.24500274658203,67.26000213623047,67.26000213623047,20683,0.0,0.0
2023-01-25 15:45:00-05:00,67.26000213623047,67.29000091552734,67.18000030517578,67.19999694824219,67.19999694824219,34328,0.0,0.0
2023-01-25 15:50:00-05:00,67.19000244140625,67.23999786376953,67.06500244140625,67.125,67.125,59363,0.0,0.0
2023-01-25 15:55:00-05:00,67.12999725341797,67.19999694824219,67.04000091552734,67.05000305175781,67.05000305175781,80725,0.0,0.0
2023-01-26 09:30:00-05:00,67.45999908447266,67.69999694824219,67.29000091552734,67.30000305175781,67.30000305175781,4253,0.0,0.0
2023-01-26 09:35:00-05:00,67.3550033569336,67.4000015258789,67.18499755859375,67.33000183105469,67.33000183105469,6513,0.0,0.0
2023-01-26 09:40:00-05:00,67.4000015258789,67.4000015258789,67.08000183105469,67.08000183105469,67.08000183105469,6945,0.0,0.0
2023-01-26 09:45:00-05:00,67.07499694824219,67.19000244140625,66.98999786376953,66.98999786376953,66.98999786376953,5432,0.0,0.0
2023-01-26 09:50:00-05:00,66.91000366210938,67.02999877929688,66.8499984741211,66.93000030517578,66.93000030517578,7425,0.0,0.0
2023-01-26 09:55:00-05:00,66.91000366210938,66.97000122070312,66.69499969482422,66.69499969482422,66.69499969482422,21972,0.0,0.0
2023-01-26 10:00:00-05:00,66.72000122070312,66.72000122070312,66.46499633789062,66.46499633789062,66.46499633789062,8364,0.0,0.0
2023-01-26 10:05:00-05:00,66.47000122070312,66.54000091552734,66.41999816894531,66.44999694824219,66.44999694824219,9437,0.0,0.0
2023-01-26 10:10:00-05:00,66.47149658203125,66.84500122070312,66.47000122070312,66.7699966430664,66.7699966430664,13071,0.0,0.0
2023-01-26 10:15:00-05:00,66.81999969482422,66.86000061035156,66.7699966430664,66.7699966430664,66.7699966430664,5614,0.0,0.0
2023-01-26 10:20:00-05:00,66.7925033569336,66.8550033569336,66.79000091552734,66.81999969482422,66.81999969482422,3808,0.0,0.0
2023-01-26 10:25:00-05:00,66.80999755859375,66.86000061035156,66.77040100097656,66.80999755859375,66.80999755859375,7131,0.0,0.0
2023-01-26 10:30:00-05:00,66.80000305175781,66.81999969482422,66.71499633789062,66.7699966430664,66.7699966430664,6257,0.0,0.0
2023-01-26 10:35:00-05:00,66.7699966430664,66.7699966430664,66.54000091552734,66.56999969482422,66.56999969482422,8465,0.0,0.0
2023-01-26 10:40:00-05:00,66.55000305175781,66.58000183105469,66.48999786376953,66.54750061035156,66.54750061035156,14665,0.0,0.0
2023-01-26 10:45:00-05:00,66.51000213623047,66.55999755859375,66.51000213623047,66.55000305175781,66.55000305175781,6582,0.0,0.0
2023-01-26 10:50:00-05:00,66.52999877929688,66.58000183105469,66.4000015258789,66.43000030517578,66.43000030517578,9587,0.0,0.0
2023-01-26 10:55:00-05:00,66.45999908447266,66.4800033569336,66.4000015258789,66.4800033569336,66.4800033569336,4491,0.0,0.0
2023-01-26 11:00:00-05:00,66.44380187988281,66.55000305175781,66.44380187988281,66.54000091552734,66.54000091552734,5048,0.0,0.0
2023-01-26 11:05:00-05:00,66.52999877929688,66.52999877929688,66.44999694824219,66.48999786376953,66.48999786376953,5961,0.0,0.0
2023-01-26 11:10:00-05:00,66.51000213623047,66.55999755859375,66.48999786376953,66.54000091552734,66.54000091552734,7326,0.0,0.0
2023-01-26 11:15:00-05:00,66.55000305175781,66.55000305175781,66.44999694824219,66.44999694824219,66.44999694824219,7095,0.0,0.0
2023-01-26 11:20:00-05:00,66.44000244140625,66.44000244140625,66.23999786376953,66.23999786376953,66.23999786376953,8358,0.0,0.0
2023-01-26 11:25:00-05:00,66.30999755859375,66.3499984741211,66.29000091552734,66.3499984741211,66.3499984741211,10504,0.0,0.0
2023-01-26 11:30:00-05:00,66.36000061035156,66.44999694824219,66.30999755859375,66.3499984741211,66.3499984741211,15437,0.0,0.0
2023-01-26 11:35:00-05:00,66.30000305175781,66.38999938964844,66.25,66.25499725341797,66.25499725341797,5717,0.0,0.0
2023-01-26 11:40:00-05:00,66.23999786376953,66.30999755859375,66.23999786376953,66.26499938964844,66.26499938964844,5224,0.0,0.0
2023-01-26 11:45:00-05:00,66.26000213623047,66.27999877929688,66.23999786376953,66.23999786376953,66.23999786376953,4504,0.0,0.0
2023-01-26 11:50:00-05:00,66.27999877929688,66.27999877929688,66.22000122070312,66.26000213623047,66.26000213623047,3912,0.0,0.0
2023-01-26 11:55:00-05:00,66.23500061035156,66.27999877929688,66.23249816894531,66.2699966430664,66.2699966430664,5723,0.0,0.0
2023-01-26 12:00:00-05:00,66.26000213623047,66.45500183105469,66.26000213623047,66.43000030517578,66.43000030517578,8689,0.0,0.0
2023-01-26 12:05:00-05:00,66.43000030517578,66.47000122070312,66.41000366210938,66.44999694824219,66.44999694824219,4255,0.0,0.0
2023-01-26 12:10:00-05:00,66.45999908447266,66.47000122070312,66.41500091552734,66.42749786376953,66.42749786376953,6569,0.0,0.0
2023-01-26 12:15:00-05:00,66.41000366210938,66.44000244140625,66.37000274658203,66.37000274658203,66.37000274658203,4211,0.0,0.0
2023-01-26 12:20:00-05:00,66.4000015258789,66.42500305175781,66.375,66.4000015258789,66.4000015258789,15072,0.0,0.0
2023-01-26 12:25:00-05:00,66.41999816894531,66.43000030517578,66.37999725341797,66.4000015258789,66.4000015258789,16104,0.0,0.0
2023-01-26 12:30:00-05:00,66.38999938964844,66.41500091552734,66.3499984741211,66.40499877929688,66.40499877929688,8007,0.0,0.0
2023-01-26 12:35:00-05:00,66.4000015258789,66.41500091552734,66.37999725341797,66.4000015258789,66.4000015258789,3252,0.0,0.0
2023-01-26 12:40:00-05:00,66.4000015258789,66.41999816894531,66.33999633789062,66.33999633789062,66.33999633789062,6234,0.0,0.0
2023-01-26 12:45:00-05:00,66.37000274658203,66.37999725341797,66.26000213623047,66.30000305175781,66.30000305175781,6572,0.0,0.0
2023-01-26 12:50:00-05:00,66.33000183105469,66.37000274658203,66.31999969482422,66.33000183105469,66.33000183105469,11951,0.0,0.0
2023-01-26 12:55:00-05:00,66.3499984741211,66.43499755859375,66.33000183105469,66.33000183105469,66.33000183105469,8712,0.0,0.0
2023-01-26 13:00:00-05:00,66.36000061035156,66.43000030517578,66.30999755859375,66.43000030517578,66.43000030517578,5363,0.0,0.0
2023-01-26 13:05:00-05:00,66.43000030517578,66.43000030517578,66.26000213623047,66.30999755859375,66.30999755859375,7651,0.0,0.0
2023-01-26 13:10:00-05:00,66.33000183105469,66.33999633789062,66.27999877929688,66.30999755859375,66.30999755859375,3709,0.0,0.0
2023-01-26 13:15:00-05:00,66.27999877929688,66.31999969482422,66.2300033569336,66.24500274658203,66.24500274658203,6347,0.0,0.0
2023-01-26 13:20:00-05:00,66.26000213623047,66.30999755859375,66.23999786376953,66.30500030517578,66.30500030517578,4493,0.0,0.0
2023-01-26 13:25:00-05:00,66.33999633789062,66.37999725341797,66.30999755859375,66.33999633789062,66.33999633789062,3751,0.0,0.0
2023-01-26 13:30:00-05:00,66.34500122070312,66.37000274658203,66.31999969482422,66.33000183105469,66.33000183105469,10504,0.0,0.0
2023-01-26 13:35:00-05:00,66.33499908447266,66.44999694824219,66.31999969482422,66.4000015258789,66.4000015258789,17499,0.0,0.0
2023-01-26 13:40:00-05:00,66.40499877929688,66.45999908447266,66.38999938964844,66.4000015258789,66.4000015258789,24484,0.0,0.0
2023-01-26 13:45:00-05:00,66.41000366210938,66.51000213623047,66.4000015258789,66.41999816894531,66.41999816894531,32565,0.0,0.0
2023-01-26 13:50:00-05:00,66.43000030517578,66.4800033569336,66.41999816894531,66.43000030517578,66.43000030517578,6601,0.0,0.0
2023-01-26 13:55:00-05:00,66.41999816894531,66.5,66.375,66.45999908447266,66.45999908447266,7553,0.0,0.0
2023-01-26 14:00:00-05:00,66.44000244140625,66.44000244140625,66.30999755859375,66.31500244140625,66.31500244140625,8229,0.0,0.0
2023-01-26 14:05:00-05:00,66.33000183105469,66.33000183105469,66.25,66.27999877929688,66.27999877929688,3811,0.0,0.0
2023-01-26 14:10:00-05:00,66.26000213623047,66.33000183105469,66.2300033569336,66.2300033569336,66.2300033569336,15457,0.0,0.0
2023-01-26 14:15:00-05:00,66.22000122070312,66.22000122070312,66.12000274658203,66.19000244140625,66.19000244140625,6520,0.0,0.0
2023-01-26 14:20:00-05:00,66.19000244140625,66.20999908447266,66.13999938964844,66.1500015258789,66.1500015258789,17980,0.0,0.0
2023-01-26 14:25:00-05:00,66.1500015258789,66.1500015258789,65.9800033569336,66.0,66.0,17999,0.0,0.0
2023-01-26 14:30:00-05:00,66.01000213623047,66.16999816894531,66.0,66.16999816894531,66.16999816894531,12416,0.0,0.0
2023-01-26 14:35:00-05:00,66.18000030517578,66.30000305175781,66.18000030517578,66.25,66.25,4061,0.0,0.0
2023-01-26 14:40:00-05:00,66.25,66.27999877929688,66.19999694824219,66.2699966430664,66.2699966430664,12174,0.0,0.0
2023-01-26 14:45:00-05:00,66.29000091552734,66.29000091552734,66.2300033569336,66.23999786376953,66.23999786376953,4733,0.0,0.0
2023-01-26 14:50:00-05:00,66.2300033569336,66.2300033569336,66.19000244140625,66.19999694824219,66.19999694824219,6989,0.0,0.0
2023-01-26 14:55:00-05:00,66.19000244140625,66.27999877929688,66.19000244140625,66.27999877929688,66.27999877929688,4515,0.0,0.0
2023-01-26 15:00:00-05:00,66.2750015258789,66.2750015258789,66.2300033569336,66.23999786376953,66.23999786376953,6896,0.0,0.0
2023-01-26 15:05:00-05:00,66.24870300292969,66.24870300292969,66.19000244140625,66.2300033569336,66.2300033569336,6120,0.0,0.0
2023-01-26 15:10:00-05:00,66.23999786376953,66.3489990234375,66.22000122070312,66.33270263671875,66.33270263671875,5387,0.0,0.0
2023-01-26 15:15:00-05:00,66.33499908447266,66.36000061035156,66.30999755859375,66.3499984741211,66.3499984741211,9409,0.0,0.0
2023-01-26 15:20:00-05:00,66.34500122070312,66.34500122070312,66.25,66.27999877929688,66.27999877929688,8089,0.0,0.0
2023-01-26 15:25:00-05:00,66.27999877929688,66.30999755859375,66.2300033569336,66.2300033569336,66.2300033569336,13743,0.0,0.0
2023-01-26 15:30:00-05:00,66.20999908447266,66.20999908447266,66.08999633789062,66.12999725341797,66.12999725341797,19039,0.0,0.0
2023-01-26 15:35:00-05:00,66.12000274658203,66.22000122070312,66.0999984741211,66.21499633789062,66.21499633789062,19103,0.0,0.0
2023-01-26 15:40:00-05:00,66.25,66.28900146484375,66.20999908447266,66.26000213623047,66.26000213623047,13329,0.0,0.0
2023-01-26 15:45:00-05:00,66.26000213623047,66.44000244140625,66.26000213623047,66.44000244140625,66.44000244140625,21594,0.0,0.0
2023-01-26 15:50:00-05:00,66.44499969482422,66.58999633789062,66.4000015258789,66.48999786376953,66.48999786376953,54453,0.0,0.0
2023-01-26 15:55:00-05:00,66.4990005493164,66.63999938964844,66.4800033569336,66.61000061035156,66.61000061035156,68313,0.0,0.0
2023-01-27 09:30:00-05:00,66.38999938964844,66.38999938964844,66.31999969482422,66.31999969482422,66.31999969482422,4767,0.0,0.0
2023-01-27 09:35:00-05:00,66.54000091552734,66.61000061035156,66.5,66.5,66.5,2300,0.0,0.0
2023-01-27 09:40:00-05:00,66.55999755859375,66.5999984741211,66.45999908447266,66.51000213623047,66.51000213623047,3643,0.0,0.0
2023-01-27 09:45:00-05:00,66.62000274658203,66.7300033569336,66.56999969482422,66.66999816894531,66.66999816894531,3523,0.0,0.0
2023-01-27 09:50:00-05:00,66.69999694824219,66.77999877929688,66.68000030517578,66.69000244140625,66.69000244140625,2065,0.0,0.0
2023-01-27 09:55:00-05:00,66.66000366210938,66.7699966430664,66.58999633789062,66.6449966430664,66.6449966430664,3858,0.0,0.0
2023-01-27 10:00:00-05:00,66.68000030517578,66.91000366210938,66.62000274658203,66.91000366210938,66.91000366210938,3396,0.0,0.0
2023-01-27 10:05:00-05:00,66.91000366210938,67.07499694824219,66.91000366210938,67.07499694824219,67.07499694824219,4073,0.0,0.0
2023-01-27 10:10:00-05:00,67.11000061035156,67.12000274658203,67.05000305175781,67.12000274658203,67.12000274658203,4378,0.0,0.0
2023-01-27 10:15:00-05:00,67.125,67.19999694824219,67.08499908447266,67.08499908447266,67.08499908447266,6184,0.0,0.0
2023-01-27 10:20:00-05:00,67.08499908447266,67.12999725341797,66.98999786376953,67.0199966430664,67.0199966430664,5148,0.0,0.0
2023-01-27 10:25:00-05:00,67.06999969482422,67.16999816894531,67.02269744873047,67.1187973022461,67.1187973022461,9682,0.0,0.0
2023-01-27 10:30:00-05:00,67.13999938964844,67.23999786376953,67.12000274658203,67.18000030517578,67.18000030517578,19001,0.0,0.0
2023-01-27 10:35:00-05:00,67.18000030517578,67.27999877929688,67.18000030517578,67.19499969482422,67.19499969482422,9635,0.0,0.0
2023-01-27 10:40:00-05:00,67.16999816894531,67.18499755859375,67.05999755859375,67.0999984741211,67.0999984741211,7849,0.0,0.0
2023-01-27 10:45:00-05:00,67.08000183105469,67.12999725341797,67.01000213623047,67.04499816894531,67.04499816894531,26511,0.0,0.0
2023-01-27 10:50:00-05:00,67.06999969482422,67.10250091552734,67.00499725341797,67.08999633789062,67.08999633789062,45916,0.0,0.0
2023-01-27 10:55:00-05:00,67.05999755859375,67.05999755859375,66.94999694824219,67.0,67.0,8940,0.0,0.0
2023-01-27 11:00:00-05:00,67.0,67.04499816894531,66.95999908447266,67.04499816894531,67.04499816894531,6789,0.0,0.0
2023-01-27 11:05:00-05:00,67.08999633789062,67.12000274658203,66.95999908447266,66.98500061035156,66.98500061035156,4511,0.0,0.0
2023-01-27 11:10:00-05:00,66.98500061035156,67.03500366210938,66.97000122070312,66.97000122070312,66.97000122070312,4448,0.0,0.0
2023-01-27 11:15:00-05:00,66.97000122070312,67.22000122070312,66.97000122070312,67.16500091552734,67.16500091552734,5735,0.0,0.0
2023-01-27 11:20:00-05:00,67.16000366210938,67.19999694824219,67.12999725341797,67.12999725341797,67.12999725341797,4110,0.0,0.0
2023-01-27 11:25:00-05:00,67.1500015258789,67.2300033569336,67.13999938964844,67.18000030517578,67.18000030517578,10444,0.0,0.0
2023-01-27 11:30:00-05:00,67.16999816894531,67.20500183105469,67.1500015258789,67.16999816894531,67.16999816894531,3987,0.0,0.0
2023-01-27 11:35:00-05:00,67.1500015258789,67.20999908447266,67.13999938964844,67.16999816894531,67.16999816894531,3170,0.0,0.0
2023-01-27 11:40:00-05:00,67.20999908447266,67.25,67.19999694824219,67.25,67.25,4479,0.0,0.0
2023-01-27 11:45:00-05:00,67.23999786376953,67.30000305175781,67.2300033569336,67.30000305175781,67.30000305175781,5087,0.0,0.0
2023-01-27 11:50:00-05:00,67.29000091552734,67.29000091552734,67.11000061035156,67.11000061035156,67.11000061035156,4761,0.0,0.0
2023-01-27 11:55:00-05:00,67.06999969482422,67.17500305175781,67.06999969482422,67.16000366210938,67.16000366210938,2095,0.0,0.0
2023-01-27 12:00:00-05:00,67.18000030517578,67.18000030517578,67.05999755859375,67.05999755859375,67.05999755859375,3808,0.0,0.0
2023-01-27 12:05:00-05:00,67.05000305175781,67.07499694824219,67.0199966430664,67.02999877929688,67.02999877929688,4589,0.0,0.0
2023-01-27 12:10:00-05:00,67.05000305175781,67.08999633789062,67.04000091552734,67.07499694824219,67.07499694824219,2442,0.0,0.0
2023-01-27 12:15:00-05:00,67.05000305175781,67.13999938964844,67.05000305175781,67.13999938964844,67.13999938964844,4655,0.0,0.0
2023-01-27 12:20:00-05:00,67.12000274658203,67.12000274658203,67.05120086669922,67.06999969482422,67.06999969482422,3208,0.0,0.0
2023-01-27 12:25:00-05:00,67.08000183105469,67.16000366210938,67.05000305175781,67.13999938964844,67.13999938964844,20238,0.0,0.0
2023-01-27 12:30:00-05:00,67.13999938964844,67.26000213623047,67.12000274658203,67.26000213623047,67.26000213623047,3137,0.0,0.0
2023-01-27 12:35:00-05:00,67.30000305175781,67.4000015258789,67.29000091552734,67.4000015258789,67.4000015258789,2492,0.0,0.0
2023-01-27 12:40:00-05:00,67.38999938964844,67.38999938964844,67.2699966430664,67.27999877929688,67.27999877929688,8732,0.0,0.0
2023-01-27 12:45:00-05:00,67.30000305175781,67.46499633789062,67.30000305175781,67.46499633789062,67.46499633789062,2806,0.0,0.0
2023-01-27 12:50:00-05:00,67.47000122070312,67.66000366210938,67.44999694824219,67.51000213623047,67.51000213623047,13144,0.0,0.0
2023-01-27 12:55:00-05:00,67.5250015258789,67.5250015258789,67.4800033569336,67.4800033569336,67.4800033569336,2344,0.0,0.0
2023-01-27 13:00:00-05:00,67.4800033569336,67.51499938964844,67.47000122070312,67.4800033569336,67.4800033569336,2809,0.0,0.0
2023-01-27 13:05:00-05:00,67.48999786376953,67.48999786376953,67.43000030517578,67.4800033569336,67.4800033569336,3451,0.0,0.0
2023-01-27 13:10:00-05:00,67.44000244140625,67.44000244140625,67.4000015258789,67.43000030517578,67.43000030517578,5175,0.0,0.0
2023-01-27 13:15:00-05:00,67.41000366210938,67.44999694824219,67.37999725341797,67.44999694824219,67.44999694824219,5287,0.0,0.0
2023-01-27 13:20:00-05:00,67.44999694824219,67.47000122070312,67.43000030517578,67.44000244140625,67.44000244140625,8709,0.0,0.0
2023-01-27 13:25:00-05:00,67.45500183105469,67.45500183105469,67.37000274658203,67.4000015258789,67.4000015258789,4340,0.0,0.0
2023-01-27 13:30:00-05:00,67.38999938964844,67.45999908447266,67.37999725341797,67.45999908447266,67.45999908447266,4248,0.0,0.0
2023-01-27 13:35:00-05:00,67.48999786376953,67.5199966430664,67.4800033569336,67.5199966430664,67.5199966430664,5587,0.0,0.0
2023-01-27 13:40:00-05:00,67.54000091552734,67.55500030517578,67.41000366210938,67.4800033569336,67.4800033569336,7699,0.0,0.0
2023-01-27 13:45:00-05:00,67.4800033569336,67.5199966430664,67.44999694824219,67.5199966430664,67.5199966430664,5404,0.0,0.0
2023-01-27 13:50:00-05:00,67.5,67.52999877929688,67.48999786376953,67.5199966430664,67.5199966430664,5946,0.0,0.0
2023-01-27 13:55:00-05:00,67.5,67.51000213623047,67.45999908447266,67.51000213623047,67.51000213623047,4072,0.0,0.0
2023-01-27 14:00:00-05:00,67.50749969482422,67.62000274658203,67.50749969482422,67.55000305175781,67.55000305175781,5670,0.0,0.0
2023-01-27 14:05:00-05:00,67.56539916992188,67.56999969482422,67.47000122070312,67.52999877929688,67.52999877929688,7942,0.0,0.0
2023-01-27 14:10:00-05:00,67.5199966430664,67.56999969482422,67.5199966430664,67.56999969482422,67.56999969482422,6164,0.0,0.0
2023-01-27 14:15:00-05:00,67.56999969482422,67.62000274658203,67.44999694824219,67.46499633789062,67.46499633789062,8926,0.0,0.0
2023-01-27 14:20:00-05:00,67.46499633789062,67.5999984741211,67.44999694824219,67.58999633789062,67.58999633789062,11039,0.0,0.0
2023-01-27 14:25:00-05:00,67.56999969482422,67.6500015258789,67.56999969482422,67.58999633789062,67.58999633789062,6715,0.0,0.0
2023-01-27 14:30:00-05:00,67.62000274658203,67.63500213623047,67.58000183105469,67.58999633789062,67.58999633789062,6736,0.0,0.0
2023-01-27 14:35:00-05:00,67.61000061035156,67.66999816894531,67.58000183105469,67.66999816894531,67.66999816894531,4358,0.0,0.0
2023-01-27 14:40:00-05:00,67.66000366210938,67.69499969482422,67.62999725341797,67.69000244140625,67.69000244140625,5717,0.0,0.0
2023-01-27 14:45:00-05:00,67.69000244140625,67.76000213623047,67.68000030517578,67.76000213623047,67.76000213623047,5930,0.0,0.0
2023-01-27 14:50:00-05:00,67.76000213623047,67.76000213623047,67.62999725341797,67.66000366210938,67.66000366210938,6849,0.0,0.0
2023-01-27 14:55:00-05:00,67.6686019897461,67.71499633789062,67.66000366210938,67.66000366210938,67.66000366210938,5699,0.0,0.0
2023-01-27 15:00:00-05:00,67.63999938964844,67.7300033569336,67.63999938964844,67.70999908447266,67.70999908447266,6413,0.0,0.0
2023-01-27 15:05:00-05:00,67.73999786376953,67.82499694824219,67.73999786376953,67.77999877929688,67.77999877929688,5585,0.0,0.0
2023-01-27 15:10:00-05:00,67.75,67.77999877929688,67.62999725341797,67.63999938964844,67.63999938964844,8235,0.0,0.0
2023-01-27 15:15:00-05:00,67.63999938964844,67.68000030517578,67.5999984741211,67.6500015258789,67.6500015258789,4248,0.0,0.0
2023-01-27 15:20:00-05:00,67.6500015258789,67.6500015258789,67.55000305175781,67.62000274658203,67.62000274658203,8116,0.0,0.0
2023-01-27 15:25:00-05:00,67.58999633789062,67.58999633789062,67.4800033569336,67.5,67.5,10764,0.0,0.0
2023-01-27 15:30:00-05:00,67.53500366210938,67.58499908447266,67.5199966430664,67.58000183105469,67.58000183105469,10192,0.0,0.0
2023-01-27 15:35:00-05:00,67.56999969482422,67.56999969482422,67.5199966430664,67.55000305175781,67.55000305175781,10126,0.0,0.0
2023-01-27 15:40:00-05:00,67.55999755859375,67.62000274658203,67.52999877929688,67.52999877929688,67.52999877929688,11471,0.0,0.0
2023-01-27 15:45:00-05:00,67.5199966430664,67.5199966430664,67.41500091552734,67.41999816894531,67.41999816894531,19356,0.0,0.0
2023-01-27 15:50:00-05:00,67.41000366210938,67.41999816894531,67.23999786376953,67.2750015258789,67.2750015258789,33165,0.0,0.0
2023-01-27 15:55:00-05:00,67.2699966430664,67.31999969482422,67.16999816894531,67.22000122070312,67.22000122070312,64539,0.0,0.0
2023-01-30 09:30:00-05:00,67.08999633789062,67.47000122070312,66.91000366210938,67.47000122070312,67.47000122070312,11342,0.0,0.0
2023-01-30 09:35:00-05:00,67.2300033569336,67.43000030517578,67.2300033569336,67.41500091552734,67.41500091552734,6737,0.0,0.0
2023-01-30 09:40:00-05:00,67.47000122070312,67.54499816894531,67.38999938964844,67.43000030517578,67.43000030517578,9387,0.0,0.0
2023-01-30 09:45:00-05:00,67.47000122070312,67.56999969482422,67.41999816894531,67.56999969482422,67.56999969482422,9103,0.0,0.0
2023-01-30 09:50:00-05:00,67.5999984741211,67.63999938964844,67.43000030517578,67.45999908447266,67.45999908447266,10092,0.0,0.0
2023-01-30 09:55:00-05:00,67.47000122070312,67.62999725341797,67.47000122070312,67.62999725341797,67.62999725341797,2578,0.0,0.0
2023-01-30 10:00:00-05:00,67.63500213623047,67.6500015258789,67.56500244140625,67.57499694824219,67.57499694824219,5984,0.0,0.0
2023-01-30 10:05:00-05:00,67.58999633789062,67.70500183105469,67.58999633789062,67.62000274658203,67.62000274658203,7465,0.0,0.0
2023-01-30 10:10:00-05:00,67.6500015258789,67.65650177001953,67.52999877929688,67.53500366210938,67.53500366210938,4083,0.0,0.0
2023-01-30 10:15:00-05:00,67.56999969482422,67.58000183105469,67.4800033569336,67.55999755859375,67.55999755859375,10070,0.0,0.0
2023-01-30 10:20:00-05:00,67.55000305175781,67.57440185546875,67.51000213623047,67.5199966430664,67.5199966430664,6216,0.0,0.0
2023-01-30 10:25:00-05:00,67.53500366210938,67.55999755859375,67.44000244140625,67.5,67.5,6444,0.0,0.0
2023-01-30 10:30:00-05:00,67.51499938964844,67.51499938964844,67.31999969482422,67.37000274658203,67.37000274658203,10143,0.0,0.0
2023-01-30 10:35:00-05:00,67.37999725341797,67.38999938964844,67.25,67.2750015258789,67.2750015258789,2342,0.0,0.0
2023-01-30 10:40:00-05:00,67.25749969482422,67.30030059814453,67.18000030517578,67.18000030517578,67.18000030517578,6028,0.0,0.0
2023-01-30 10:45:00-05:00,67.16999816894531,67.30999755859375,67.16999816894531,67.30999755859375,67.30999755859375,10583,0.0,0.0
2023-01-30 10:50:00-05:00,67.29000091552734,67.36000061035156,67.19000244140625,67.19000244140625,67.19000244140625,6577,0.0,0.0
2023-01-30 10:55:00-05:00,67.2300033569336,67.27999877929688,67.19999694824219,67.27999877929688,67.27999877929688,3150,0.0,0.0
2023-01-30 11:00:00-05:00,67.2249984741211,67.26000213623047,67.22000122070312,67.26000213623047,67.26000213623047,7194,0.0,0.0
2023-01-30 11:05:00-05:00,67.25499725341797,67.25499725341797,67.19999694824219,67.2300033569336,67.2300033569336,3560,0.0,0.0
2023-01-30 11:10:00-05:00,67.20999908447266,67.31909942626953,67.20999908447266,67.31909942626953,67.31909942626953,4420,0.0,0.0
2023-01-30 11:15:00-05:00,67.31999969482422,67.3949966430664,67.29000091552734,67.33000183105469,67.33000183105469,7660,0.0,0.0
2023-01-30 11:20:00-05:00,67.30999755859375,67.31999969482422,67.18000030517578,67.18000030517578,67.18000030517578,3524,0.0,0.0
2023-01-30 11:25:00-05:00,67.16000366210938,67.20999908447266,67.08999633789062,67.20999908447266,67.20999908447266,8167,0.0,0.0
2023-01-30 11:30:00-05:00,67.2300033569336,67.25,67.08999633789062,67.1500015258789,67.1500015258789,8743,0.0,0.0
2023-01-30 11:35:00-05:00,67.1500015258789,67.20500183105469,67.1500015258789,67.16000366210938,67.16000366210938,7591,0.0,0.0
2023-01-30 11:40:00-05:00,67.17669677734375,67.19999694824219,67.16999816894531,67.16999816894531,67.16999816894531,6275,0.0,0.0
2023-01-30 11:45:00-05:00,67.1500015258789,67.19000244140625,67.0999984741211,67.13999938964844,67.13999938964844,9936,0.0,0.0
2023-01-30 11:50:00-05:00,67.11000061035156,67.16000366210938,67.05000305175781,67.05000305175781,67.05000305175781,6012,0.0,0.0
2023-01-30 11:55:00-05:00,67.0199966430664,67.05999755859375,66.94999694824219,67.05500030517578,67.05500030517578,8944,0.0,0.0
2023-01-30 12:00:00-05:00,67.05500030517578,67.05500030517578,66.9000015258789,66.91999816894531,66.91999816894531,6975,0.0,0.0
2023-01-30 12:05:00-05:00,66.91999816894531,66.93000030517578,66.81999969482422,66.81999969482422,66.81999969482422,7178,0.0,0.0
2023-01-30 12:10:00-05:00,66.81999969482422,67.0199966430664,66.81999969482422,67.01000213623047,67.01000213623047,10025,0.0,0.0
2023-01-30 12:15:00-05:00,67.01499938964844,67.02999877929688,66.88999938964844,66.94000244140625,66.94000244140625,10872,0.0,0.0
2023-01-30 12:20:00-05:00,66.93000030517578,66.94000244140625,66.86499786376953,66.86499786376953,66.86499786376953,3743,0.0,0.0
2023-01-30 12:25:00-05:00,66.83999633789062,66.87999725341797,66.80000305175781,66.87999725341797,66.87999725341797,7011,0.0,0.0
2023-01-30 12:30:00-05:00,66.87000274658203,66.91500091552734,66.8499984741211,66.91500091552734,66.91500091552734,3672,0.0,0.0
2023-01-30 12:35:00-05:00,66.9000015258789,66.9800033569336,66.9000015258789,66.94999694824219,66.94999694824219,3791,0.0,0.0
2023-01-30 12:40:00-05:00,66.95500183105469,66.9800033569336,66.91000366210938,66.97000122070312,66.97000122070312,6207,0.0,0.0
2023-01-30 12:45:00-05:00,66.97000122070312,66.97000122070312,66.91000366210938,66.93329620361328,66.93329620361328,4802,0.0,0.0
2023-01-30 12:50:00-05:00,66.93000030517578,66.95500183105469,66.9000015258789,66.91999816894531,66.91999816894531,4332,0.0,0.0
2023-01-30 12:55:00-05:00,66.91000366210938,66.91000366210938,66.87000274658203,66.8949966430664,66.8949966430664,4247,0.0,0.0
2023-01-30 13:00:00-05:00,66.88999938964844,66.88999938964844,66.83999633789062,66.87000274658203,66.87000274658203,6511,0.0,0.0
2023-01-30 13:05:00-05:00,66.875,66.90499877929688,66.86000061035156,66.86000061035156,66.86000061035156,6975,0.0,0.0
2023-01-30 13:10:00-05:00,66.88999938964844,66.9000015258789,66.86000061035156,66.86000061035156,66.86000061035156,3828,0.0,0.0
2023-01-30 13:15:00-05:00,66.87000274658203,66.9800033569336,66.83999633789062,66.9749984741211,66.9749984741211,8477,0.0,0.0
2023-01-30 13:20:00-05:00,67.01000213623047,67.02169799804688,66.98999786376953,67.02169799804688,67.02169799804688,3024,0.0,0.0
2023-01-30 13:25:00-05:00,67.0250015258789,67.04000091552734,66.94999694824219,66.97000122070312,66.97000122070312,8126,0.0,0.0
2023-01-30 13:30:00-05:00,66.9800033569336,66.9800033569336,66.93000030517578,66.95999908447266,66.95999908447266,4266,0.0,0.0
2023-01-30 13:35:00-05:00,66.94999694824219,66.9800033569336,66.91000366210938,66.9800033569336,66.9800033569336,3917,0.0,0.0
2023-01-30 13:40:00-05:00,66.97000122070312,66.97000122070312,66.87000274658203,66.92500305175781,66.92500305175781,5642,0.0,0.0
2023-01-30 13:45:00-05:00,66.93000030517578,66.9800033569336,66.91000366210938,66.9749984741211,66.9749984741211,5883,0.0,0.0
2023-01-30 13:50:00-05:00,66.9749984741211,66.98999786376953,66.87249755859375,66.94999694824219,66.94999694824219,5631,0.0,0.0
2023-01-30 13:55:00-05:00,66.96499633789062,66.9800033569336,66.93000030517578,66.9800033569336,66.9800033569336,6879,0.0,0.0
2023-01-30 14:00:00-05:00,66.9800033569336,66.9800033569336,66.93000030517578,66.93499755859375,66.93499755859375,6296,0.0,0.0
2023-01-30 14:05:00-05:00,66.95500183105469,67.00499725341797,66.91999816894531,66.92500305175781,66.92500305175781,7638,0.0,0.0
2023-01-30 14:10:00-05:00,66.92500305175781,66.94000244140625,66.80999755859375,66.80999755859375,66.80999755859375,5287,0.0,0.0
2023-01-30 14:15:00-05:00,66.80999755859375,66.81999969482422,66.77999877929688,66.81999969482422,66.81999969482422,7014,0.0,0.0
2023-01-30 14:20:00-05:00,66.81999969482422,66.86000061035156,66.76000213623047,66.76499938964844,66.76499938964844,8846,0.0,0.0
2023-01-30 14:25:00-05:00,66.76499938964844,66.84500122070312,66.73999786376953,66.81999969482422,66.81999969482422,5490,0.0,0.0
2023-01-30 14:30:00-05:00,66.83999633789062,66.90499877929688,66.81999969482422,66.8949966430664,66.8949966430664,7139,0.0,0.0
2023-01-30 14:35:00-05:00,66.9000015258789,66.95999908447266,66.86000061035156,66.93000030517578,66.93000030517578,9208,0.0,0.0
2023-01-30 14:40:00-05:00,66.9000015258789,66.94999694824219,66.88999938964844,66.94999694824219,66.94999694824219,4364,0.0,0.0
2023-01-30 14:45:00-05:00,66.93000030517578,66.93499755859375,66.83499908447266,66.83499908447266,66.83499908447266,8216,0.0,0.0
2023-01-30 14:50:00-05:00,66.81999969482422,66.88999938964844,66.81999969482422,66.86499786376953,66.86499786376953,7068,0.0,0.0
2023-01-30 14:55:00-05:00,66.8499984741211,66.9000015258789,66.8499984741211,66.87999725341797,66.87999725341797,7837,0.0,0.0
2023-01-30 15:00:00-05:00,66.875,66.8949966430664,66.87000274658203,66.87000274658203,66.87000274658203,6243,0.0,0.0
2023-01-30 15:05:00-05:00,66.87999725341797,66.88999938964844,66.70999908447266,66.7300033569336,66.7300033569336,15682,0.0,0.0
2023-01-30 15:10:00-05:00,66.72000122070312,66.77999877929688,66.68000030517578,66.7300033569336,66.7300033569336,9078,0.0,0.0
2023-01-30 15:15:00-05:00,66.72000122070312,66.75,66.68000030517578,66.73999786376953,66.73999786376953,8306,0.0,0.0
2023-01-30 15:20:00-05:00,66.7490005493164,66.7698974609375,66.70999908447266,66.72000122070312,66.72000122070312,10604,0.0,0.0
2023-01-30 15:25:00-05:00,66.7300033569336,66.75,66.69999694824219,66.72000122070312,66.72000122070312,12086,0.0,0.0
2023-01-30 15:30:00-05:00,66.68000030517578,66.77960205078125,66.66999816894531,66.7249984741211,66.7249984741211,14139,0.0,0.0
2023-01-30 15:35:00-05:00,66.72000122070312,66.81999969482422,66.72000122070312,66.80999755859375,66.80999755859375,12994,0.0,0.0
2023-01-30 15:40:00-05:00,66.81999969482422,66.83000183105469,66.68000030517578,66.68900299072266,66.68900299072266,21889,0.0,0.0
2023-01-30 15:45:00-05:00,66.68000030517578,66.70500183105469,66.55000305175781,66.58000183105469,66.58000183105469,27342,0.0,0.0
2023-01-30 15:50:00-05:00,66.55999755859375,66.62000274658203,66.4800033569336,66.49500274658203,66.49500274658203,47328,0.0,0.0
2023-01-30 15:55:00-05:00,66.4800033569336,66.62000274658203,66.44999694824219,66.55999755859375,66.55999755859375,89129,0.0,0.0
2023-01-31 09:30:00-05:00,66.87999725341797,67.75,66.87999725341797,67.75,67.75,13516,0.0,0.0
2023-01-31 09:35:00-05:00,67.69999694824219,67.69999694824219,67.2229995727539,67.33000183105469,67.33000183105469,4763,0.0,0.0
2023-01-31 09:40:00-05:00,67.33999633789062,67.38500213623047,66.95999908447266,66.95999908447266,66.95999908447266,4576,0.0,0.0
2023-01-31 09:45:00-05:00,67.06999969482422,67.18000030517578,66.80999755859375,66.9000015258789,66.9000015258789,13190,0.0,0.0
2023-01-31 09:50:00-05:00,67.02999877929688,67.75,67.02999877929688,67.62999725341797,67.62999725341797,14055,0.0,0.0
2023-01-31 09:55:00-05:00,67.58999633789062,67.58999633789062,67.30000305175781,67.30000305175781,67.30000305175781,10316,0.0,0.0
2023-01-31 10:00:00-05:00,67.30000305175781,67.5,67.12000274658203,67.33999633789062,67.33999633789062,8948,0.0,0.0
2023-01-31 10:05:00-05:00,67.33000183105469,67.55999755859375,67.30999755859375,67.36000061035156,67.36000061035156,6827,0.0,0.0
2023-01-31 10:10:00-05:00,67.37999725341797,67.59500122070312,67.2699966430664,67.59500122070312,67.59500122070312,7281,0.0,0.0
2023-01-31 10:15:00-05:00,67.6500015258789,67.6500015258789,67.44000244140625,67.54000091552734,67.54000091552734,7404,0.0,0.0
2023-01-31 10:20:00-05:00,67.48999786376953,67.58000183105469,67.33999633789062,67.55500030517578,67.55500030517578,9938,0.0,0.0
2023-01-31 10:25:00-05:00,67.52999877929688,67.52999877929688,67.41000366210938,67.48999786376953,67.48999786376953,10070,0.0,0.0
2023-01-31 10:30:00-05:00,67.52999877929688,67.56999969482422,67.41999816894531,67.41999816894531,67.41999816894531,6815,0.0,0.0
2023-01-31 10:35:00-05:00,67.43000030517578,67.43000030517578,67.12999725341797,67.12999725341797,67.12999725341797,8462,0.0,0.0
2023-01-31 10:40:00-05:00,67.13999938964844,67.16000366210938,67.0,67.13500213623047,67.13500213623047,10986,0.0,0.0
2023-01-31 10:45:00-05:00,67.14749908447266,67.26000213623047,67.12000274658203,67.2300033569336,67.2300033569336,9761,0.0,0.0
2023-01-31 10:50:00-05:00,67.23999786376953,67.2750015258789,67.16999816894531,67.20500183105469,67.20500183105469,8688,0.0,0.0
2023-01-31 10:55:00-05:00,67.18000030517578,67.33000183105469,67.1500015258789,67.29750061035156,67.29750061035156,8075,0.0,0.0
2023-01-31 11:00:00-05:00,67.33000183105469,67.4000015258789,67.33000183105469,67.38999938964844,67.38999938964844,5452,0.0,0.0
2023-01-31 11:05:00-05:00,67.37999725341797,67.41899871826172,67.33000183105469,67.3499984741211,67.3499984741211,5898,0.0,0.0
2023-01-31 11:10:00-05:00,67.33999633789062,67.43000030517578,67.30000305175781,67.41999816894531,67.41999816894531,10075,0.0,0.0
2023-01-31 11:15:00-05:00,67.37000274658203,67.38999938964844,67.20999908447266,67.2699966430664,67.2699966430664,8494,0.0,0.0
2023-01-31 11:20:00-05:00,67.25,67.37000274658203,67.23999786376953,67.31999969482422,67.31999969482422,9650,0.0,0.0
2023-01-31 11:25:00-05:00,67.30000305175781,67.31500244140625,67.25,67.28500366210938,67.28500366210938,6121,0.0,0.0
2023-01-31 11:30:00-05:00,67.30999755859375,67.68000030517578,67.30999755859375,67.5999984741211,67.5999984741211,9241,0.0,0.0
2023-01-31 11:35:00-05:00,67.6050033569336,67.62999725341797,67.55999755859375,67.56999969482422,67.56999969482422,3775,0.0,0.0
2023-01-31 11:40:00-05:00,67.55000305175781,67.63999938964844,67.5,67.55000305175781,67.55000305175781,9690,0.0,0.0
2023-01-31 11:45:00-05:00,67.54000091552734,67.62000274658203,67.45999908447266,67.48999786376953,67.48999786376953,11290,0.0,0.0
2023-01-31 11:50:00-05:00,67.47000122070312,67.7300033569336,67.45919799804688,67.63999938964844,67.63999938964844,14062,0.0,0.0
2023-01-31 11:55:00-05:00,67.6500015258789,67.7699966430664,67.6500015258789,67.76000213623047,67.76000213623047,4792,0.0,0.0
2023-01-31 12:00:00-05:00,67.76000213623047,67.80999755859375,67.70999908447266,67.75,67.75,8081,0.0,0.0
2023-01-31 12:05:00-05:00,67.75,67.75,67.66999816894531,67.68499755859375,67.68499755859375,7528,0.0,0.0
2023-01-31 12:10:00-05:00,67.6500015258789,67.6500015258789,67.56999969482422,67.58999633789062,67.58999633789062,4668,0.0,0.0
2023-01-31 12:15:00-05:00,67.5999984741211,67.79000091552734,67.5999984741211,67.7699966430664,67.7699966430664,8945,0.0,0.0
2023-01-31 12:20:00-05:00,67.80599975585938,67.80999755859375,67.62000274658203,67.62000274658203,67.62000274658203,7145,0.0,0.0
2023-01-31 12:25:00-05:00,67.62000274658203,67.6500015258789,67.56999969482422,67.56999969482422,67.56999969482422,5584,0.0,0.0
2023-01-31 12:30:00-05:00,67.58000183105469,67.72000122070312,67.57499694824219,67.70999908447266,67.70999908447266,15687,0.0,0.0
2023-01-31 12:35:00-05:00,67.70999908447266,67.83000183105469,67.69000244140625,67.83000183105469,67.83000183105469,8238,0.0,0.0
2023-01-31 12:40:00-05:00,67.81999969482422,67.94999694824219,67.79000091552734,67.81999969482422,67.81999969482422,7491,0.0,0.0
2023-01-31 12:45:00-05:00,67.83499908447266,67.8499984741211,67.7699966430664,67.77999877929688,67.77999877929688,5634,0.0,0.0
2023-01-31 12:50:00-05:00,67.77999877929688,67.81999969482422,67.74500274658203,67.74500274658203,67.74500274658203,5234,0.0,0.0
2023-01-31 12:55:00-05:00,67.72000122070312,67.72000122070312,67.65499877929688,67.70500183105469,67.70500183105469,2332,0.0,0.0
2023-01-31 13:00:00-05:00,67.7300033569336,67.83000183105469,67.72000122070312,67.83000183105469,67.83000183105469,7094,0.0,0.0
2023-01-31 13:05:00-05:00,67.81999969482422,67.8499984741211,67.80999755859375,67.80999755859375,67.80999755859375,3710,0.0,0.0
2023-01-31 13:10:00-05:00,67.80000305175781,67.81999969482422,67.7300033569336,67.7300033569336,67.7300033569336,4616,0.0,0.0
2023-01-31 13:15:00-05:00,67.7300033569336,67.7300033569336,67.62000274658203,67.62000274658203,67.62000274658203,6619,0.0,0.0
2023-01-31 13:20:00-05:00,67.6500015258789,67.69000244140625,67.55000305175781,67.55000305175781,67.55000305175781,9286,0.0,0.0
2023-01-31 13:25:00-05:00,67.55500030517578,67.5999984741211,67.54000091552734,67.58000183105469,67.58000183105469,4370,0.0,0.0
2023-01-31 13:30:00-05:00,67.5999984741211,67.66999816894531,67.58170318603516,67.6500015258789,67.6500015258789,7839,0.0,0.0
2023-01-31 13:35:00-05:00,67.66999816894531,67.73999786376953,67.66999816894531,67.72000122070312,67.72000122070312,6044,0.0,0.0
2023-01-31 13:40:00-05:00,67.7300033569336,67.78500366210938,67.7300033569336,67.74410247802734,67.74410247802734,7470,0.0,0.0
2023-01-31 13:45:00-05:00,67.71009826660156,67.87999725341797,67.71009826660156,67.83999633789062,67.83999633789062,9573,0.0,0.0
2023-01-31 13:50:00-05:00,67.86000061035156,67.86000061035156,67.79000091552734,67.80000305175781,67.80000305175781,4617,0.0,0.0
2023-01-31 13:55:00-05:00,67.81999969482422,67.84500122070312,67.77999877929688,67.84500122070312,67.84500122070312,2756,0.0,0.0
2023-01-31 14:00:00-05:00,67.86000061035156,67.87999725341797,67.83000183105469,67.83000183105469,67.83000183105469,6579,0.0,0.0
2023-01-31 14:05:00-05:00,67.81999969482422,67.83439636230469,67.72000122070312,67.7699966430664,67.7699966430664,8292,0.0,0.0
2023-01-31 14:10:00-05:00,67.7699966430664,67.77999877929688,67.68000030517578,67.70999908447266,67.70999908447266,4843,0.0,0.0
2023-01-31 14:15:00-05:00,67.69000244140625,67.7300033569336,67.62999725341797,67.62999725341797,67.62999725341797,9913,0.0,0.0
2023-01-31 14:20:00-05:00,67.63999938964844,67.76000213623047,67.63999938964844,67.76000213623047,67.76000213623047,9473,0.0,0.0
2023-01-31 14:25:00-05:00,67.75,67.80999755859375,67.72000122070312,67.72000122070312,67.72000122070312,9568,0.0,0.0
2023-01-31 14:30:00-05:00,67.72000122070312,67.7300033569336,67.69000244140625,67.69000244140625,67.69000244140625,7233,0.0,0.0
2023-01-31 14:35:00-05:00,67.69999694824219,67.70999908447266,67.51000213623047,67.55500030517578,67.55500030517578,17950,0.0,0.0
2023-01-31 14:40:00-05:00,67.56999969482422,67.69999694824219,67.55999755859375,67.69000244140625,67.69000244140625,13568,0.0,0.0
2023-01-31 14:45:00-05:00,67.69999694824219,67.73999786376953,67.63999938964844,67.7300033569336,67.7300033569336,7673,0.0,0.0
2023-01-31 14:50:00-05:00,67.7300033569336,67.80000305175781,67.69000244140625,67.77999877929688,67.77999877929688,10346,0.0,0.0
2023-01-31 14:55:00-05:00,67.7699966430664,67.77999877929688,67.68000030517578,67.68000030517578,67.68000030517578,10624,0.0,0.0
2023-01-31 15:00:00-05:00,67.68000030517578,67.75,67.68000030517578,67.70999908447266,67.70999908447266,8606,0.0,0.0
2023-01-31 15:05:00-05:00,67.69999694824219,67.73999786376953,67.5999984741211,67.62000274658203,67.62000274658203,10830,0.0,0.0
2023-01-31 15:10:00-05:00,67.58999633789062,67.58999633789062,67.4000015258789,67.51000213623047,67.51000213623047,14119,0.0,0.0
2023-01-31 15:15:00-05:00,67.5199966430664,67.58000183105469,67.4800033569336,67.48500061035156,67.48500061035156,10853,0.0,0.0
2023-01-31 15:20:00-05:00,67.5,67.6500015258789,67.5,67.61000061035156,67.61000061035156,18122,0.0,0.0
2023-01-31 15:25:00-05:00,67.62000274658203,67.66000366210938,67.56500244140625,67.63999938964844,67.63999938964844,16766,0.0,0.0
2023-01-31 15:30:00-05:00,67.63999938964844,67.69000244140625,67.5999984741211,67.66000366210938,67.66000366210938,16595,0.0,0.0
2023-01-31 15:35:00-05:00,67.68000030517578,67.76000213623047,67.63999938964844,67.7300033569336,67.7300033569336,18752,0.0,0.0
2023-01-31 15:40:00-05:00,67.73999786376953,67.83999633789062,67.73999786376953,67.83499908447266,67.83499908447266,24440,0.0,0.0
2023-01-31 15:45:00-05:00,67.86000061035156,67.93000030517578,67.8499984741211,67.87000274658203,67.87000274658203,38196,0.0,0.0
2023-01-31 15:50:00-05:00,67.88999938964844,68.11000061035156,67.88999938964844,68.08999633789062,68.08999633789062,65011,0.0,0.0
2023-01-31 15:55:00-05:00,68.08999633789062,68.33000183105469,68.05999755859375,68.33000183105469,68.33000183105469,182859,0.0,0.0
2023-02-01 09:30:00-05:00,68.27999877929688,68.5999984741211,68.0999984741211,68.5999984741211,68.5999984741211,20387,0.0,0.0
2023-02-01 09:35:00-05:00,68.55999755859375,68.6500015258789,68.43499755859375,68.5999984741211,68.5999984741211,6040,0.0,0.0
2023-02-01 09:40:00-05:00,68.65390014648438,68.70999908447266,68.38999938964844,68.47000122070312,68.47000122070312,7663,0.0,0.0
2023-02-01 09:45:00-05:00,68.44000244140625,68.98500061035156,68.44000244140625,68.95500183105469,68.95500183105469,7569,0.0,0.0
2023-02-01 09:50:00-05:00,69.05999755859375,69.18000030517578,68.94999694824219,68.94999694824219,68.94999694824219,11612,0.0,0.0
2023-02-01 09:55:00-05:00,68.9749984741211,69.1500015258789,68.87000274658203,69.1500015258789,69.1500015258789,5186,0.0,0.0
2023-02-01 10:00:00-05:00,69.08000183105469,69.12000274658203,68.80999755859375,68.86499786376953,68.86499786376953,13077,0.0,0.0
2023-02-01 10:05:00-05:00,68.8499984741211,69.11499786376953,68.8499984741211,69.11499786376953,69.11499786376953,15434,0.0,0.0
2023-02-01 10:10:00-05:00,69.16999816894531,69.2300033569336,69.08999633789062,69.2300033569336,69.2300033569336,6061,0.0,0.0
2023-02-01 10:15:00-05:00,69.16100311279297,69.23999786376953,69.08999633789062,69.2020034790039,69.2020034790039,16839,0.0,0.0
2023-02-01 10:20:00-05:00,69.22000122070312,69.2699966430664,69.1510009765625,69.2699966430664,69.2699966430664,10753,0.0,0.0
2023-02-01 10:25:00-05:00,69.36000061035156,69.55999755859375,69.3499984741211,69.54499816894531,69.54499816894531,15496,0.0,0.0
2023-02-01 10:30:00-05:00,69.56999969482422,69.91000366210938,69.5425033569336,69.88999938964844,69.88999938964844,22323,0.0,0.0
2023-02-01 10:35:00-05:00,69.90499877929688,69.91000366210938,69.63500213623047,69.63500213623047,69.63500213623047,16943,0.0,0.0
2023-02-01 10:40:00-05:00,69.63999938964844,69.69499969482422,69.33000183105469,69.33000183105469,69.33000183105469,13113,0.0,0.0
2023-02-01 10:45:00-05:00,69.33999633789062,69.54000091552734,69.33999633789062,69.44999694824219,69.44999694824219,6608,0.0,0.0
2023-02-01 10:50:00-05:00,69.43000030517578,69.43000030517578,69.23999786376953,69.30999755859375,69.30999755859375,8949,0.0,0.0
2023-02-01 10:55:00-05:00,69.29000091552734,69.48999786376953,69.29000091552734,69.41999816894531,69.41999816894531,8522,0.0,0.0
2023-02-01 11:00:00-05:00,69.44000244140625,69.6500015258789,69.44000244140625,69.6500015258789,69.6500015258789,7705,0.0,0.0
2023-02-01 11:05:00-05:00,69.68000030517578,69.69000244140625,69.62000274658203,69.66999816894531,69.66999816894531,14187,0.0,0.0
2023-02-01 11:10:00-05:00,69.69000244140625,69.73999786376953,69.6500015258789,69.7300033569336,69.7300033569336,9539,0.0,0.0
2023-02-01 11:15:00-05:00,69.7249984741211,69.73999786376953,69.54000091552734,69.56999969482422,69.56999969482422,8582,0.0,0.0
2023-02-01 11:20:00-05:00,69.57499694824219,69.5999984741211,69.43000030517578,69.5,69.5,19311,0.0,0.0
2023-02-01 11:25:00-05:00,69.49500274658203,69.69000244140625,69.49500274658203,69.68000030517578,69.68000030517578,9579,0.0,0.0
2023-02-01 11:30:00-05:00,69.69499969482422,69.75,69.6500015258789,69.6500015258789,69.6500015258789,8964,0.0,0.0
2023-02-01 11:35:00-05:00,69.6500015258789,69.77999877929688,69.58000183105469,69.77999877929688,69.77999877929688,7949,0.0,0.0
2023-02-01 11:40:00-05:00,69.75499725341797,69.75499725341797,69.66999816894531,69.69999694824219,69.69999694824219,5231,0.0,0.0
2023-02-01 11:45:00-05:00,69.7249984741211,69.79000091552734,69.70500183105469,69.70500183105469,69.70500183105469,8558,0.0,0.0
2023-02-01 11:50:00-05:00,69.69499969482422,69.72000122070312,69.6500015258789,69.70500183105469,69.70500183105469,6869,0.0,0.0
2023-02-01 11:55:00-05:00,69.70999908447266,69.70999908447266,69.52100372314453,69.52100372314453,69.52100372314453,9714,0.0,0.0
2023-02-01 12:00:00-05:00,69.5199966430664,69.52999877929688,69.44920349121094,69.46499633789062,69.46499633789062,6138,0.0,0.0
2023-02-01 12:05:00-05:00,69.43000030517578,69.43000030517578,69.30000305175781,69.30000305175781,69.30000305175781,2410,0.0,0.0
2023-02-01 12:10:00-05:00,69.30999755859375,69.36499786376953,69.25990295410156,69.25990295410156,69.25990295410156,5183,0.0,0.0
2023-02-01 12:15:00-05:00,69.27999877929688,69.36000061035156,69.2249984741211,69.2249984741211,69.2249984741211,7150,0.0,0.0
2023-02-01 12:20:00-05:00,69.19000244140625,69.29000091552734,69.18000030517578,69.29000091552734,69.29000091552734,4954,0.0,0.0
2023-02-01 12:25:00-05:00,69.29000091552734,69.30000305175781,69.2300033569336,69.2300033569336,69.2300033569336,3330,0.0,0.0
2023-02-01 12:30:00-05:00,69.26000213623047,69.31999969482422,69.20999908447266,69.25,69.25,7993,0.0,0.0
2023-02-01 12:35:00-05:00,69.22000122070312,69.30000305175781,69.1947021484375,69.25,69.25,7805,0.0,0.0
2023-02-01 12:40:00-05:00,69.25,69.25,69.08000183105469,69.08000183105469,69.08000183105469,11214,0.0,0.0
2023-02-01 12:45:00-05:00,69.0999984741211,69.1500015258789,69.08000183105469,69.08000183105469,69.08000183105469,5893,0.0,0.0
2023-02-01 12:50:00-05:00,69.10279846191406,69.19000244140625,69.08499908447266,69.16999816894531,69.16999816894531,8549,0.0,0.0
2023-02-01 12:55:00-05:00,69.18000030517578,69.18000030517578,69.05000305175781,69.05999755859375,69.05999755859375,4045,0.0,0.0
2023-02-01 13:00:00-05:00,69.04000091552734,69.19000244140625,69.01499938964844,69.1500015258789,69.1500015258789,5660,0.0,0.0
2023-02-01 13:05:00-05:00,69.18000030517578,69.29000091552734,69.18000030517578,69.29000091552734,69.29000091552734,2856,0.0,0.0
2023-02-01 13:10:00-05:00,69.25499725341797,69.3499984741211,69.22000122070312,69.31999969482422,69.31999969482422,8575,0.0,0.0
2023-02-01 13:15:00-05:00,69.30999755859375,69.36000061035156,69.30000305175781,69.33999633789062,69.33999633789062,6361,0.0,0.0
2023-02-01 13:20:00-05:00,69.38999938964844,69.3949966430664,69.29000091552734,69.29000091552734,69.29000091552734,7800,0.0,0.0
2023-02-01 13:25:00-05:00,69.30000305175781,69.30500030517578,69.23999786376953,69.23999786376953,69.23999786376953,5381,0.0,0.0
2023-02-01 13:30:00-05:00,69.26000213623047,69.37999725341797,69.26000213623047,69.36000061035156,69.36000061035156,6543,0.0,0.0
2023-02-01 13:35:00-05:00,69.36000061035156,69.38999938964844,69.33000183105469,69.37999725341797,69.37999725341797,12733,0.0,0.0
2023-02-01 13:40:00-05:00,69.41000366210938,69.58000183105469,69.41000366210938,69.45500183105469,69.45500183105469,6806,0.0,0.0
2023-02-01 13:45:00-05:00,69.42720031738281,69.42720031738281,69.33000183105469,69.37999725341797,69.37999725341797,5979,0.0,0.0
2023-02-01 13:50:00-05:00,69.41000366210938,69.45999908447266,69.4000015258789,69.44000244140625,69.44000244140625,8553,0.0,0.0
2023-02-01 13:55:00-05:00,69.43000030517578,69.6500015258789,69.43000030517578,69.62000274658203,69.62000274658203,10998,0.0,0.0
2023-02-01 14:00:00-05:00,69.62000274658203,69.62000274658203,69.26499938964844,69.43000030517578,69.43000030517578,14289,0.0,0.0
2023-02-01 14:05:00-05:00,69.45999908447266,69.68000030517578,69.43000030517578,69.58999633789062,69.58999633789062,8380,0.0,0.0
2023-02-01 14:10:00-05:00,69.56999969482422,69.63999938964844,69.54000091552734,69.54000091552734,69.54000091552734,10261,0.0,0.0
2023-02-01 14:15:00-05:00,69.58999633789062,69.58999633789062,69.45999908447266,69.56999969482422,69.56999969482422,12944,0.0,0.0
2023-02-01 14:20:00-05:00,69.5999984741211,69.68000030517578,69.57080078125,69.64990234375,69.64990234375,9812,0.0,0.0
2023-02-01 14:25:00-05:00,69.61409759521484,69.66999816894531,69.56999969482422,69.62000274658203,69.62000274658203,8976,0.0,0.0
2023-02-01 14:30:00-05:00,69.62999725341797,69.68000030517578,69.30000305175781,69.44999694824219,69.44999694824219,19104,0.0,0.0
2023-02-01 14:35:00-05:00,69.47000122070312,69.87999725341797,69.37000274658203,69.8550033569336,69.8550033569336,13831,0.0,0.0
2023-02-01 14:40:00-05:00,69.93000030517578,70.05999755859375,69.80000305175781,70.0,70.0,27024,0.0,0.0
2023-02-01 14:45:00-05:00,69.94999694824219,70.11000061035156,69.87999725341797,69.87999725341797,69.87999725341797,22819,0.0,0.0
2023-02-01 14:50:00-05:00,69.97000122070312,70.12999725341797,69.93000030517578,70.05500030517578,70.05500030517578,12728,0.0,0.0
2023-02-01 14:55:00-05:00,70.05999755859375,70.16999816894531,69.94999694824219,69.98400115966797,69.98400115966797,18418,0.0,0.0
2023-02-01 15:00:00-05:00,69.98500061035156,70.0999984741211,69.95999908447266,70.06999969482422,70.06999969482422,12318,0.0,0.0
2023-02-01 15:05:00-05:00,70.08999633789062,70.43000030517578,70.05999755859375,70.43000030517578,70.43000030517578,18649,0.0,0.0
2023-02-01 15:10:00-05:00,70.41999816894531,70.47000122070312,70.23999786376953,70.33999633789062,70.33999633789062,10555,0.0,0.0
2023-02-01 15:15:00-05:00,70.36000061035156,70.47000122070312,70.26000213623047,70.44000244140625,70.44000244140625,16736,0.0,0.0
2023-02-01 15:20:00-05:00,70.48999786376953,70.5,70.36019897460938,70.45999908447266,70.45999908447266,10165,0.0,0.0
2023-02-01 15:25:00-05:00,70.45999908447266,70.52999877929688,70.44000244140625,70.52999877929688,70.52999877929688,11786,0.0,0.0
2023-02-01 15:30:00-05:00,70.52999877929688,70.69000244140625,70.52999877929688,70.68499755859375,70.68499755859375,18313,0.0,0.0
2023-02-01 15:35:00-05:00,70.69000244140625,70.86000061035156,70.69000244140625,70.80999755859375,70.80999755859375,19834,0.0,0.0
2023-02-01 15:40:00-05:00,70.80000305175781,70.88999938964844,70.63999938964844,70.66999816894531,70.66999816894531,16555,0.0,0.0
2023-02-01 15:45:00-05:00,70.68499755859375,70.69999694824219,70.44499969482422,70.44499969482422,70.44499969482422,25984,0.0,0.0
2023-02-01 15:50:00-05:00,70.47000122070312,70.51000213623047,70.25,70.33000183105469,70.33000183105469,44863,0.0,0.0
2023-02-01 15:55:00-05:00,70.3499984741211,70.55999755859375,70.31999969482422,70.55000305175781,70.55000305175781,130117,0.0,0.0
2023-02-02 09:30:00-05:00,71.9000015258789,72.5,71.63999938964844,72.15499877929688,72.15499877929688,81663,0.0,0.0
2023-02-02 09:35:00-05:00,72.02999877929688,72.15160369873047,71.66000366210938,71.75,71.75,9242,0.0,0.0
2023-02-02 09:40:00-05:00,71.7300033569336,71.83000183105469,71.62000274658203,71.78500366210938,71.78500366210938,9391,0.0,0.0
2023-02-02 09:45:00-05:00,71.69499969482422,72.21499633789062,71.66999816894531,71.91000366210938,71.91000366210938,27811,0.0,0.0
2023-02-02 09:50:00-05:00,71.97000122070312,71.97000122070312,71.5199966430664,71.64990234375,71.64990234375,15096,0.0,0.0
2023-02-02 09:55:00-05:00,71.58999633789062,71.8499984741211,71.58999633789062,71.79149627685547,71.79149627685547,11396,0.0,0.0
2023-02-02 10:00:00-05:00,71.8499984741211,72.1500015258789,71.81999969482422,71.95999908447266,71.95999908447266,15774,0.0,0.0
2023-02-02 10:05:00-05:00,71.95999908447266,71.95999908447266,71.37000274658203,71.44000244140625,71.44000244140625,22659,0.0,0.0
2023-02-02 10:10:00-05:00,71.41809844970703,71.45999908447266,71.18000030517578,71.45999908447266,71.45999908447266,15170,0.0,0.0
2023-02-02 10:15:00-05:00,71.45999908447266,71.70999908447266,71.41999816894531,71.61689758300781,71.61689758300781,7497,0.0,0.0
2023-02-02 10:20:00-05:00,71.68000030517578,71.68000030517578,71.48999786376953,71.62999725341797,71.62999725341797,18287,0.0,0.0
2023-02-02 10:25:00-05:00,71.55999755859375,71.6500015258789,71.5199966430664,71.63999938964844,71.63999938964844,9995,0.0,0.0
2023-02-02 10:30:00-05:00,71.69000244140625,72.0,71.68000030517578,72.0,72.0,8352,0.0,0.0
2023-02-02 10:35:00-05:00,71.94309997558594,72.13999938964844,71.94309997558594,72.09500122070312,72.09500122070312,7633,0.0,0.0
2023-02-02 10:40:00-05:00,72.13999938964844,72.13999938964844,71.93000030517578,71.93000030517578,71.93000030517578,12240,0.0,0.0
2023-02-02 10:45:00-05:00,71.93499755859375,72.01000213623047,71.87000274658203,71.91999816894531,71.91999816894531,7104,0.0,0.0
2023-02-02 10:50:00-05:00,71.9000015258789,72.30999755859375,71.9000015258789,72.25,72.25,18646,0.0,0.0
2023-02-02 10:55:00-05:00,72.2699966430664,72.41000366210938,72.16000366210938,72.3499984741211,72.3499984741211,20065,0.0,0.0
2023-02-02 11:00:00-05:00,72.29000091552734,72.33000183105469,72.2300033569336,72.29000091552734,72.29000091552734,5210,0.0,0.0
2023-02-02 11:05:00-05:00,72.39430236816406,72.41999816894531,72.27999877929688,72.33499908447266,72.33499908447266,10846,0.0,0.0
2023-02-02 11:10:00-05:00,72.36000061035156,72.38999938964844,72.30000305175781,72.33999633789062,72.33999633789062,9659,0.0,0.0
2023-02-02 11:15:00-05:00,72.31999969482422,72.4000015258789,72.19999694824219,72.23999786376953,72.23999786376953,14523,0.0,0.0
2023-02-02 11:20:00-05:00,72.19000244140625,72.3499984741211,72.12999725341797,72.30000305175781,72.30000305175781,12583,0.0,0.0
2023-02-02 11:25:00-05:00,72.27999877929688,72.27999877929688,72.20999908447266,72.20999908447266,72.20999908447266,4640,0.0,0.0
2023-02-02 11:30:00-05:00,72.24949645996094,72.24949645996094,72.05000305175781,72.13279724121094,72.13279724121094,6907,0.0,0.0
2023-02-02 11:35:00-05:00,72.11640167236328,72.2699966430664,72.06999969482422,72.07499694824219,72.07499694824219,11288,0.0,0.0
2023-02-02 11:40:00-05:00,72.07499694824219,72.0999984741211,72.0199966430664,72.0199966430664,72.0199966430664,4391,0.0,0.0
2023-02-02 11:45:00-05:00,72.0,72.0,71.91000366210938,71.94999694824219,71.94999694824219,4094,0.0,0.0
2023-02-02 11:50:00-05:00,71.91000366210938,71.95500183105469,71.87000274658203,71.87000274658203,71.87000274658203,2580,0.0,0.0
2023-02-02 11:55:00-05:00,71.87999725341797,71.90499877929688,71.79000091552734,71.80000305175781,71.80000305175781,4698,0.0,0.0
2023-02-02 12:00:00-05:00,71.72000122070312,71.81999969482422,71.72000122070312,71.79000091552734,71.79000091552734,3185,0.0,0.0
2023-02-02 12:05:00-05:00,71.7300033569336,71.80000305175781,71.6500015258789,71.65499877929688,71.65499877929688,6656,0.0,0.0
2023-02-02 12:10:00-05:00,71.6449966430664,71.7300033569336,71.6449966430664,71.7300033569336,71.7300033569336,4682,0.0,0.0
2023-02-02 12:15:00-05:00,71.76000213623047,71.79000091552734,71.7300033569336,71.7300033569336,71.7300033569336,3470,0.0,0.0
2023-02-02 12:20:00-05:00,71.70999908447266,71.81999969482422,71.69999694824219,71.80000305175781,71.80000305175781,5871,0.0,0.0
2023-02-02 12:25:00-05:00,71.81999969482422,71.81999969482422,71.73999786376953,71.7750015258789,71.7750015258789,4748,0.0,0.0
2023-02-02 12:30:00-05:00,71.75,71.75990295410156,71.61000061035156,71.70500183105469,71.70500183105469,10015,0.0,0.0
2023-02-02 12:35:00-05:00,71.70500183105469,71.87000274658203,71.66999816894531,71.83999633789062,71.83999633789062,5773,0.0,0.0
2023-02-02 12:40:00-05:00,71.80999755859375,71.80999755859375,71.62999725341797,71.69999694824219,71.69999694824219,6069,0.0,0.0
2023-02-02 12:45:00-05:00,71.73999786376953,71.77999877929688,71.66999816894531,71.68000030517578,71.68000030517578,3962,0.0,0.0
2023-02-02 12:50:00-05:00,71.68000030517578,71.69999694824219,71.66999816894531,71.67500305175781,71.67500305175781,3042,0.0,0.0
2023-02-02 12:55:00-05:00,71.69000244140625,71.72000122070312,71.63999938964844,71.6489028930664,71.6489028930664,4674,0.0,0.0
2023-02-02 13:00:00-05:00,71.66999816894531,71.79000091552734,71.66999816894531,71.75,71.75,7007,0.0,0.0
2023-02-02 13:05:00-05:00,71.7699966430664,71.7699966430664,71.63999938964844,71.63999938964844,71.63999938964844,3744,0.0,0.0
2023-02-02 13:10:00-05:00,71.6449966430664,71.67500305175781,71.61000061035156,71.625,71.625,4517,0.0,0.0
2023-02-02 13:15:00-05:00,71.62000274658203,71.66999816894531,71.5999984741211,71.66000366210938,71.66000366210938,5429,0.0,0.0
2023-02-02 13:20:00-05:00,71.66000366210938,71.72000122070312,71.625,71.72000122070312,71.72000122070312,3643,0.0,0.0
2023-02-02 13:25:00-05:00,71.7300033569336,71.7300033569336,71.56999969482422,71.58999633789062,71.58999633789062,7370,0.0,0.0
2023-02-02 13:30:00-05:00,71.56999969482422,71.69999694824219,71.55500030517578,71.69999694824219,71.69999694824219,6111,0.0,0.0
2023-02-02 13:35:00-05:00,71.7300033569336,71.86000061035156,71.72000122070312,71.80999755859375,71.80999755859375,6483,0.0,0.0
2023-02-02 13:40:00-05:00,71.80049896240234,71.8499984741211,71.77999877929688,71.79499816894531,71.79499816894531,6755,0.0,0.0
2023-02-02 13:45:00-05:00,71.77770233154297,71.9000015258789,71.7699966430664,71.87449645996094,71.87449645996094,4888,0.0,0.0
2023-02-02 13:50:00-05:00,71.87999725341797,71.93000030517578,71.80999755859375,71.93000030517578,71.93000030517578,8142,0.0,0.0
2023-02-02 13:55:00-05:00,71.94000244140625,71.98999786376953,71.91999816894531,71.95999908447266,71.95999908447266,4827,0.0,0.0
2023-02-02 14:00:00-05:00,71.95500183105469,72.0,71.88999938964844,71.88999938964844,71.88999938964844,13872,0.0,0.0
2023-02-02 14:05:00-05:00,71.86499786376953,71.96499633789062,71.85009765625,71.87999725341797,71.87999725341797,7146,0.0,0.0
2023-02-02 14:10:00-05:00,71.86499786376953,71.86499786376953,71.69499969482422,71.69499969482422,71.69499969482422,4217,0.0,0.0
2023-02-02 14:15:00-05:00,71.69499969482422,71.69499969482422,71.62999725341797,71.65499877929688,71.65499877929688,4596,0.0,0.0
2023-02-02 14:20:00-05:00,71.63999938964844,71.73999786376953,71.61000061035156,71.6500015258789,71.6500015258789,9410,0.0,0.0
2023-02-02 14:25:00-05:00,71.63999938964844,71.77999877929688,71.58999633789062,71.77999877929688,71.77999877929688,9918,0.0,0.0
2023-02-02 14:30:00-05:00,71.80000305175781,71.8375015258789,71.66999816894531,71.66999816894531,71.66999816894531,8034,0.0,0.0
2023-02-02 14:35:00-05:00,71.69000244140625,71.7300033569336,71.57499694824219,71.62999725341797,71.62999725341797,6720,0.0,0.0
2023-02-02 14:40:00-05:00,71.62000274658203,71.62000274658203,71.54000091552734,71.57499694824219,71.57499694824219,5365,0.0,0.0
2023-02-02 14:45:00-05:00,71.5999984741211,71.61499786376953,71.54000091552734,71.61499786376953,71.61499786376953,7192,0.0,0.0
2023-02-02 14:50:00-05:00,71.62999725341797,71.62999725341797,71.44499969482422,71.48999786376953,71.48999786376953,5999,0.0,0.0
2023-02-02 14:55:00-05:00,71.44999694824219,71.47000122070312,71.38999938964844,71.38999938964844,71.38999938964844,25967,0.0,0.0
2023-02-02 15:00:00-05:00,71.36029815673828,71.43000030517578,71.26000213623047,71.3550033569336,71.3550033569336,15321,0.0,0.0
2023-02-02 15:05:00-05:00,71.37999725341797,71.4749984741211,71.31999969482422,71.33000183105469,71.33000183105469,24368,0.0,0.0
2023-02-02 15:10:00-05:00,71.3499984741211,71.41999816894531,71.3499984741211,71.4000015258789,71.4000015258789,19408,0.0,0.0
2023-02-02 15:15:00-05:00,71.40499877929688,71.52999877929688,71.37000274658203,71.52999877929688,71.52999877929688,15319,0.0,0.0
2023-02-02 15:20:00-05:00,71.54499816894531,71.6500015258789,71.46499633789062,71.5199966430664,71.5199966430664,23813,0.0,0.0
2023-02-02 15:25:00-05:00,71.5199966430664,71.58999633789062,71.42500305175781,71.46499633789062,71.46499633789062,35322,0.0,0.0
2023-02-02 15:30:00-05:00,71.46499633789062,71.55000305175781,71.46499633789062,71.55000305175781,71.55000305175781,17874,0.0,0.0
2023-02-02 15:35:00-05:00,71.55000305175781,71.62000274658203,71.45999908447266,71.48999786376953,71.48999786376953,25399,0.0,0.0
2023-02-02 15:40:00-05:00,71.48750305175781,71.51000213623047,71.37000274658203,71.37999725341797,71.37999725341797,22309,0.0,0.0
2023-02-02 15:45:00-05:00,71.37000274658203,71.38999938964844,71.2699966430664,71.29000091552734,71.29000091552734,30029,0.0,0.0
2023-02-02 15:50:00-05:00,71.30000305175781,71.36499786376953,71.20999908447266,71.2300033569336,71.2300033569336,64606,0.0,0.0
2023-02-02 15:55:00-05:00,71.20999908447266,71.41999816894531,71.19000244140625,71.41999816894531,71.41999816894531,97156,0.0,0.0
2023-02-03 09:30:00-05:00,70.80999755859375,71.0,70.80999755859375,71.0,71.0,9463,0.0,0.0
2023-02-03 09:35:00-05:00,71.13500213623047,71.25499725341797,71.09500122070312,71.25499725341797,71.25499725341797,2842,0.0,0.0
2023-02-03 09:40:00-05:00,71.20999908447266,71.20999908447266,71.11000061035156,71.16000366210938,71.16000366210938,1708,0.0,0.0
2023-02-03 09:45:00-05:00,71.12999725341797,71.19999694824219,71.06999969482422,71.06999969482422,71.06999969482422,4033,0.0,0.0
2023-02-03 09:50:00-05:00,71.02999877929688,71.02999877929688,70.875,71.0199966430664,71.0199966430664,5457,0.0,0.0
2023-02-03 09:55:00-05:00,71.02999877929688,71.04000091552734,70.97650146484375,71.0,71.0,1582,0.0,0.0
2023-02-03 10:00:00-05:00,70.94000244140625,71.13999938964844,70.76000213623047,71.05000305175781,71.05000305175781,5349,0.0,0.0
2023-02-03 10:05:00-05:00,71.05000305175781,71.11499786376953,70.95999908447266,71.11000061035156,71.11000061035156,5193,0.0,0.0
2023-02-03 10:10:00-05:00,71.05999755859375,71.12999725341797,70.98999786376953,71.08499908447266,71.08499908447266,15066,0.0,0.0
2023-02-03 10:15:00-05:00,71.11000061035156,71.23999786376953,71.0999984741211,71.0999984741211,71.0999984741211,6293,0.0,0.0
2023-02-03 10:20:00-05:00,71.12999725341797,71.2300033569336,71.05000305175781,71.20999908447266,71.20999908447266,6925,0.0,0.0
2023-02-03 10:25:00-05:00,71.21499633789062,71.2300033569336,71.08000183105469,71.08000183105469,71.08000183105469,9280,0.0,0.0
2023-02-03 10:30:00-05:00,71.12000274658203,71.22000122070312,71.1050033569336,71.16999816894531,71.16999816894531,6089,0.0,0.0
2023-02-03 10:35:00-05:00,71.17500305175781,71.36000061035156,71.12000274658203,71.36000061035156,71.36000061035156,9447,0.0,0.0
2023-02-03 10:40:00-05:00,71.37999725341797,71.41999816894531,71.30500030517578,71.37999725341797,71.37999725341797,11020,0.0,0.0
2023-02-03 10:45:00-05:00,71.37999725341797,71.41999816894531,71.29000091552734,71.41999816894531,71.41999816894531,10914,0.0,0.0
2023-02-03 10:50:00-05:00,71.31999969482422,71.31999969482422,71.22000122070312,71.2699966430664,71.2699966430664,4180,0.0,0.0
2023-02-03 10:55:00-05:00,71.23999786376953,71.31999969482422,71.19000244140625,71.30000305175781,71.30000305175781,6328,0.0,0.0
2023-02-03 11:00:00-05:00,71.30000305175781,71.31999969482422,71.26000213623047,71.26000213623047,71.26000213623047,6540,0.0,0.0
2023-02-03 11:05:00-05:00,71.26000213623047,71.29000091552734,71.1500015258789,71.18499755859375,71.18499755859375,7726,0.0,0.0
2023-02-03 11:10:00-05:00,71.19999694824219,71.3499984741211,71.19499969482422,71.3499984741211,71.3499984741211,6227,0.0,0.0
2023-02-03 11:15:00-05:00,71.37999725341797,71.40080261230469,71.25,71.25,71.25,9606,0.0,0.0
2023-02-03 11:20:00-05:00,71.25499725341797,71.36000061035156,71.21499633789062,71.36000061035156,71.36000061035156,7694,0.0,0.0
2023-02-03 11:25:00-05:00,71.3499984741211,71.41000366210938,71.29499816894531,71.41000366210938,71.41000366210938,6623,0.0,0.0
2023-02-03 11:30:00-05:00,71.41999816894531,71.48999786376953,71.41000366210938,71.41000366210938,71.41000366210938,3827,0.0,0.0
2023-02-03 11:35:00-05:00,71.38999938964844,71.43000030517578,71.18000030517578,71.2300033569336,71.2300033569336,8337,0.0,0.0
2023-02-03 11:40:00-05:00,71.23999786376953,71.30999755859375,71.22000122070312,71.22000122070312,71.22000122070312,5036,0.0,0.0
2023-02-03 11:45:00-05:00,71.2249984741211,71.27999877929688,71.02999877929688,71.04000091552734,71.04000091552734,7484,0.0,0.0
2023-02-03 11:50:00-05:00,71.04000091552734,71.13999938964844,71.0199966430664,71.13500213623047,71.13500213623047,4796,0.0,0.0
2023-02-03 11:55:00-05:00,71.12000274658203,71.13999938964844,71.05000305175781,71.05000305175781,71.05000305175781,4034,0.0,0.0
2023-02-03 12:00:00-05:00,71.05500030517578,71.1449966430664,71.05500030517578,71.13500213623047,71.13500213623047,3963,0.0,0.0
2023-02-03 12:05:00-05:00,71.12999725341797,71.15499877929688,71.11000061035156,71.11000061035156,71.11000061035156,5767,0.0,0.0
2023-02-03 12:10:00-05:00,71.1050033569336,71.21499633789062,71.1050033569336,71.21499633789062,71.21499633789062,5279,0.0,0.0
2023-02-03 12:15:00-05:00,71.2300033569336,71.25279998779297,71.22000122070312,71.22000122070312,71.22000122070312,3933,0.0,0.0
2023-02-03 12:20:00-05:00,71.2249984741211,71.31999969482422,71.22000122070312,71.30999755859375,71.30999755859375,5965,0.0,0.0
2023-02-03 12:25:00-05:00,71.27999877929688,71.32499694824219,71.25,71.25,71.25,6188,0.0,0.0
2023-02-03 12:30:00-05:00,71.23999786376953,71.25,71.20999908447266,71.2300033569336,71.2300033569336,3149,0.0,0.0
2023-02-03 12:35:00-05:00,71.20999908447266,71.2699966430664,71.20999908447266,71.26000213623047,71.26000213623047,6003,0.0,0.0
2023-02-03 12:40:00-05:00,71.25,71.29000091552734,71.25,71.2699966430664,71.2699966430664,2184,0.0,0.0
2023-02-03 12:45:00-05:00,71.2750015258789,71.2750015258789,71.2249984741211,71.2249984741211,71.2249984741211,5214,0.0,0.0
2023-02-03 12:50:00-05:00,71.20500183105469,71.2300033569336,71.1449966430664,71.18000030517578,71.18000030517578,5963,0.0,0.0
2023-02-03 12:55:00-05:00,71.16000366210938,71.16999816894531,70.91000366210938,70.91000366210938,70.91000366210938,4530,0.0,0.0
2023-02-03 13:00:00-05:00,70.92500305175781,70.98999786376953,70.92500305175781,70.95999908447266,70.95999908447266,6644,0.0,0.0
2023-02-03 13:05:00-05:00,70.97000122070312,70.98999786376953,70.80000305175781,70.80000305175781,70.80000305175781,6685,0.0,0.0
2023-02-03 13:10:00-05:00,70.79000091552734,70.84500122070312,70.77999877929688,70.84500122070312,70.84500122070312,6672,0.0,0.0
2023-02-03 13:15:00-05:00,70.86000061035156,70.91000366210938,70.847900390625,70.88999938964844,70.88999938964844,5127,0.0,0.0
2023-02-03 13:20:00-05:00,70.88999938964844,70.97000122070312,70.87000274658203,70.87000274658203,70.87000274658203,5463,0.0,0.0
2023-02-03 13:25:00-05:00,70.91999816894531,70.95999908447266,70.89649963378906,70.91000366210938,70.91000366210938,8125,0.0,0.0
2023-02-03 13:30:00-05:00,70.91999816894531,70.91999816894531,70.80999755859375,70.8499984741211,70.8499984741211,7670,0.0,0.0
2023-02-03 13:35:00-05:00,70.83000183105469,71.01000213623047,70.81999969482422,70.98999786376953,70.98999786376953,8500,0.0,0.0
2023-02-03 13:40:00-05:00,71.04000091552734,71.12999725341797,71.04000091552734,71.05999755859375,71.05999755859375,13238,0.0,0.0
2023-02-03 13:45:00-05:00,71.04000091552734,71.13999938964844,71.0,71.11000061035156,71.11000061035156,7710,0.0,0.0
2023-02-03 13:50:00-05:00,71.12999725341797,71.23999786376953,71.12999725341797,71.23999786376953,71.23999786376953,4457,0.0,0.0
2023-02-03 13:55:00-05:00,71.18499755859375,71.18499755859375,71.08999633789062,71.08999633789062,71.08999633789062,5944,0.0,0.0
2023-02-03 14:00:00-05:00,71.08499908447266,71.19999694824219,71.07649993896484,71.19000244140625,71.19000244140625,9677,0.0,0.0
2023-02-03 14:05:00-05:00,71.19139862060547,71.2300033569336,71.13359832763672,71.13999938964844,71.13999938964844,5338,0.0,0.0
2023-02-03 14:10:00-05:00,71.13999938964844,71.19000244140625,71.0999984741211,71.19000244140625,71.19000244140625,7948,0.0,0.0
2023-02-03 14:15:00-05:00,71.19000244140625,71.19000244140625,71.04000091552734,71.04000091552734,71.04000091552734,7402,0.0,0.0
2023-02-03 14:20:00-05:00,71.05000305175781,71.13500213623047,71.05000305175781,71.125,71.125,6237,0.0,0.0
2023-02-03 14:25:00-05:00,71.13999938964844,71.21499633789062,71.08999633789062,71.21499633789062,71.21499633789062,5566,0.0,0.0
2023-02-03 14:30:00-05:00,71.18000030517578,71.23999786376953,71.12000274658203,71.22000122070312,71.22000122070312,5530,0.0,0.0
2023-02-03 14:35:00-05:00,71.22000122070312,71.37999725341797,71.22000122070312,71.33999633789062,71.33999633789062,5267,0.0,0.0
2023-02-03 14:40:00-05:00,71.3499984741211,71.3499984741211,71.22000122070312,71.31500244140625,71.31500244140625,6976,0.0,0.0
2023-02-03 14:45:00-05:00,71.29000091552734,71.30000305175781,71.26000213623047,71.27999877929688,71.27999877929688,5736,0.0,0.0
2023-02-03 14:50:00-05:00,71.27999877929688,71.31999969482422,71.23999786376953,71.29000091552734,71.29000091552734,6360,0.0,0.0
2023-02-03 14:55:00-05:00,71.30000305175781,71.30000305175781,71.16999816894531,71.21499633789062,71.21499633789062,6857,0.0,0.0
2023-02-03 15:00:00-05:00,71.19999694824219,71.19999694824219,71.0999984741211,71.1500015258789,71.1500015258789,5157,0.0,0.0
2023-02-03 15:05:00-05:00,71.12000274658203,71.20999908447266,71.09500122070312,71.19999694824219,71.19999694824219,6219,0.0,0.0
2023-02-03 15:10:00-05:00,71.19000244140625,71.27999877929688,71.13999938964844,71.27999877929688,71.27999877929688,10563,0.0,0.0
2023-02-03 15:15:00-05:00,71.26000213623047,71.40499877929688,71.25,71.40499877929688,71.40499877929688,6649,0.0,0.0
2023-02-03 15:20:00-05:00,71.43000030517578,71.43000030517578,71.31999969482422,71.36000061035156,71.36000061035156,8835,0.0,0.0
2023-02-03 15:25:00-05:00,71.37000274658203,71.43000030517578,71.33999633789062,71.33999633789062,71.33999633789062,7548,0.0,0.0
2023-02-03 15:30:00-05:00,71.3499984741211,71.43000030517578,71.27999877929688,71.27999877929688,71.27999877929688,14574,0.0,0.0
2023-02-03 15:35:00-05:00,71.26000213623047,71.29000091552734,71.16000366210938,71.19000244140625,71.19000244140625,13190,0.0,0.0
2023-02-03 15:40:00-05:00,71.16999816894531,71.2300033569336,71.08999633789062,71.08999633789062,71.08999633789062,15595,0.0,0.0
2023-02-03 15:45:00-05:00,71.08000183105469,71.125,71.0199966430664,71.02999877929688,71.02999877929688,20537,0.0,0.0
2023-02-03 15:50:00-05:00,71.02999877929688,71.25,71.0199966430664,71.25,71.25,45535,0.0,0.0
2023-02-03 15:55:00-05:00,71.25,71.30999755859375,71.1500015258789,71.30999755859375,71.30999755859375,68720,0.0,0.0
2023-02-06 09:30:00-05:00,70.7699966430664,71.17990112304688,70.7699966430664,71.0,71.0,5622,0.0,0.0
2023-02-06 09:35:00-05:00,71.06500244140625,71.26000213623047,70.98999786376953,71.26000213623047,71.26000213623047,7773,0.0,0.0
2023-02-06 09:40:00-05:00,71.20999908447266,71.20999908447266,70.99500274658203,71.03990173339844,71.03990173339844,8033,0.0,0.0
2023-02-06 09:45:00-05:00,70.99500274658203,71.1500015258789,70.93000030517578,71.1500015258789,71.1500015258789,16137,0.0,0.0
2023-02-06 09:50:00-05:00,71.12000274658203,71.30999755859375,71.08999633789062,71.16500091552734,71.16500091552734,5949,0.0,0.0
2023-02-06 09:55:00-05:00,71.20999908447266,71.26000213623047,71.0,71.0,71.0,5597,0.0,0.0
2023-02-06 10:00:00-05:00,71.01000213623047,71.0999984741211,70.93000030517578,71.01000213623047,71.01000213623047,31090,0.0,0.0
2023-02-06 10:05:00-05:00,71.0,71.09809875488281,70.98999786376953,71.09809875488281,71.09809875488281,2091,0.0,0.0
2023-02-06 10:10:00-05:00,71.0199966430664,71.05999755859375,71.01000213623047,71.02999877929688,71.02999877929688,2629,0.0,0.0
2023-02-06 10:15:00-05:00,71.02999877929688,71.08999633789062,71.0199966430664,71.02999877929688,71.02999877929688,4244,0.0,0.0
2023-02-06 10:20:00-05:00,71.04000091552734,71.04499816894531,70.97000122070312,70.97000122070312,70.97000122070312,17346,0.0,0.0
2023-02-06 10:25:00-05:00,70.97000122070312,70.99579620361328,70.9000015258789,70.95999908447266,70.95999908447266,76185,0.0,0.0
2023-02-06 10:30:00-05:00,70.94000244140625,70.98999786376953,70.93000030517578,70.93000030517578,70.93000030517578,5415,0.0,0.0
2023-02-06 10:35:00-05:00,70.94999694824219,71.06999969482422,70.94000244140625,71.0250015258789,71.0250015258789,10609,0.0,0.0
2023-02-06 10:40:00-05:00,71.04000091552734,71.08000183105469,71.04000091552734,71.07499694824219,71.07499694824219,2763,0.0,0.0
2023-02-06 10:45:00-05:00,71.07499694824219,71.12999725341797,71.07499694824219,71.11000061035156,71.11000061035156,1772,0.0,0.0
2023-02-06 10:50:00-05:00,71.1500015258789,71.29499816894531,71.1500015258789,71.29499816894531,71.29499816894531,3038,0.0,0.0
2023-02-06 10:55:00-05:00,71.29000091552734,71.29000091552734,71.25,71.27300262451172,71.27300262451172,3686,0.0,0.0
2023-02-06 11:00:00-05:00,71.25,71.2699966430664,71.23999786376953,71.23999786376953,71.23999786376953,2746,0.0,0.0
2023-02-06 11:05:00-05:00,71.25,71.33999633789062,71.16999816894531,71.16999816894531,71.16999816894531,18885,0.0,0.0
2023-02-06 11:10:00-05:00,71.16999816894531,71.2300033569336,71.16999816894531,71.18000030517578,71.18000030517578,1541,0.0,0.0
2023-02-06 11:15:00-05:00,71.2300033569336,71.2699966430664,71.20999908447266,71.26000213623047,71.26000213623047,4231,0.0,0.0
2023-02-06 11:20:00-05:00,71.25499725341797,71.25499725341797,71.2313003540039,71.25499725341797,71.25499725341797,1622,0.0,0.0
2023-02-06 11:25:00-05:00,71.26000213623047,71.26000213623047,71.2249984741211,71.2300033569336,71.2300033569336,3224,0.0,0.0
2023-02-06 11:30:00-05:00,71.24500274658203,71.26000213623047,71.24500274658203,71.25,71.25,1637,0.0,0.0
2023-02-06 11:35:00-05:00,71.23999786376953,71.23999786376953,71.19000244140625,71.19000244140625,71.19000244140625,8868,0.0,0.0
2023-02-06 11:40:00-05:00,71.13999938964844,71.16500091552734,71.13999938964844,71.16500091552734,71.16500091552734,1976,0.0,0.0
2023-02-06 11:45:00-05:00,71.16000366210938,71.19999694824219,71.12000274658203,71.18000030517578,71.18000030517578,7581,0.0,0.0
2023-02-06 11:50:00-05:00,71.16999816894531,71.20999908447266,71.1500015258789,71.1500015258789,71.1500015258789,7358,0.0,0.0
2023-02-06 11:55:00-05:00,71.1500015258789,71.17500305175781,71.04000091552734,71.08000183105469,71.08000183105469,46543,0.0,0.0
2023-02-06 12:00:00-05:00,71.0999984741211,71.0999984741211,71.05000305175781,71.05999755859375,71.05999755859375,6982,0.0,0.0
2023-02-06 12:05:00-05:00,71.08000183105469,71.16999816894531,71.07499694824219,71.16999816894531,71.16999816894531,5517,0.0,0.0
2023-02-06 12:10:00-05:00,71.16000366210938,71.16000366210938,71.08000183105469,71.0801010131836,71.0801010131836,6947,0.0,0.0
2023-02-06 12:15:00-05:00,71.06999969482422,71.06999969482422,71.01000213623047,71.01000213623047,71.01000213623047,1960,0.0,0.0
2023-02-06 12:20:00-05:00,71.01000213623047,71.05999755859375,70.98999786376953,71.05999755859375,71.05999755859375,17253,0.0,0.0
2023-02-06 12:25:00-05:00,71.05999755859375,71.10549926757812,71.0199966430664,71.05850219726562,71.05850219726562,11006,0.0,0.0
2023-02-06 12:30:00-05:00,71.05999755859375,71.12000274658203,71.05000305175781,71.06500244140625,71.06500244140625,10528,0.0,0.0
2023-02-06 12:35:00-05:00,71.06500244140625,71.12000274658203,71.04000091552734,71.11499786376953,71.11499786376953,3731,0.0,0.0
2023-02-06 12:40:00-05:00,71.12999725341797,71.16000366210938,71.05999755859375,71.08000183105469,71.08000183105469,17167,0.0,0.0
2023-02-06 12:45:00-05:00,71.08999633789062,71.23999786376953,71.08999633789062,71.22000122070312,71.22000122070312,7546,0.0,0.0
2023-02-06 12:50:00-05:00,71.20999908447266,71.30000305175781,71.19000244140625,71.25,71.25,11207,0.0,0.0
2023-02-06 12:55:00-05:00,71.20999908447266,71.20999908447266,71.1449966430664,71.18000030517578,71.18000030517578,7017,0.0,0.0
2023-02-06 13:00:00-05:00,71.1500015258789,71.20500183105469,71.06500244140625,71.18000030517578,71.18000030517578,33098,0.0,0.0
2023-02-06 13:05:00-05:00,71.20999908447266,71.25,71.13999938964844,71.17500305175781,71.17500305175781,4160,0.0,0.0
2023-02-06 13:10:00-05:00,71.1500015258789,71.18000030517578,71.06999969482422,71.15499877929688,71.15499877929688,9309,0.0,0.0
2023-02-06 13:15:00-05:00,71.16000366210938,71.22000122070312,71.12999725341797,71.21499633789062,71.21499633789062,6424,0.0,0.0
2023-02-06 13:20:00-05:00,71.2300033569336,71.30999755859375,71.16000366210938,71.29000091552734,71.29000091552734,19959,0.0,0.0
2023-02-06 13:25:00-05:00,71.29010009765625,71.30999755859375,71.0999984741211,71.0999984741211,71.0999984741211,6707,0.0,0.0
2023-02-06 13:30:00-05:00,71.0999984741211,71.12000274658203,71.05000305175781,71.07499694824219,71.07499694824219,3770,0.0,0.0
2023-02-06 13:35:00-05:00,71.0999984741211,71.16999816894531,71.0999984741211,71.16000366210938,71.16000366210938,6899,0.0,0.0
2023-02-06 13:40:00-05:00,71.13999938964844,71.13999938964844,71.02999877929688,71.11000061035156,71.11000061035156,8869,0.0,0.0
2023-02-06 13:45:00-05:00,71.1050033569336,71.11000061035156,71.05999755859375,71.1050033569336,71.1050033569336,4607,0.0,0.0
2023-02-06 13:50:00-05:00,71.09500122070312,71.13999938964844,71.05999755859375,71.06999969482422,71.06999969482422,4353,0.0,0.0
2023-02-06 13:55:00-05:00,71.05000305175781,71.13999938964844,71.05000305175781,71.12000274658203,71.12000274658203,8618,0.0,0.0
2023-02-06 14:00:00-05:00,71.12999725341797,71.15499877929688,71.12999725341797,71.15499877929688,71.15499877929688,2841,0.0,0.0
2023-02-06 14:05:00-05:00,71.15499877929688,71.15499877929688,71.0999984741211,71.1050033569336,71.1050033569336,3041,0.0,0.0
2023-02-06 14:10:00-05:00,71.1050033569336,71.13999938964844,71.08499908447266,71.13999938964844,71.13999938964844,5060,0.0,0.0
2023-02-06 14:15:00-05:00,71.1500015258789,71.20999908447266,71.13999938964844,71.20999908447266,71.20999908447266,3977,0.0,0.0
2023-02-06 14:20:00-05:00,71.20500183105469,71.20500183105469,71.1050033569336,71.1050033569336,71.1050033569336,3865,0.0,0.0
2023-02-06 14:25:00-05:00,71.0999984741211,71.12999725341797,71.0999984741211,71.12000274658203,71.12000274658203,3986,0.0,0.0
2023-02-06 14:30:00-05:00,71.125,71.125,71.01499938964844,71.0250015258789,71.0250015258789,3377,0.0,0.0
2023-02-06 14:35:00-05:00,71.02999877929688,71.03500366210938,71.01000213623047,71.0199966430664,71.0199966430664,4591,0.0,0.0
2023-02-06 14:40:00-05:00,71.0250015258789,71.05999755859375,71.0,71.05999755859375,71.05999755859375,3894,0.0,0.0
2023-02-06 14:45:00-05:00,71.05999755859375,71.05999755859375,70.93000030517578,70.93000030517578,70.93000030517578,20227,0.0,0.0
2023-02-06 14:50:00-05:00,70.93000030517578,70.98999786376953,70.875,70.98999786376953,70.98999786376953,6996,0.0,0.0
2023-02-06 14:55:00-05:00,71.0,71.05999755859375,70.99500274658203,71.05000305175781,71.05000305175781,8941,0.0,0.0
2023-02-06 15:00:00-05:00,71.05249786376953,71.0999984741211,71.04000091552734,71.0999984741211,71.0999984741211,3751,0.0,0.0
2023-02-06 15:05:00-05:00,71.08000183105469,71.08000183105469,70.9800033569336,70.98999786376953,70.98999786376953,6214,0.0,0.0
2023-02-06 15:10:00-05:00,71.0,71.00499725341797,70.94499969482422,70.94499969482422,70.94499969482422,8217,0.0,0.0
2023-02-06 15:15:00-05:00,70.94000244140625,70.98999786376953,70.91000366210938,70.94999694824219,70.94999694824219,10367,0.0,0.0
2023-02-06 15:20:00-05:00,70.94499969482422,70.95500183105469,70.80000305175781,70.80999755859375,70.80999755859375,7678,0.0,0.0
2023-02-06 15:25:00-05:00,70.80999755859375,70.875,70.7699966430664,70.875,70.875,8452,0.0,0.0
2023-02-06 15:30:00-05:00,70.86000061035156,70.91000366210938,70.81999969482422,70.87680053710938,70.87680053710938,10571,0.0,0.0
2023-02-06 15:35:00-05:00,70.91999816894531,71.0,70.91999816894531,70.94000244140625,70.94000244140625,13947,0.0,0.0
2023-02-06 15:40:00-05:00,70.93000030517578,70.98999786376953,70.86000061035156,70.86499786376953,70.86499786376953,13555,0.0,0.0
2023-02-06 15:45:00-05:00,70.86000061035156,70.93000030517578,70.81999969482422,70.87999725341797,70.87999725341797,17556,0.0,0.0
2023-02-06 15:50:00-05:00,70.88999938964844,71.12000274658203,70.88999938964844,71.0999984741211,71.0999984741211,42671,0.0,0.0
2023-02-06 15:55:00-05:00,71.06999969482422,71.0999984741211,70.91999816894531,70.9800033569336,70.9800033569336,62200,0.0,0.0
2023-02-07 09:30:00-05:00,70.51000213623047,70.51000213623047,70.37999725341797,70.4749984741211,70.4749984741211,9736,0.0,0.0
2023-02-07 09:35:00-05:00,70.55000305175781,70.71499633789062,70.4800033569336,70.63999938964844,70.63999938964844,4247,0.0,0.0
2023-02-07 09:40:00-05:00,70.68499755859375,70.82499694824219,70.68499755859375,70.82499694824219,70.82499694824219,2387,0.0,0.0
2023-02-07 09:45:00-05:00,70.70999908447266,70.76499938964844,70.62000274658203,70.71499633789062,70.71499633789062,5969,0.0,0.0
2023-02-07 09:50:00-05:00,70.75,70.87000274658203,70.72000122070312,70.72000122070312,70.72000122070312,3269,0.0,0.0
2023-02-07 09:55:00-05:00,70.69000244140625,70.73999786376953,70.6500015258789,70.66000366210938,70.66000366210938,2529,0.0,0.0
2023-02-07 10:00:00-05:00,70.68000030517578,70.68000030517578,70.56999969482422,70.56999969482422,70.56999969482422,3915,0.0,0.0
2023-02-07 10:05:00-05:00,70.5999984741211,70.61000061035156,70.5,70.51000213623047,70.51000213623047,5667,0.0,0.0
2023-02-07 10:10:00-05:00,70.5,70.5,70.38999938964844,70.41999816894531,70.41999816894531,3473,0.0,0.0
2023-02-07 10:15:00-05:00,70.38999938964844,70.4749984741211,70.33000183105469,70.41999816894531,70.41999816894531,7604,0.0,0.0
2023-02-07 10:20:00-05:00,70.41000366210938,70.41000366210938,70.3499984741211,70.3499984741211,70.3499984741211,2634,0.0,0.0
2023-02-07 10:25:00-05:00,70.34500122070312,70.41999816894531,70.25499725341797,70.30000305175781,70.30000305175781,6956,0.0,0.0
2023-02-07 10:30:00-05:00,70.30000305175781,70.3499984741211,70.30000305175781,70.33000183105469,70.33000183105469,4348,0.0,0.0
2023-02-07 10:35:00-05:00,70.31999969482422,70.31999969482422,70.2300033569336,70.23999786376953,70.23999786376953,7152,0.0,0.0
2023-02-07 10:40:00-05:00,70.20500183105469,70.27999877929688,70.19660186767578,70.25,70.25,5705,0.0,0.0
2023-02-07 10:45:00-05:00,70.23500061035156,70.23500061035156,70.20999908447266,70.2249984741211,70.2249984741211,3036,0.0,0.0
2023-02-07 10:50:00-05:00,70.26000213623047,70.36000061035156,70.25499725341797,70.36000061035156,70.36000061035156,6177,0.0,0.0
2023-02-07 10:55:00-05:00,70.33000183105469,70.33000183105469,70.2300033569336,70.25,70.25,1877,0.0,0.0
2023-02-07 11:00:00-05:00,70.23999786376953,70.2699966430664,70.19499969482422,70.19999694824219,70.19999694824219,1852,0.0,0.0
2023-02-07 11:05:00-05:00,70.2249984741211,70.4000015258789,70.2249984741211,70.36000061035156,70.36000061035156,5802,0.0,0.0
2023-02-07 11:10:00-05:00,70.37000274658203,70.37000274658203,70.31999969482422,70.36000061035156,70.36000061035156,2997,0.0,0.0
2023-02-07 11:15:00-05:00,70.36000061035156,70.37000274658203,70.30999755859375,70.30999755859375,70.30999755859375,4463,0.0,0.0
2023-02-07 11:20:00-05:00,70.33499908447266,70.36000061035156,70.29000091552734,70.33000183105469,70.33000183105469,3187,0.0,0.0
2023-02-07 11:25:00-05:00,70.33000183105469,70.4000015258789,70.31500244140625,70.36000061035156,70.36000061035156,5522,0.0,0.0
2023-02-07 11:30:00-05:00,70.36000061035156,70.37000274658203,70.27999877929688,70.33499908447266,70.33499908447266,4395,0.0,0.0
2023-02-07 11:35:00-05:00,70.30999755859375,70.36000061035156,70.30999755859375,70.3499984741211,70.3499984741211,978,0.0,0.0
2023-02-07 11:40:00-05:00,70.33000183105469,70.38999938964844,70.33000183105469,70.38999938964844,70.38999938964844,1917,0.0,0.0
2023-02-07 11:45:00-05:00,70.4000015258789,70.43000030517578,70.37000274658203,70.37000274658203,70.37000274658203,3208,0.0,0.0
2023-02-07 11:50:00-05:00,70.3949966430664,70.41000366210938,70.37999725341797,70.38999938964844,70.38999938964844,2441,0.0,0.0
2023-02-07 11:55:00-05:00,70.37000274658203,70.37999725341797,70.33499908447266,70.37999725341797,70.37999725341797,5069,0.0,0.0
2023-02-07 12:00:00-05:00,70.38500213623047,70.41999816894531,70.38500213623047,70.41999816894531,70.41999816894531,2820,0.0,0.0
2023-02-07 12:05:00-05:00,70.41000366210938,70.41000366210938,70.30000305175781,70.33999633789062,70.33999633789062,3854,0.0,0.0
2023-02-07 12:10:00-05:00,70.31999969482422,70.44000244140625,70.31999969482422,70.41999816894531,70.41999816894531,5053,0.0,0.0
2023-02-07 12:15:00-05:00,70.44000244140625,70.55999755859375,70.44000244140625,70.52999877929688,70.52999877929688,3740,0.0,0.0
2023-02-07 12:20:00-05:00,70.55000305175781,70.55000305175781,70.47000122070312,70.4800033569336,70.4800033569336,4022,0.0,0.0
2023-02-07 12:25:00-05:00,70.48999786376953,70.58000183105469,70.48999786376953,70.57499694824219,70.57499694824219,2499,0.0,0.0
2023-02-07 12:30:00-05:00,70.56999969482422,70.63999938964844,70.52999877929688,70.56500244140625,70.56500244140625,5960,0.0,0.0
2023-02-07 12:35:00-05:00,70.56999969482422,70.6500015258789,70.56999969482422,70.6500015258789,70.6500015258789,2276,0.0,0.0
2023-02-07 12:40:00-05:00,70.63999938964844,70.83999633789062,70.62000274658203,70.7300033569336,70.7300033569336,10106,0.0,0.0
2023-02-07 12:45:00-05:00,70.77999877929688,70.97000122070312,70.77999877929688,70.91999816894531,70.91999816894531,3993,0.0,0.0
2023-02-07 12:50:00-05:00,70.94000244140625,71.0199966430664,70.8499984741211,71.0199966430664,71.0199966430664,5040,0.0,0.0
2023-02-07 12:55:00-05:00,71.02999877929688,71.12999725341797,71.01000213623047,71.08000183105469,71.08000183105469,4537,0.0,0.0
2023-02-07 13:00:00-05:00,71.11000061035156,71.16999816894531,71.05000305175781,71.05000305175781,71.05000305175781,5441,0.0,0.0
2023-02-07 13:05:00-05:00,71.02999877929688,71.12000274658203,71.02999877929688,71.02999877929688,71.02999877929688,2414,0.0,0.0
2023-02-07 13:10:00-05:00,71.05000305175781,71.08999633789062,70.91000366210938,70.93000030517578,70.93000030517578,5042,0.0,0.0
2023-02-07 13:15:00-05:00,70.93000030517578,70.93000030517578,70.68000030517578,70.7699966430664,70.7699966430664,4579,0.0,0.0
2023-02-07 13:20:00-05:00,70.75,70.75,70.54000091552734,70.55059814453125,70.55059814453125,3463,0.0,0.0
2023-02-07 13:25:00-05:00,70.55000305175781,70.61000061035156,70.30000305175781,70.30000305175781,70.30000305175781,6886,0.0,0.0
2023-02-07 13:30:00-05:00,70.26000213623047,70.27999877929688,69.9000015258789,69.9000015258789,69.9000015258789,7298,0.0,0.0
2023-02-07 13:35:00-05:00,69.8499984741211,69.93000030517578,69.81999969482422,69.81999969482422,69.81999969482422,7718,0.0,0.0
2023-02-07 13:40:00-05:00,69.88999938964844,70.03500366210938,69.87000274658203,69.87000274658203,69.87000274658203,5047,0.0,0.0
2023-02-07 13:45:00-05:00,69.81500244140625,69.83999633789062,69.6500015258789,69.7249984741211,69.7249984741211,6624,0.0,0.0
2023-02-07 13:50:00-05:00,69.7249984741211,69.8499984741211,69.72000122070312,69.83000183105469,69.83000183105469,4132,0.0,0.0
2023-02-07 13:55:00-05:00,69.82499694824219,69.87999725341797,69.79499816894531,69.86000061035156,69.86000061035156,5510,0.0,0.0
2023-02-07 14:00:00-05:00,69.86000061035156,70.12000274658203,69.86000061035156,70.0999984741211,70.0999984741211,3984,0.0,0.0
2023-02-07 14:05:00-05:00,70.1500015258789,70.38999938964844,70.1500015258789,70.37999725341797,70.37999725341797,5728,0.0,0.0
2023-02-07 14:10:00-05:00,70.37000274658203,70.41999816894531,70.34750366210938,70.41000366210938,70.41000366210938,3781,0.0,0.0
2023-02-07 14:15:00-05:00,70.44999694824219,70.55000305175781,70.44999694824219,70.55000305175781,70.55000305175781,3821,0.0,0.0
2023-02-07 14:20:00-05:00,70.54000091552734,70.62000274658203,70.48999786376953,70.62000274658203,70.62000274658203,4061,0.0,0.0
2023-02-07 14:25:00-05:00,70.66000366210938,70.66000366210938,70.5999984741211,70.61399841308594,70.61399841308594,2064,0.0,0.0
2023-02-07 14:30:00-05:00,70.5999984741211,70.87000274658203,70.56999969482422,70.83999633789062,70.83999633789062,7953,0.0,0.0
2023-02-07 14:35:00-05:00,70.8550033569336,70.8550033569336,70.75,70.80500030517578,70.80500030517578,4062,0.0,0.0
2023-02-07 14:40:00-05:00,70.80000305175781,70.87000274658203,70.76000213623047,70.7699966430664,70.7699966430664,7802,0.0,0.0
2023-02-07 14:45:00-05:00,70.75,70.76000213623047,70.69999694824219,70.69999694824219,70.69999694824219,3809,0.0,0.0
2023-02-07 14:50:00-05:00,70.66999816894531,70.77999877929688,70.66000366210938,70.77999877929688,70.77999877929688,3338,0.0,0.0
2023-02-07 14:55:00-05:00,70.7699966430664,70.83000183105469,70.7699966430664,70.82499694824219,70.82499694824219,5276,0.0,0.0
2023-02-07 15:00:00-05:00,70.8499984741211,70.98500061035156,70.69000244140625,70.69000244140625,70.69000244140625,11607,0.0,0.0
2023-02-07 15:05:00-05:00,70.68000030517578,70.75,70.5999984741211,70.5999984741211,70.5999984741211,8950,0.0,0.0
2023-02-07 15:10:00-05:00,70.63999938964844,70.69999694824219,70.62999725341797,70.66999816894531,70.66999816894531,4984,0.0,0.0
2023-02-07 15:15:00-05:00,70.69499969482422,70.76000213623047,70.69499969482422,70.75,70.75,4185,0.0,0.0
2023-02-07 15:20:00-05:00,70.75,70.80999755859375,70.75,70.77999877929688,70.77999877929688,5295,0.0,0.0
2023-02-07 15:25:00-05:00,70.75499725341797,70.8499984741211,70.70999908447266,70.8499984741211,70.8499984741211,6800,0.0,0.0
2023-02-07 15:30:00-05:00,70.8499984741211,70.8499984741211,70.77999877929688,70.77999877929688,70.77999877929688,9385,0.0,0.0
2023-02-07 15:35:00-05:00,70.73999786376953,70.79499816894531,70.66000366210938,70.79000091552734,70.79000091552734,11041,0.0,0.0
2023-02-07 15:40:00-05:00,70.77999877929688,70.79000091552734,70.7249984741211,70.7699966430664,70.7699966430664,15717,0.0,0.0
2023-02-07 15:45:00-05:00,70.7750015258789,70.87999725341797,70.76000213623047,70.83499908447266,70.83499908447266,19946,0.0,0.0
2023-02-07 15:50:00-05:00,70.8499984741211,71.06999969482422,70.8499984741211,71.00499725341797,71.00499725341797,27264,0.0,0.0
2023-02-07 15:55:00-05:00,70.9800033569336,70.9800033569336,70.77999877929688,70.86000061035156,70.86000061035156,56288,0.0,0.0
2023-02-08 09:30:00-05:00,70.37999725341797,70.45999908447266,70.33000183105469,70.45999908447266,70.45999908447266,4987,0.0,0.0
2023-02-08 09:35:00-05:00,70.53500366210938,70.54399871826172,70.48500061035156,70.48999786376953,70.48999786376953,1361,0.0,0.0
2023-02-08 09:40:00-05:00,70.58999633789062,70.74120330810547,70.56999969482422,70.74120330810547,70.74120330810547,2774,0.0,0.0
2023-02-08 09:45:00-05:00,70.69000244140625,70.75499725341797,70.62999725341797,70.62999725341797,70.62999725341797,3520,0.0,0.0
2023-02-08 09:50:00-05:00,70.55000305175781,70.5999984741211,70.52999877929688,70.5999984741211,70.5999984741211,3148,0.0,0.0
2023-02-08 09:55:00-05:00,70.6500015258789,70.76000213623047,70.6500015258789,70.76000213623047,70.76000213623047,2000,0.0,0.0
2023-02-08 10:00:00-05:00,70.7699966430664,70.7699966430664,70.70999908447266,70.75,70.75,2556,0.0,0.0
2023-02-08 10:05:00-05:00,70.69999694824219,70.7699966430664,70.5999984741211,70.62000274658203,70.62000274658203,4064,0.0,0.0
2023-02-08 10:10:00-05:00,70.61000061035156,70.68000030517578,70.61000061035156,70.68000030517578,70.68000030517578,1447,0.0,0.0
2023-02-08 10:15:00-05:00,70.70999908447266,70.8499984741211,70.70999908447266,70.80999755859375,70.80999755859375,2986,0.0,0.0
2023-02-08 10:20:00-05:00,70.80000305175781,70.80000305175781,70.72000122070312,70.7300033569336,70.7300033569336,3860,0.0,0.0
2023-02-08 10:25:00-05:00,70.72000122070312,70.72000122070312,70.6500015258789,70.66999816894531,70.66999816894531,4086,0.0,0.0
2023-02-08 10:30:00-05:00,70.6500015258789,70.6500015258789,70.47000122070312,70.5,70.5,3276,0.0,0.0
2023-02-08 10:35:00-05:00,70.5199966430664,70.5199966430664,70.4800033569336,70.4800033569336,70.4800033569336,3384,0.0,0.0
2023-02-08 10:40:00-05:00,70.55000305175781,70.58000183105469,70.5,70.52999877929688,70.52999877929688,4392,0.0,0.0
2023-02-08 10:45:00-05:00,70.50579833984375,70.50579833984375,70.50579833984375,70.50579833984375,70.50579833984375,317,0.0,0.0
2023-02-08 10:50:00-05:00,70.4800033569336,70.51000213623047,70.4000015258789,70.41999816894531,70.41999816894531,3767,0.0,0.0
2023-02-08 10:55:00-05:00,70.43000030517578,70.5,70.43000030517578,70.45999908447266,70.45999908447266,2395,0.0,0.0
2023-02-08 11:00:00-05:00,70.45999908447266,70.45999908447266,70.33999633789062,70.41999816894531,70.41999816894531,2922,0.0,0.0
2023-02-08 11:05:00-05:00,70.41999816894531,70.41999816894531,70.41000366210938,70.41999816894531,70.41999816894531,1346,0.0,0.0
2023-02-08 11:10:00-05:00,70.44000244140625,70.44999694824219,70.43270111083984,70.44999694824219,70.44999694824219,1353,0.0,0.0
2023-02-08 11:15:00-05:00,70.4800033569336,70.55000305175781,70.4800033569336,70.55000305175781,70.55000305175781,1810,0.0,0.0
2023-02-08 11:20:00-05:00,70.5199966430664,70.54000091552734,70.37000274658203,70.375,70.375,5602,0.0,0.0
2023-02-08 11:25:00-05:00,70.33999633789062,70.36000061035156,70.30999755859375,70.3550033569336,70.3550033569336,4049,0.0,0.0
2023-02-08 11:30:00-05:00,70.36000061035156,70.36000061035156,70.2699966430664,70.28500366210938,70.28500366210938,2626,0.0,0.0
2023-02-08 11:35:00-05:00,70.2699966430664,70.41999816894531,70.2699966430664,70.41999816894531,70.41999816894531,3464,0.0,0.0
2023-02-08 11:40:00-05:00,70.37000274658203,70.37000274658203,70.2750015258789,70.31999969482422,70.31999969482422,3047,0.0,0.0
2023-02-08 11:45:00-05:00,70.36000061035156,70.44999694824219,70.3499984741211,70.37999725341797,70.37999725341797,3316,0.0,0.0
2023-02-08 11:50:00-05:00,70.33999633789062,70.41999816894531,70.33000183105469,70.41999816894531,70.41999816894531,4202,0.0,0.0
2023-02-08 11:55:00-05:00,70.41999816894531,70.5199966430664,70.41999816894531,70.5199966430664,70.5199966430664,2172,0.0,0.0
2023-02-08 12:00:00-05:00,70.50499725341797,70.5199966430664,70.4800033569336,70.48999786376953,70.48999786376953,1978,0.0,0.0
2023-02-08 12:05:00-05:00,70.45999908447266,70.51000213623047,70.44000244140625,70.49600219726562,70.49600219726562,2567,0.0,0.0
2023-02-08 12:10:00-05:00,70.5199966430664,70.56999969482422,70.51000213623047,70.51000213623047,70.51000213623047,3405,0.0,0.0
2023-02-08 12:15:00-05:00,70.44000244140625,70.4800033569336,70.44000244140625,70.46499633789062,70.46499633789062,2473,0.0,0.0
2023-02-08 12:20:00-05:00,70.44999694824219,70.46499633789062,70.4000015258789,70.43689727783203,70.43689727783203,4293,0.0,0.0
2023-02-08 12:25:00-05:00,70.41999816894531,70.56999969482422,70.41999816894531,70.54000091552734,70.54000091552734,3042,0.0,0.0
2023-02-08 12:30:00-05:00,70.5999984741211,70.61000061035156,70.5,70.51000213623047,70.51000213623047,2429,0.0,0.0
2023-02-08 12:35:00-05:00,70.5,70.55000305175781,70.5,70.51000213623047,70.51000213623047,3237,0.0,0.0
2023-02-08 12:40:00-05:00,70.4800033569336,70.48999786376953,70.44999694824219,70.48999786376953,70.48999786376953,2926,0.0,0.0
2023-02-08 12:45:00-05:00,70.48999786376953,70.54499816894531,70.48999786376953,70.52999877929688,70.52999877929688,2170,0.0,0.0
2023-02-08 12:50:00-05:00,70.56999969482422,70.62000274658203,70.55999755859375,70.55999755859375,70.55999755859375,16120,0.0,0.0
2023-02-08 12:55:00-05:00,70.55000305175781,70.58000183105469,70.5199966430664,70.56999969482422,70.56999969482422,3143,0.0,0.0
2023-02-08 13:00:00-05:00,70.59500122070312,70.68000030517578,70.59500122070312,70.6500015258789,70.6500015258789,3337,0.0,0.0
2023-02-08 13:05:00-05:00,70.58999633789062,70.70500183105469,70.58999633789062,70.6500015258789,70.6500015258789,2094,0.0,0.0
2023-02-08 13:10:00-05:00,70.63999938964844,70.68000030517578,70.61000061035156,70.61000061035156,70.61000061035156,3206,0.0,0.0
2023-02-08 13:15:00-05:00,70.63500213623047,70.66000366210938,70.55999755859375,70.56999969482422,70.56999969482422,3927,0.0,0.0
2023-02-08 13:20:00-05:00,70.5999984741211,70.5999984741211,70.55000305175781,70.56999969482422,70.56999969482422,2015,0.0,0.0
2023-02-08 13:25:00-05:00,70.54000091552734,70.55500030517578,70.45999908447266,70.45999908447266,70.45999908447266,3425,0.0,0.0
2023-02-08 13:30:00-05:00,70.44000244140625,70.44999694824219,70.41000366210938,70.41000366210938,70.41000366210938,3452,0.0,0.0
2023-02-08 13:35:00-05:00,70.41999816894531,70.44999694824219,70.37999725341797,70.37999725341797,70.37999725341797,2289,0.0,0.0
2023-02-08 13:40:00-05:00,70.33999633789062,70.4000015258789,70.33000183105469,70.38500213623047,70.38500213623047,2530,0.0,0.0
2023-02-08 13:45:00-05:00,70.33000183105469,70.38999938964844,70.29000091552734,70.3499984741211,70.3499984741211,4905,0.0,0.0
2023-02-08 13:50:00-05:00,70.37999725341797,70.4000015258789,70.3550033569336,70.37999725341797,70.37999725341797,1928,0.0,0.0
2023-02-08 13:55:00-05:00,70.38500213623047,70.41000366210938,70.3550033569336,70.37999725341797,70.37999725341797,3208,0.0,0.0
2023-02-08 14:00:00-05:00,70.4000015258789,70.4000015258789,70.29000091552734,70.3499984741211,70.3499984741211,3852,0.0,0.0
2023-02-08 14:05:00-05:00,70.36000061035156,70.4000015258789,70.31999969482422,70.31999969482422,70.31999969482422,2292,0.0,0.0
2023-02-08 14:10:00-05:00,70.30999755859375,70.37999725341797,70.30000305175781,70.36000061035156,70.36000061035156,2685,0.0,0.0
2023-02-08 14:15:00-05:00,70.3499984741211,70.4000015258789,70.34500122070312,70.38999938964844,70.38999938964844,3432,0.0,0.0
2023-02-08 14:20:00-05:00,70.37999725341797,70.37999725341797,70.29000091552734,70.30999755859375,70.30999755859375,2468,0.0,0.0
2023-02-08 14:25:00-05:00,70.29000091552734,70.29000091552734,70.18000030517578,70.18000030517578,70.18000030517578,2671,0.0,0.0
2023-02-08 14:30:00-05:00,70.22000122070312,70.2300033569336,70.16000366210938,70.18000030517578,70.18000030517578,3470,0.0,0.0
2023-02-08 14:35:00-05:00,70.19999694824219,70.20999908447266,70.17500305175781,70.18499755859375,70.18499755859375,3522,0.0,0.0
2023-02-08 14:40:00-05:00,70.19999694824219,70.19999694824219,70.05000305175781,70.11000061035156,70.11000061035156,4130,0.0,0.0
2023-02-08 14:45:00-05:00,70.08000183105469,70.08499908447266,70.04499816894531,70.04499816894531,70.04499816894531,2424,0.0,0.0
2023-02-08 14:50:00-05:00,70.02999877929688,70.08999633789062,70.02999877929688,70.08000183105469,70.08000183105469,4078,0.0,0.0
2023-02-08 14:55:00-05:00,70.08999633789062,70.2300033569336,70.08999633789062,70.22000122070312,70.22000122070312,5058,0.0,0.0
2023-02-08 15:00:00-05:00,70.19499969482422,70.19999694824219,70.0999984741211,70.0999984741211,70.0999984741211,3109,0.0,0.0
2023-02-08 15:05:00-05:00,70.0999984741211,70.0999984741211,70.04000091552734,70.0999984741211,70.0999984741211,4764,0.0,0.0
2023-02-08 15:10:00-05:00,70.09500122070312,70.09500122070312,70.01000213623047,70.01499938964844,70.01499938964844,4251,0.0,0.0
2023-02-08 15:15:00-05:00,70.02999877929688,70.08000183105469,69.97000122070312,69.9749984741211,69.9749984741211,9032,0.0,0.0
2023-02-08 15:20:00-05:00,69.9800033569336,70.16000366210938,69.9800033569336,70.16000366210938,70.16000366210938,5130,0.0,0.0
2023-02-08 15:25:00-05:00,70.16000366210938,70.16000366210938,70.11000061035156,70.12000274658203,70.12000274658203,5082,0.0,0.0
2023-02-08 15:30:00-05:00,70.11000061035156,70.16999816894531,70.0999984741211,70.0999984741211,70.0999984741211,5497,0.0,0.0
2023-02-08 15:35:00-05:00,70.08000183105469,70.23999786376953,70.08000183105469,70.22000122070312,70.22000122070312,6891,0.0,0.0
2023-02-08 15:40:00-05:00,70.20999908447266,70.2699966430664,70.17500305175781,70.22000122070312,70.22000122070312,11372,0.0,0.0
2023-02-08 15:45:00-05:00,70.20999908447266,70.20999908447266,70.11000061035156,70.12000274658203,70.12000274658203,7781,0.0,0.0
2023-02-08 15:50:00-05:00,70.12999725341797,70.2699966430664,70.12999725341797,70.16999816894531,70.16999816894531,23892,0.0,0.0
2023-02-08 15:55:00-05:00,70.19000244140625,70.23999786376953,70.12000274658203,70.16000366210938,70.16000366210938,37673,0.0,0.0
2023-02-09 09:30:00-05:00,70.54000091552734,70.59500122070312,70.54000091552734,70.59500122070312,70.59500122070312,2839,0.0,0.0
2023-02-09 09:35:00-05:00,70.55999755859375,70.58999633789062,70.55999755859375,70.58999633789062,70.58999633789062,646,0.0,0.0
2023-02-09 09:40:00-05:00,70.5999984741211,70.66999816894531,70.5999984741211,70.66999816894531,70.66999816894531,2296,0.0,0.0
2023-02-09 09:45:00-05:00,70.72000122070312,70.73999786376953,70.68000030517578,70.68000030517578,70.68000030517578,3140,0.0,0.0
2023-02-09 09:50:00-05:00,70.70999908447266,70.78780364990234,70.4800033569336,70.4800033569336,70.4800033569336,3892,0.0,0.0
2023-02-09 09:55:00-05:00,70.56999969482422,70.5999984741211,70.55999755859375,70.55999755859375,70.55999755859375,2375,0.0,0.0
2023-02-09 10:00:00-05:00,70.5199966430664,70.58999633789062,70.5199966430664,70.58999633789062,70.58999633789062,1245,0.0,0.0
2023-02-09 10:05:00-05:00,70.55999755859375,70.55999755859375,70.51000213623047,70.51000213623047,70.51000213623047,551,0.0,0.0
2023-02-09 10:10:00-05:00,70.5,70.52999877929688,70.47000122070312,70.52999877929688,70.52999877929688,1453,0.0,0.0
2023-02-09 10:15:00-05:00,70.48100280761719,70.48999786376953,70.41000366210938,70.4800033569336,70.4800033569336,3623,0.0,0.0
2023-02-09 10:20:00-05:00,70.45999908447266,70.52999877929688,70.38999938964844,70.38999938964844,70.38999938964844,2644,0.0,0.0
2023-02-09 10:25:00-05:00,70.36000061035156,70.36000061035156,70.31999969482422,70.3499984741211,70.3499984741211,2371,0.0,0.0
2023-02-09 10:30:00-05:00,70.33999633789062,70.41000366210938,70.33999633789062,70.41000366210938,70.41000366210938,1790,0.0,0.0
2023-02-09 10:35:00-05:00,70.36000061035156,70.37999725341797,70.30999755859375,70.36000061035156,70.36000061035156,2887,0.0,0.0
2023-02-09 10:40:00-05:00,70.33999633789062,70.45999908447266,70.33999633789062,70.38999938964844,70.38999938964844,5097,0.0,0.0
2023-02-09 10:45:00-05:00,70.41719818115234,70.49949645996094,70.38999938964844,70.44999694824219,70.44999694824219,3542,0.0,0.0
2023-02-09 10:50:00-05:00,70.44999694824219,70.47000122070312,70.4000015258789,70.4000015258789,70.4000015258789,2979,0.0,0.0
2023-02-09 10:55:00-05:00,70.41000366210938,70.58000183105469,70.41000366210938,70.54000091552734,70.54000091552734,4310,0.0,0.0
2023-02-09 11:00:00-05:00,70.56999969482422,70.58499908447266,70.33000183105469,70.38999938964844,70.38999938964844,7078,0.0,0.0
2023-02-09 11:05:00-05:00,70.37000274658203,70.44000244140625,70.30000305175781,70.42500305175781,70.42500305175781,2200,0.0,0.0
2023-02-09 11:10:00-05:00,70.42500305175781,70.42500305175781,70.27999877929688,70.30999755859375,70.30999755859375,1700,0.0,0.0
2023-02-09 11:15:00-05:00,70.27999877929688,70.31999969482422,70.25,70.27999877929688,70.27999877929688,3597,0.0,0.0
2023-02-09 11:20:00-05:00,70.30999755859375,70.33499908447266,70.23999786376953,70.26000213623047,70.26000213623047,5786,0.0,0.0
2023-02-09 11:25:00-05:00,70.27999877929688,70.41999816894531,70.27999877929688,70.3499984741211,70.3499984741211,9844,0.0,0.0
2023-02-09 11:30:00-05:00,70.33999633789062,70.36000061035156,70.30000305175781,70.36000061035156,70.36000061035156,3003,0.0,0.0
2023-02-09 11:35:00-05:00,70.3550033569336,70.4000015258789,70.31500244140625,70.37000274658203,70.37000274658203,4227,0.0,0.0
2023-02-09 11:40:00-05:00,70.36000061035156,70.40660095214844,70.31999969482422,70.38999938964844,70.38999938964844,3903,0.0,0.0
2023-02-09 11:45:00-05:00,70.38500213623047,70.4000015258789,70.21499633789062,70.26000213623047,70.26000213623047,7283,0.0,0.0
2023-02-09 11:50:00-05:00,70.23999786376953,70.23999786376953,70.1500015258789,70.16000366210938,70.16000366210938,2294,0.0,0.0
2023-02-09 11:55:00-05:00,70.13999938964844,70.2300033569336,70.13999938964844,70.22000122070312,70.22000122070312,3773,0.0,0.0
2023-02-09 12:00:00-05:00,70.20500183105469,70.21499633789062,70.16999816894531,70.16999816894531,70.16999816894531,2272,0.0,0.0
2023-02-09 12:05:00-05:00,70.1500015258789,70.20999908447266,70.12000274658203,70.13999938964844,70.13999938964844,7012,0.0,0.0
2023-02-09 12:10:00-05:00,70.1500015258789,70.19999694824219,70.1500015258789,70.19999694824219,70.19999694824219,2142,0.0,0.0
2023-02-09 12:15:00-05:00,70.18000030517578,70.18599700927734,70.11000061035156,70.16329956054688,70.16329956054688,4177,0.0,0.0
2023-02-09 12:20:00-05:00,70.19000244140625,70.19000244140625,70.12999725341797,70.12999725341797,70.12999725341797,2267,0.0,0.0
2023-02-09 12:25:00-05:00,70.12999725341797,70.12999725341797,69.98999786376953,69.99500274658203,69.99500274658203,3045,0.0,0.0
2023-02-09 12:30:00-05:00,69.99500274658203,70.06999969482422,69.93000030517578,69.93000030517578,69.93000030517578,7934,0.0,0.0
2023-02-09 12:35:00-05:00,69.91999816894531,69.95999908447266,69.8550033569336,69.87000274658203,69.87000274658203,11433,0.0,0.0
2023-02-09 12:40:00-05:00,69.87999725341797,69.9000015258789,69.80999755859375,69.80999755859375,69.80999755859375,4863,0.0,0.0
2023-02-09 12:45:00-05:00,69.80000305175781,69.80000305175781,69.68000030517578,69.68000030517578,69.68000030517578,3071,0.0,0.0
2023-02-09 12:50:00-05:00,69.66000366210938,69.7699966430664,69.66000366210938,69.7699966430664,69.7699966430664,2835,0.0,0.0
2023-02-09 12:55:00-05:00,69.77999877929688,69.8499984741211,69.77999877929688,69.79000091552734,69.79000091552734,3510,0.0,0.0
2023-02-09 13:00:00-05:00,69.77100372314453,69.7750015258789,69.70999908447266,69.7300033569336,69.7300033569336,3739,0.0,0.0
2023-02-09 13:05:00-05:00,69.72000122070312,69.77999877929688,69.69499969482422,69.69499969482422,69.69499969482422,2078,0.0,0.0
2023-02-09 13:10:00-05:00,69.7300033569336,69.73999786376953,69.68000030517578,69.68000030517578,69.68000030517578,1445,0.0,0.0
2023-02-09 13:15:00-05:00,69.70999908447266,69.73490142822266,69.69000244140625,69.73490142822266,69.73490142822266,1963,0.0,0.0
2023-02-09 13:20:00-05:00,69.70999908447266,69.7300033569336,69.70999908447266,69.72000122070312,69.72000122070312,2619,0.0,0.0
2023-02-09 13:25:00-05:00,69.7300033569336,69.7699966430664,69.63999938964844,69.63999938964844,69.63999938964844,3843,0.0,0.0
2023-02-09 13:30:00-05:00,69.62999725341797,69.70999908447266,69.62999725341797,69.69000244140625,69.69000244140625,2990,0.0,0.0
2023-02-09 13:35:00-05:00,69.68000030517578,69.68000030517578,69.56999969482422,69.58000183105469,69.58000183105469,1912,0.0,0.0
2023-02-09 13:40:00-05:00,69.56500244140625,69.56500244140625,69.49500274658203,69.52999877929688,69.52999877929688,2408,0.0,0.0
2023-02-09 13:45:00-05:00,69.5,69.5999984741211,69.5,69.58999633789062,69.58999633789062,1142,0.0,0.0
2023-02-09 13:50:00-05:00,69.5999984741211,69.62999725341797,69.58999633789062,69.5999984741211,69.5999984741211,2672,0.0,0.0
2023-02-09 13:55:00-05:00,69.56999969482422,69.61000061035156,69.56999969482422,69.61000061035156,69.61000061035156,1816,0.0,0.0
2023-02-09 14:00:00-05:00,69.61000061035156,69.63999938964844,69.5199966430664,69.5199966430664,69.5199966430664,3827,0.0,0.0
2023-02-09 14:05:00-05:00,69.55000305175781,69.56999969482422,69.52999877929688,69.56999969482422,69.56999969482422,3393,0.0,0.0
2023-02-09 14:10:00-05:00,69.55000305175781,69.55000305175781,69.4800033569336,69.51000213623047,69.51000213623047,3242,0.0,0.0
2023-02-09 14:15:00-05:00,69.4800033569336,69.4800033569336,69.43000030517578,69.43000030517578,69.43000030517578,1161,0.0,0.0
2023-02-09 14:20:00-05:00,69.44999694824219,69.4749984741211,69.4000015258789,69.4000015258789,69.4000015258789,4284,0.0,0.0
2023-02-09 14:25:00-05:00,69.41999816894531,69.44000244140625,69.41000366210938,69.44000244140625,69.44000244140625,1972,0.0,0.0
2023-02-09 14:30:00-05:00,69.44000244140625,69.51000213623047,69.4000015258789,69.41000366210938,69.41000366210938,3067,0.0,0.0
2023-02-09 14:35:00-05:00,69.43000030517578,69.46499633789062,69.41999816894531,69.45999908447266,69.45999908447266,2752,0.0,0.0
2023-02-09 14:40:00-05:00,69.44999694824219,69.51000213623047,69.44999694824219,69.50499725341797,69.50499725341797,2542,0.0,0.0
2023-02-09 14:45:00-05:00,69.5,69.58000183105469,69.41999816894531,69.58000183105469,69.58000183105469,3291,0.0,0.0
2023-02-09 14:50:00-05:00,69.58999633789062,69.58999633789062,69.44000244140625,69.44000244140625,69.44000244140625,2468,0.0,0.0
2023-02-09 14:55:00-05:00,69.41999816894531,69.44999694824219,69.41999816894531,69.44999694824219,69.44999694824219,1520,0.0,0.0
2023-02-09 15:00:00-05:00,69.41000366210938,69.41999816894531,69.33000183105469,69.33000183105469,69.33000183105469,2812,0.0,0.0
2023-02-09 15:05:00-05:00,69.30000305175781,69.30000305175781,69.20999908447266,69.2699966430664,69.2699966430664,5583,0.0,0.0
2023-02-09 15:10:00-05:00,69.30000305175781,69.30999755859375,69.22000122070312,69.22000122070312,69.22000122070312,2475,0.0,0.0
2023-02-09 15:15:00-05:00,69.2300033569336,69.2300033569336,69.13999938964844,69.16000366210938,69.16000366210938,5794,0.0,0.0
2023-02-09 15:20:00-05:00,69.1510009765625,69.20999908447266,69.08999633789062,69.08999633789062,69.08999633789062,5027,0.0,0.0
2023-02-09 15:25:00-05:00,69.11000061035156,69.16000366210938,69.08999633789062,69.1500015258789,69.1500015258789,9443,0.0,0.0
2023-02-09 15:30:00-05:00,69.13999938964844,69.15499877929688,69.02999877929688,69.05000305175781,69.05000305175781,10711,0.0,0.0
2023-02-09 15:35:00-05:00,69.0199966430664,69.05999755859375,68.9800033569336,69.0,69.0,8656,0.0,0.0
2023-02-09 15:40:00-05:00,69.0199966430664,69.08999633789062,68.95999908447266,69.08999633789062,69.08999633789062,8515,0.0,0.0
2023-02-09 15:45:00-05:00,69.08499908447266,69.1500015258789,68.97000122070312,69.00499725341797,69.00499725341797,11926,0.0,0.0
2023-02-09 15:50:00-05:00,69.02999877929688,69.16999816894531,69.0199966430664,69.0999984741211,69.0999984741211,25034,0.0,0.0
2023-02-09 15:55:00-05:00,69.06999969482422,69.11000061035156,68.94000244140625,68.95999908447266,68.95999908447266,84310,0.0,0.0
2023-02-10 09:30:00-05:00,69.93000030517578,71.19000244140625,69.80999755859375,71.08999633789062,71.08999633789062,63621,0.0,0.0
2023-02-10 09:35:00-05:00,71.05000305175781,71.05000305175781,70.73999786376953,70.83999633789062,70.83999633789062,41783,0.0,0.0
2023-02-10 09:40:00-05:00,70.7699966430664,70.91999816894531,70.56999969482422,70.56999969482422,70.56999969482422,52587,0.0,0.0
2023-02-10 09:45:00-05:00,70.56999969482422,70.74500274658203,70.55999755859375,70.7300033569336,70.7300033569336,21662,0.0,0.0
2023-02-10 09:50:00-05:00,70.7300033569336,70.7300033569336,70.2699966430664,70.2699966430664,70.2699966430664,19845,0.0,0.0
2023-02-10 09:55:00-05:00,70.26000213623047,70.36000061035156,70.19999694824219,70.36000061035156,70.36000061035156,23736,0.0,0.0
2023-02-10 10:00:00-05:00,70.23999786376953,70.3550033569336,70.19999694824219,70.29000091552734,70.29000091552734,14281,0.0,0.0
2023-02-10 10:05:00-05:00,70.30000305175781,70.48999786376953,70.26000213623047,70.33999633789062,70.33999633789062,11679,0.0,0.0
2023-02-10 10:10:00-05:00,70.38999938964844,70.66000366210938,70.38999938964844,70.58000183105469,70.58000183105469,10956,0.0,0.0
2023-02-10 10:15:00-05:00,70.58000183105469,70.80500030517578,70.52999877929688,70.63500213623047,70.63500213623047,12469,0.0,0.0
2023-02-10 10:20:00-05:00,70.63999938964844,70.76000213623047,70.62999725341797,70.73999786376953,70.73999786376953,11617,0.0,0.0
2023-02-10 10:25:00-05:00,70.76499938964844,70.83000183105469,70.70999908447266,70.83000183105469,70.83000183105469,11852,0.0,0.0
2023-02-10 10:30:00-05:00,70.80000305175781,70.9000015258789,70.76000213623047,70.9000015258789,70.9000015258789,13275,0.0,0.0
2023-02-10 10:35:00-05:00,70.91000366210938,70.96900177001953,70.77259826660156,70.80999755859375,70.80999755859375,10126,0.0,0.0
2023-02-10 10:40:00-05:00,70.79000091552734,70.79000091552734,70.6050033569336,70.71499633789062,70.71499633789062,12920,0.0,0.0
2023-02-10 10:45:00-05:00,70.69999694824219,70.72000122070312,70.62000274658203,70.62000274658203,70.62000274658203,7560,0.0,0.0
2023-02-10 10:50:00-05:00,70.62000274658203,70.63999938964844,70.48999786376953,70.63500213623047,70.63500213623047,12983,0.0,0.0
2023-02-10 10:55:00-05:00,70.62999725341797,70.76000213623047,70.55999755859375,70.72000122070312,70.72000122070312,11667,0.0,0.0
2023-02-10 11:00:00-05:00,70.72000122070312,70.91000366210938,70.66000366210938,70.70500183105469,70.70500183105469,30124,0.0,0.0
2023-02-10 11:05:00-05:00,70.69999694824219,70.72000122070312,70.63999938964844,70.66999816894531,70.66999816894531,7935,0.0,0.0
2023-02-10 11:10:00-05:00,70.69999694824219,70.75900268554688,70.58999633789062,70.66000366210938,70.66000366210938,20555,0.0,0.0
2023-02-10 11:15:00-05:00,70.68000030517578,70.69999694824219,70.58000183105469,70.69000244140625,70.69000244140625,12138,0.0,0.0
2023-02-10 11:20:00-05:00,70.68000030517578,70.76000213623047,70.66500091552734,70.76000213623047,70.76000213623047,13142,0.0,0.0
2023-02-10 11:25:00-05:00,70.74500274658203,70.80999755859375,70.66000366210938,70.72000122070312,70.72000122070312,15099,0.0,0.0
2023-02-10 11:30:00-05:00,70.70999908447266,70.72000122070312,70.5999984741211,70.66500091552734,70.66500091552734,7981,0.0,0.0
2023-02-10 11:35:00-05:00,70.68000030517578,70.80999755859375,70.68000030517578,70.75,70.75,15638,0.0,0.0
2023-02-10 11:40:00-05:00,70.73999786376953,70.83000183105469,70.73500061035156,70.73500061035156,70.73500061035156,7538,0.0,0.0
2023-02-10 11:45:00-05:00,70.73500061035156,70.78500366210938,70.6500015258789,70.7300033569336,70.7300033569336,17666,0.0,0.0
2023-02-10 11:50:00-05:00,70.72000122070312,70.80000305175781,70.70999908447266,70.79499816894531,70.79499816894531,9950,0.0,0.0
2023-02-10 11:55:00-05:00,70.77999877929688,70.79000091552734,70.66000366210938,70.77999877929688,70.77999877929688,6959,0.0,0.0
2023-02-10 12:00:00-05:00,70.76499938964844,70.80000305175781,70.69000244140625,70.69999694824219,70.69999694824219,13074,0.0,0.0
2023-02-10 12:05:00-05:00,70.7300033569336,70.80999755859375,70.7300033569336,70.75,70.75,8818,0.0,0.0
2023-02-10 12:10:00-05:00,70.76000213623047,70.79000091552734,70.70999908447266,70.78500366210938,70.78500366210938,13989,0.0,0.0
2023-02-10 12:15:00-05:00,70.77999877929688,70.80999755859375,70.75,70.79000091552734,70.79000091552734,11179,0.0,0.0
2023-02-10 12:20:00-05:00,70.7699966430664,70.83000183105469,70.76000213623047,70.7699966430664,70.7699966430664,9214,0.0,0.0
2023-02-10 12:25:00-05:00,70.7699966430664,70.80000305175781,70.7300033569336,70.78900146484375,70.78900146484375,8271,0.0,0.0
2023-02-10 12:30:00-05:00,70.77999877929688,70.91000366210938,70.77999877929688,70.87000274658203,70.87000274658203,14837,0.0,0.0
2023-02-10 12:35:00-05:00,70.86000061035156,70.91000366210938,70.81999969482422,70.83499908447266,70.83499908447266,8748,0.0,0.0
2023-02-10 12:40:00-05:00,70.83999633789062,70.91999816894531,70.83999633789062,70.86000061035156,70.86000061035156,8050,0.0,0.0
2023-02-10 12:45:00-05:00,70.8499984741211,70.91999816894531,70.81999969482422,70.87000274658203,70.87000274658203,6754,0.0,0.0
2023-02-10 12:50:00-05:00,70.88999938964844,70.94000244140625,70.81999969482422,70.9000015258789,70.9000015258789,24183,0.0,0.0
2023-02-10 12:55:00-05:00,70.91500091552734,71.04000091552734,70.91500091552734,71.0,71.0,10673,0.0,0.0
2023-02-10 13:00:00-05:00,71.0199966430664,71.0469970703125,70.97000122070312,71.0,71.0,9752,0.0,0.0
2023-02-10 13:05:00-05:00,70.99500274658203,71.06999969482422,70.9800033569336,71.0199966430664,71.0199966430664,7434,0.0,0.0
2023-02-10 13:10:00-05:00,71.0250015258789,71.08000183105469,71.01000213623047,71.01499938964844,71.01499938964844,7764,0.0,0.0
2023-02-10 13:15:00-05:00,71.02999877929688,71.15499877929688,71.02999877929688,71.15499877929688,71.15499877929688,9437,0.0,0.0
2023-02-10 13:20:00-05:00,71.13999938964844,71.2300033569336,71.13999938964844,71.15499877929688,71.15499877929688,9130,0.0,0.0
2023-02-10 13:25:00-05:00,71.13999938964844,71.16000366210938,71.05999755859375,71.05999755859375,71.05999755859375,5470,0.0,0.0
2023-02-10 13:30:00-05:00,71.06999969482422,71.12000274658203,71.04000091552734,71.12000274658203,71.12000274658203,7954,0.0,0.0
2023-02-10 13:35:00-05:00,71.0999984741211,71.0999984741211,71.01499938964844,71.04499816894531,71.04499816894531,10742,0.0,0.0
2023-02-10 13:40:00-05:00,71.04499816894531,71.04499816894531,70.88999938964844,70.9000015258789,70.9000015258789,5706,0.0,0.0
2023-02-10 13:45:00-05:00,70.94999694824219,70.9800033569336,70.91000366210938,70.91999816894531,70.91999816894531,10350,0.0,0.0
2023-02-10 13:50:00-05:00,70.91000366210938,70.92900085449219,70.83000183105469,70.8499984741211,70.8499984741211,4670,0.0,0.0
2023-02-10 13:55:00-05:00,70.83999633789062,70.8499984741211,70.76000213623047,70.81500244140625,70.81500244140625,13764,0.0,0.0
2023-02-10 14:00:00-05:00,70.81999969482422,70.87899780273438,70.80500030517578,70.80999755859375,70.80999755859375,7372,0.0,0.0
2023-02-10 14:05:00-05:00,70.80999755859375,70.87000274658203,70.79000091552734,70.86000061035156,70.86000061035156,6647,0.0,0.0
2023-02-10 14:10:00-05:00,70.86000061035156,70.90899658203125,70.83000183105469,70.86000061035156,70.86000061035156,8980,0.0,0.0
2023-02-10 14:15:00-05:00,70.87999725341797,70.94499969482422,70.84500122070312,70.88999938964844,70.88999938964844,7511,0.0,0.0
2023-02-10 14:20:00-05:00,70.88999938964844,70.95449829101562,70.87000274658203,70.94000244140625,70.94000244140625,9120,0.0,0.0
2023-02-10 14:25:00-05:00,70.94000244140625,70.94000244140625,70.82499694824219,70.83999633789062,70.83999633789062,11571,0.0,0.0
2023-02-10 14:30:00-05:00,70.83000183105469,70.94000244140625,70.76000213623047,70.94000244140625,70.94000244140625,9535,0.0,0.0
2023-02-10 14:35:00-05:00,70.94000244140625,70.94999694824219,70.83000183105469,70.9000015258789,70.9000015258789,9908,0.0,0.0
2023-02-10 14:40:00-05:00,70.9000015258789,70.9000015258789,70.79000091552734,70.81500244140625,70.81500244140625,10855,0.0,0.0
2023-02-10 14:45:00-05:00,70.81999969482422,70.84500122070312,70.7699966430664,70.83999633789062,70.83999633789062,7760,0.0,0.0
2023-02-10 14:50:00-05:00,70.83999633789062,70.91000366210938,70.83999633789062,70.9000015258789,70.9000015258789,9856,0.0,0.0
2023-02-10 14:55:00-05:00,70.88999938964844,70.9000015258789,70.83999633789062,70.9000015258789,70.9000015258789,10685,0.0,0.0
2023-02-10 15:00:00-05:00,70.91000366210938,71.01499938964844,70.87999725341797,70.87999725341797,70.87999725341797,10875,0.0,0.0
2023-02-10 15:05:00-05:00,70.88999938964844,70.98500061035156,70.88999938964844,70.91999816894531,70.91999816894531,9112,0.0,0.0
2023-02-10 15:10:00-05:00,70.91999816894531,70.94000244140625,70.79000091552734,70.80000305175781,70.80000305175781,12883,0.0,0.0
2023-02-10 15:15:00-05:00,70.81999969482422,70.86000061035156,70.79000091552734,70.82499694824219,70.82499694824219,14461,0.0,0.0
2023-02-10 15:20:00-05:00,70.81999969482422,70.86000061035156,70.76000213623047,70.77999877929688,70.77999877929688,19636,0.0,0.0
2023-02-10 15:25:00-05:00,70.7699966430664,70.86000061035156,70.7699966430664,70.8499984741211,70.8499984741211,12451,0.0,0.0
2023-02-10 15:30:00-05:00,70.87000274658203,70.91000366210938,70.86000061035156,70.91000366210938,70.91000366210938,21013,0.0,0.0
2023-02-10 15:35:00-05:00,70.91500091552734,71.0199966430664,70.91000366210938,70.9800033569336,70.9800033569336,20191,0.0,0.0
2023-02-10 15:40:00-05:00,70.95999908447266,70.97000122070312,70.88999938964844,70.91000366210938,70.91000366210938,23895,0.0,0.0
2023-02-10 15:45:00-05:00,70.9000015258789,70.95999908447266,70.87999725341797,70.88999938964844,70.88999938964844,30582,0.0,0.0
2023-02-10 15:50:00-05:00,70.87999725341797,70.94999694824219,70.80999755859375,70.87999725341797,70.87999725341797,78236,0.0,0.0
2023-02-10 15:55:00-05:00,70.88999938964844,70.91000366210938,70.76000213623047,70.83999633789062,70.83999633789062,117049,0.0,0.0
2023-02-13 09:30:00-05:00,70.95999908447266,71.20999908447266,70.92500305175781,70.92500305175781,70.92500305175781,354,0.0,0.0
2023-02-13 09:35:00-05:00,70.83000183105469,70.9800033569336,70.83000183105469,70.97000122070312,70.97000122070312,2056,0.0,0.0
2023-02-13 09:40:00-05:00,70.91999816894531,71.2249984741211,70.91999816894531,71.22000122070312,71.22000122070312,1797,0.0,0.0
2023-02-13 09:45:00-05:00,71.23999786376953,71.38999938964844,71.22000122070312,71.38999938964844,71.38999938964844,14236,0.0,0.0
2023-02-13 09:50:00-05:00,71.38999938964844,71.4000015258789,71.26499938964844,71.26499938964844,71.26499938964844,6538,0.0,0.0
2023-02-13 09:55:00-05:00,71.26499938964844,71.36000061035156,71.23999786376953,71.33000183105469,71.33000183105469,6852,0.0,0.0
2023-02-13 10:00:00-05:00,71.36000061035156,71.36000061035156,71.26000213623047,71.3270034790039,71.3270034790039,6034,0.0,0.0
2023-02-13 10:05:00-05:00,71.31999969482422,71.33000183105469,71.2699966430664,71.30999755859375,71.30999755859375,5347,0.0,0.0
2023-02-13 10:10:00-05:00,71.27999877929688,71.27999877929688,71.22000122070312,71.25,71.25,4957,0.0,0.0
2023-02-13 10:15:00-05:00,71.27490234375,71.27999877929688,71.16500091552734,71.2300033569336,71.2300033569336,10798,0.0,0.0
2023-02-13 10:20:00-05:00,71.29000091552734,71.31999969482422,71.27999877929688,71.30999755859375,71.30999755859375,3576,0.0,0.0
2023-02-13 10:25:00-05:00,71.33000183105469,71.5,71.33000183105469,71.5,71.5,4789,0.0,0.0
2023-02-13 10:30:00-05:00,71.5,71.55999755859375,71.44999694824219,71.44999694824219,71.44999694824219,7057,0.0,0.0
2023-02-13 10:35:00-05:00,71.4749984741211,71.51000213623047,71.47000122070312,71.5,71.5,2979,0.0,0.0
2023-02-13 10:40:00-05:00,71.5199966430664,71.55999755859375,71.51000213623047,71.51000213623047,71.51000213623047,6738,0.0,0.0
2023-02-13 10:45:00-05:00,71.51000213623047,71.58000183105469,71.47000122070312,71.58000183105469,71.58000183105469,6847,0.0,0.0
2023-02-13 10:50:00-05:00,71.61000061035156,71.6500015258789,71.56999969482422,71.56999969482422,71.56999969482422,6113,0.0,0.0
2023-02-13 10:55:00-05:00,71.56999969482422,71.63999938964844,71.56999969482422,71.58999633789062,71.58999633789062,5413,0.0,0.0
2023-02-13 11:00:00-05:00,71.5999984741211,71.625,71.55000305175781,71.625,71.625,7297,0.0,0.0
2023-02-13 11:05:00-05:00,71.62999725341797,71.62999725341797,71.5199966430664,71.52950286865234,71.52950286865234,2744,0.0,0.0
2023-02-13 11:10:00-05:00,71.5333023071289,71.58000183105469,71.50499725341797,71.56999969482422,71.56999969482422,4969,0.0,0.0
2023-02-13 11:15:00-05:00,71.56999969482422,71.63999938964844,71.55999755859375,71.63999938964844,71.63999938964844,7935,0.0,0.0
2023-02-13 11:20:00-05:00,71.63999938964844,71.69000244140625,71.62999725341797,71.66999816894531,71.66999816894531,6192,0.0,0.0
2023-02-13 11:25:00-05:00,71.66000366210938,71.68000030517578,71.62999725341797,71.67500305175781,71.67500305175781,6240,0.0,0.0
2023-02-13 11:30:00-05:00,71.69000244140625,71.73999786376953,71.63999938964844,71.68000030517578,71.68000030517578,9523,0.0,0.0
2023-02-13 11:35:00-05:00,71.68000030517578,71.72000122070312,71.62000274658203,71.72000122070312,71.72000122070312,5631,0.0,0.0
2023-02-13 11:40:00-05:00,71.71499633789062,71.83999633789062,71.71499633789062,71.83999633789062,71.83999633789062,4995,0.0,0.0
2023-02-13 11:45:00-05:00,71.83000183105469,71.9000015258789,71.83000183105469,71.87999725341797,71.87999725341797,6002,0.0,0.0
2023-02-13 11:50:00-05:00,71.87000274658203,71.87000274658203,71.79000091552734,71.79000091552734,71.79000091552734,8416,0.0,0.0
2023-02-13 11:55:00-05:00,71.77999877929688,71.81999969482422,71.75,71.81500244140625,71.81500244140625,5746,0.0,0.0
2023-02-13 12:00:00-05:00,71.81500244140625,71.81999969482422,71.79000091552734,71.79000091552734,71.79000091552734,6138,0.0,0.0
2023-02-13 12:05:00-05:00,71.80000305175781,71.87000274658203,71.80000305175781,71.87000274658203,71.87000274658203,3451,0.0,0.0
2023-02-13 12:10:00-05:00,71.86000061035156,71.9000015258789,71.83999633789062,71.83999633789062,71.83999633789062,7988,0.0,0.0
2023-02-13 12:15:00-05:00,71.83999633789062,71.88500213623047,71.83999633789062,71.88500213623047,71.88500213623047,5031,0.0,0.0
2023-02-13 12:20:00-05:00,71.88999938964844,71.93000030517578,71.87000274658203,71.93000030517578,71.93000030517578,10027,0.0,0.0
2023-02-13 12:25:00-05:00,71.91999816894531,71.93000030517578,71.88600158691406,71.93000030517578,71.93000030517578,6155,0.0,0.0
2023-02-13 12:30:00-05:00,71.94999694824219,71.97000122070312,71.91500091552734,71.94000244140625,71.94000244140625,8462,0.0,0.0
2023-02-13 12:35:00-05:00,71.93000030517578,71.93000030517578,71.80000305175781,71.87000274658203,71.87000274658203,9347,0.0,0.0
2023-02-13 12:40:00-05:00,71.87999725341797,71.94000244140625,71.87999725341797,71.91999816894531,71.91999816894531,6648,0.0,0.0
2023-02-13 12:45:00-05:00,71.94000244140625,72.0,71.94000244140625,71.94999694824219,71.94999694824219,9571,0.0,0.0
2023-02-13 12:50:00-05:00,71.91999816894531,71.95999908447266,71.91999816894531,71.94000244140625,71.94000244140625,3901,0.0,0.0
2023-02-13 12:55:00-05:00,71.95999908447266,72.0,71.95999908447266,71.98999786376953,71.98999786376953,5257,0.0,0.0
2023-02-13 13:00:00-05:00,71.98999786376953,72.05999755859375,71.98999786376953,72.04000091552734,72.04000091552734,11310,0.0,0.0
2023-02-13 13:05:00-05:00,72.05000305175781,72.05000305175781,72.00499725341797,72.01000213623047,72.01000213623047,4108,0.0,0.0
2023-02-13 13:10:00-05:00,72.01000213623047,72.05000305175781,72.01000213623047,72.05000305175781,72.05000305175781,5020,0.0,0.0
2023-02-13 13:15:00-05:00,72.05999755859375,72.12000274658203,72.05999755859375,72.11000061035156,72.11000061035156,10576,0.0,0.0
2023-02-13 13:20:00-05:00,72.0999984741211,72.10810089111328,72.0199966430664,72.0199966430664,72.0199966430664,8809,0.0,0.0
2023-02-13 13:25:00-05:00,72.02999877929688,72.12409973144531,72.02999877929688,72.0999984741211,72.0999984741211,9953,0.0,0.0
2023-02-13 13:30:00-05:00,72.08999633789062,72.12000274658203,72.05999755859375,72.05999755859375,72.05999755859375,8152,0.0,0.0
2023-02-13 13:35:00-05:00,72.05999755859375,72.0989990234375,72.04000091552734,72.08999633789062,72.08999633789062,4685,0.0,0.0
2023-02-13 13:40:00-05:00,72.08000183105469,72.12000274658203,72.05500030517578,72.12000274658203,72.12000274658203,6957,0.0,0.0
2023-02-13 13:45:00-05:00,72.125,72.21499633789062,72.12000274658203,72.19000244140625,72.19000244140625,9119,0.0,0.0
2023-02-13 13:50:00-05:00,72.19000244140625,72.19000244140625,72.1500015258789,72.16000366210938,72.16000366210938,5982,0.0,0.0
2023-02-13 13:55:00-05:00,72.16999816894531,72.19499969482422,72.13500213623047,72.16999816894531,72.16999816894531,5635,0.0,0.0
2023-02-13 14:00:00-05:00,72.19000244140625,72.2300033569336,72.18000030517578,72.18000030517578,72.18000030517578,8117,0.0,0.0
2023-02-13 14:05:00-05:00,72.16999816894531,72.16999816894531,72.11000061035156,72.12000274658203,72.12000274658203,5876,0.0,0.0
2023-02-13 14:10:00-05:00,72.11000061035156,72.11000061035156,72.04000091552734,72.08000183105469,72.08000183105469,7765,0.0,0.0
2023-02-13 14:15:00-05:00,72.08000183105469,72.13500213623047,72.06999969482422,72.13500213623047,72.13500213623047,7852,0.0,0.0
2023-02-13 14:20:00-05:00,72.12999725341797,72.12999725341797,71.98999786376953,72.00499725341797,72.00499725341797,7357,0.0,0.0
2023-02-13 14:25:00-05:00,71.98999786376953,71.98999786376953,71.91999816894531,71.91999816894531,71.91999816894531,7021,0.0,0.0
2023-02-13 14:30:00-05:00,71.94000244140625,71.9800033569336,71.93000030517578,71.9800033569336,71.9800033569336,5986,0.0,0.0
2023-02-13 14:35:00-05:00,71.97000122070312,72.0199966430664,71.94000244140625,71.95999908447266,71.95999908447266,8051,0.0,0.0
2023-02-13 14:40:00-05:00,71.93000030517578,71.96900177001953,71.8499984741211,71.96900177001953,71.96900177001953,8380,0.0,0.0
2023-02-13 14:45:00-05:00,71.95999908447266,71.95999908447266,71.9000015258789,71.9000015258789,71.9000015258789,8372,0.0,0.0
2023-02-13 14:50:00-05:00,71.9000015258789,71.95999908447266,71.9000015258789,71.91999816894531,71.91999816894531,8067,0.0,0.0
2023-02-13 14:55:00-05:00,71.93000030517578,71.93499755859375,71.8499984741211,71.8499984741211,71.8499984741211,8584,0.0,0.0
2023-02-13 15:00:00-05:00,71.8499984741211,71.8499984741211,71.7699966430664,71.83000183105469,71.83000183105469,10747,0.0,0.0
2023-02-13 15:05:00-05:00,71.8499984741211,71.86499786376953,71.83000183105469,71.8499984741211,71.8499984741211,5912,0.0,0.0
2023-02-13 15:10:00-05:00,71.84500122070312,71.94999694824219,71.84500122070312,71.91999816894531,71.91999816894531,13171,0.0,0.0
2023-02-13 15:15:00-05:00,71.93000030517578,71.94999694824219,71.88999938964844,71.91000366210938,71.91000366210938,8812,0.0,0.0
2023-02-13 15:20:00-05:00,71.91000366210938,71.94000244140625,71.86499786376953,71.88999938964844,71.88999938964844,9465,0.0,0.0
2023-02-13 15:25:00-05:00,71.87999725341797,71.91999816894531,71.87999725341797,71.91999816894531,71.91999816894531,5828,0.0,0.0
2023-02-13 15:30:00-05:00,71.94000244140625,71.94999694824219,71.86000061035156,71.87000274658203,71.87000274658203,15220,0.0,0.0
2023-02-13 15:35:00-05:00,71.86000061035156,72.01000213623047,71.85299682617188,72.0,72.0,14030,0.0,0.0
2023-02-13 15:40:00-05:00,72.01000213623047,72.02999877929688,71.95999908447266,71.98999786376953,71.98999786376953,11712,0.0,0.0
2023-02-13 15:45:00-05:00,71.9800033569336,72.01499938964844,71.88999938964844,72.0,72.0,29410,0.0,0.0
2023-02-13 15:50:00-05:00,71.9800033569336,72.05999755859375,71.91999816894531,72.05999755859375,72.05999755859375,49408,0.0,0.0
2023-02-13 15:55:00-05:00,72.06999969482422,72.11000061035156,72.01699829101562,72.08999633789062,72.08999633789062,97316,0.0,0.0
2023-02-13 16:00:00-05:00,72.05000305175781,72.05000305175781,72.05000305175781,72.05000305175781,72.05000305175781,0,0.0,0.0
