Datetime,Open,High,Low,Close,Adj Close,Volume,Dividends,Stock Splits
2023-01-17 09:30:00-05:00,32.5,32.5,32.154998779296875,32.154998779296875,32.154998779296875,20684,0.0,0.0
2023-01-17 09:35:00-05:00,32.224998474121094,32.2400016784668,32.16999816894531,32.18000030517578,32.18000030517578,4567,0.0,0.0
2023-01-17 09:40:00-05:00,32.150001525878906,32.220001220703125,32.040000915527344,32.209999084472656,32.209999084472656,16860,0.0,0.0
2023-01-17 09:45:00-05:00,32.25,32.595001220703125,32.25,32.4900016784668,32.4900016784668,58350,0.0,0.0
2023-01-17 09:50:00-05:00,32.5099983215332,32.650001525878906,32.4900016784668,32.56999969482422,32.56999969482422,25220,0.0,0.0
2023-01-17 09:55:00-05:00,32.59000015258789,32.630001068115234,32.47999954223633,32.595001220703125,32.595001220703125,21294,0.0,0.0
2023-01-17 10:00:00-05:00,32.61000061035156,32.72999954223633,32.58549880981445,32.71500015258789,32.71500015258789,12860,0.0,0.0
2023-01-17 10:05:00-05:00,32.720001220703125,32.779998779296875,32.689998626708984,32.71500015258789,32.71500015258789,53226,0.0,0.0
2023-01-17 10:10:00-05:00,32.71500015258789,32.814998626708984,32.59000015258789,32.61000061035156,32.61000061035156,19302,0.0,0.0
2023-01-17 10:15:00-05:00,32.599998474121094,32.650001525878906,32.51499938964844,32.630001068115234,32.630001068115234,18104,0.0,0.0
2023-01-17 10:20:00-05:00,32.630001068115234,32.72999954223633,32.619998931884766,32.709999084472656,32.709999084472656,18437,0.0,0.0
2023-01-17 10:25:00-05:00,32.70000076293945,32.7599983215332,32.529998779296875,32.529998779296875,32.529998779296875,21079,0.0,0.0
2023-01-17 10:30:00-05:00,32.529998779296875,32.59000015258789,32.36000061035156,32.39099884033203,32.39099884033203,21308,0.0,0.0
2023-01-17 10:35:00-05:00,32.39099884033203,32.47999954223633,32.380001068115234,32.46500015258789,32.46500015258789,13184,0.0,0.0
2023-01-17 10:40:00-05:00,32.47999954223633,32.47999954223633,32.34000015258789,32.380001068115234,32.380001068115234,22238,0.0,0.0
2023-01-17 10:45:00-05:00,32.375,32.5,32.375,32.4900016784668,32.4900016784668,6468,0.0,0.0
2023-01-17 10:50:00-05:00,32.48500061035156,32.59000015258789,32.47999954223633,32.4900016784668,32.4900016784668,21580,0.0,0.0
2023-01-17 10:55:00-05:00,32.5,32.54999923706055,32.5,32.529998779296875,32.529998779296875,13647,0.0,0.0
2023-01-17 11:00:00-05:00,32.52000045776367,32.58000183105469,32.44499969482422,32.470001220703125,32.470001220703125,21270,0.0,0.0
2023-01-17 11:05:00-05:00,32.459999084472656,32.54999923706055,32.45000076293945,32.54999923706055,32.54999923706055,15725,0.0,0.0
2023-01-17 11:10:00-05:00,32.53499984741211,32.61000061035156,32.51499938964844,32.60499954223633,32.60499954223633,28223,0.0,0.0
2023-01-17 11:15:00-05:00,32.60499954223633,32.70000076293945,32.60499954223633,32.665000915527344,32.665000915527344,38174,0.0,0.0
2023-01-17 11:20:00-05:00,32.68000030517578,32.68000030517578,32.52000045776367,32.52000045776367,32.52000045776367,27304,0.0,0.0
2023-01-17 11:25:00-05:00,32.540000915527344,32.66999816894531,32.52000045776367,32.66999816894531,32.66999816894531,11605,0.0,0.0
2023-01-17 11:30:00-05:00,32.66999816894531,32.78499984741211,32.66999816894531,32.75,32.75,12385,0.0,0.0
2023-01-17 11:35:00-05:00,32.7599983215332,32.810001373291016,32.720001220703125,32.790000915527344,32.790000915527344,22270,0.0,0.0
2023-01-17 11:40:00-05:00,32.779998779296875,32.88999938964844,32.775001525878906,32.86000061035156,32.86000061035156,40682,0.0,0.0
2023-01-17 11:45:00-05:00,32.86000061035156,32.95000076293945,32.86000061035156,32.939998626708984,32.939998626708984,17891,0.0,0.0
2023-01-17 11:50:00-05:00,32.939998626708984,33.005001068115234,32.939998626708984,32.97999954223633,32.97999954223633,13770,0.0,0.0
2023-01-17 11:55:00-05:00,32.970001220703125,32.97999954223633,32.94499969482422,32.950801849365234,32.950801849365234,22325,0.0,0.0
2023-01-17 12:00:00-05:00,32.959999084472656,33.02000045776367,32.959999084472656,33.0,33.0,20160,0.0,0.0
2023-01-17 12:05:00-05:00,32.9900016784668,33.01599884033203,32.83000183105469,32.83000183105469,32.83000183105469,30190,0.0,0.0
2023-01-17 12:10:00-05:00,32.814998626708984,32.90999984741211,32.810001373291016,32.880001068115234,32.880001068115234,20014,0.0,0.0
2023-01-17 12:15:00-05:00,32.8849983215332,32.8849983215332,32.7599983215332,32.7599983215332,32.7599983215332,17139,0.0,0.0
2023-01-17 12:20:00-05:00,32.77000045776367,32.779998779296875,32.72999954223633,32.75,32.75,16441,0.0,0.0
2023-01-17 12:25:00-05:00,32.75,32.779998779296875,32.720001220703125,32.720001220703125,32.720001220703125,16393,0.0,0.0
2023-01-17 12:30:00-05:00,32.71500015258789,32.77000045776367,32.709999084472656,32.75,32.75,10883,0.0,0.0
2023-01-17 12:35:00-05:00,32.7599983215332,32.77000045776367,32.7400016784668,32.7400016784668,32.7400016784668,13094,0.0,0.0
2023-01-17 12:40:00-05:00,32.72999954223633,32.7400016784668,32.68000030517578,32.7400016784668,32.7400016784668,12391,0.0,0.0
2023-01-17 12:45:00-05:00,32.7400016784668,32.775001525878906,32.7400016784668,32.75,32.75,14648,0.0,0.0
2023-01-17 12:50:00-05:00,32.755001068115234,32.755001068115234,32.70000076293945,32.70500183105469,32.70500183105469,13661,0.0,0.0
2023-01-17 12:55:00-05:00,32.70500183105469,32.7599983215332,32.70000076293945,32.755001068115234,32.755001068115234,11732,0.0,0.0
2023-01-17 13:00:00-05:00,32.755001068115234,32.88999938964844,32.7400016784668,32.88999938964844,32.88999938964844,83190,0.0,0.0
2023-01-17 13:05:00-05:00,32.88999938964844,33.029998779296875,32.880001068115234,33.029998779296875,33.029998779296875,12106,0.0,0.0
2023-01-17 13:10:00-05:00,33.02000045776367,33.040000915527344,32.974998474121094,33.029998779296875,33.029998779296875,21474,0.0,0.0
2023-01-17 13:15:00-05:00,33.029998779296875,33.060001373291016,33.02000045776367,33.040000915527344,33.040000915527344,8857,0.0,0.0
2023-01-17 13:20:00-05:00,33.029998779296875,33.040000915527344,33.0,33.0099983215332,33.0099983215332,7488,0.0,0.0
2023-01-17 13:25:00-05:00,33.0099983215332,33.04999923706055,33.0,33.040000915527344,33.040000915527344,16396,0.0,0.0
2023-01-17 13:30:00-05:00,33.029998779296875,33.06999969482422,33.01499938964844,33.029998779296875,33.029998779296875,12881,0.0,0.0
2023-01-17 13:35:00-05:00,33.0099983215332,33.06999969482422,33.005001068115234,33.06999969482422,33.06999969482422,12460,0.0,0.0
2023-01-17 13:40:00-05:00,33.06999969482422,33.1349983215332,33.06999969482422,33.1349983215332,33.1349983215332,11900,0.0,0.0
2023-01-17 13:45:00-05:00,33.130001068115234,33.1349983215332,33.09000015258789,33.09000015258789,33.09000015258789,12446,0.0,0.0
2023-01-17 13:50:00-05:00,33.099998474121094,33.18000030517578,33.099998474121094,33.18000030517578,33.18000030517578,11023,0.0,0.0
2023-01-17 13:55:00-05:00,33.16999816894531,33.189998626708984,33.15999984741211,33.17499923706055,33.17499923706055,11327,0.0,0.0
2023-01-17 14:00:00-05:00,33.17499923706055,33.189998626708984,33.13999938964844,33.16999816894531,33.16999816894531,13818,0.0,0.0
2023-01-17 14:05:00-05:00,33.185001373291016,33.189998626708984,33.04999923706055,33.11000061035156,33.11000061035156,13755,0.0,0.0
2023-01-17 14:10:00-05:00,33.095001220703125,33.130001068115234,33.064998626708984,33.130001068115234,33.130001068115234,21252,0.0,0.0
2023-01-17 14:15:00-05:00,33.130001068115234,33.1349983215332,33.0,33.06999969482422,33.06999969482422,15705,0.0,0.0
2023-01-17 14:20:00-05:00,33.060001373291016,33.07500076293945,33.04499816894531,33.04499816894531,33.04499816894531,9473,0.0,0.0
2023-01-17 14:25:00-05:00,33.04999923706055,33.064998626708984,33.040000915527344,33.04999923706055,33.04999923706055,8923,0.0,0.0
2023-01-17 14:30:00-05:00,33.04999923706055,33.08000183105469,33.02000045776367,33.06999969482422,33.06999969482422,21049,0.0,0.0
2023-01-17 14:35:00-05:00,33.06999969482422,33.08000183105469,33.0099983215332,33.029998779296875,33.029998779296875,13977,0.0,0.0
2023-01-17 14:40:00-05:00,33.02000045776367,33.029998779296875,33.0099983215332,33.020301818847656,33.020301818847656,8419,0.0,0.0
2023-01-17 14:45:00-05:00,33.02000045776367,33.03499984741211,32.994998931884766,33.0,33.0,20102,0.0,0.0
2023-01-17 14:50:00-05:00,33.0,33.01499938964844,32.9900016784668,33.0099983215332,33.0099983215332,13434,0.0,0.0
2023-01-17 14:55:00-05:00,33.0099983215332,33.08000183105469,32.9900016784668,33.08000183105469,33.08000183105469,18010,0.0,0.0
2023-01-17 15:00:00-05:00,33.09000015258789,33.119998931884766,33.09000015258789,33.11000061035156,33.11000061035156,12208,0.0,0.0
2023-01-17 15:05:00-05:00,33.11000061035156,33.279998779296875,33.11000061035156,33.279998779296875,33.279998779296875,22061,0.0,0.0
2023-01-17 15:10:00-05:00,33.279998779296875,33.29999923706055,33.27000045776367,33.290000915527344,33.290000915527344,18919,0.0,0.0
2023-01-17 15:15:00-05:00,33.279998779296875,33.334999084472656,33.2400016784668,33.26470184326172,33.26470184326172,31249,0.0,0.0
2023-01-17 15:20:00-05:00,33.27000045776367,33.369998931884766,33.27000045776367,33.369998931884766,33.369998931884766,22452,0.0,0.0
2023-01-17 15:25:00-05:00,33.375,33.380001068115234,33.310001373291016,33.310001373291016,33.310001373291016,27712,0.0,0.0
2023-01-17 15:30:00-05:00,33.31999969482422,33.33000183105469,33.20500183105469,33.25,33.25,41902,0.0,0.0
2023-01-17 15:35:00-05:00,33.244998931884766,33.290000915527344,33.244998931884766,33.279998779296875,33.279998779296875,28596,0.0,0.0
2023-01-17 15:40:00-05:00,33.27000045776367,33.279998779296875,33.220001220703125,33.220001220703125,33.220001220703125,36774,0.0,0.0
2023-01-17 15:45:00-05:00,33.220001220703125,33.220001220703125,33.15999984741211,33.18000030517578,33.18000030517578,48511,0.0,0.0
2023-01-17 15:50:00-05:00,33.18000030517578,33.185001373291016,33.09000015258789,33.099998474121094,33.099998474121094,92555,0.0,0.0
2023-01-17 15:55:00-05:00,33.09000015258789,33.18000030517578,33.05500030517578,33.150001525878906,33.150001525878906,176783,0.0,0.0
2023-01-18 09:30:00-05:00,33.06999969482422,33.36000061035156,33.06999969482422,33.2400016784668,33.2400016784668,18723,0.0,0.0
2023-01-18 09:35:00-05:00,33.27000045776367,33.27000045776367,33.11000061035156,33.185001373291016,33.185001373291016,2283,0.0,0.0
2023-01-18 09:40:00-05:00,33.12590026855469,33.2599983215332,33.125,33.15999984741211,33.15999984741211,3926,0.0,0.0
2023-01-18 09:45:00-05:00,33.189998626708984,33.189998626708984,33.150001525878906,33.150001525878906,33.150001525878906,1411,0.0,0.0
2023-01-18 09:50:00-05:00,33.22999954223633,33.38999938964844,33.20000076293945,33.380001068115234,33.380001068115234,4884,0.0,0.0
2023-01-18 09:55:00-05:00,33.38999938964844,33.540000915527344,33.38999938964844,33.459999084472656,33.459999084472656,16843,0.0,0.0
2023-01-18 10:00:00-05:00,33.470001220703125,33.560001373291016,33.3849983215332,33.3849983215332,33.3849983215332,9810,0.0,0.0
2023-01-18 10:05:00-05:00,33.40999984741211,33.4900016784668,33.35499954223633,33.35499954223633,33.35499954223633,12513,0.0,0.0
2023-01-18 10:10:00-05:00,33.369998931884766,33.45000076293945,33.36000061035156,33.45000076293945,33.45000076293945,5463,0.0,0.0
2023-01-18 10:15:00-05:00,33.41999816894531,33.5099983215332,33.41999816894531,33.45500183105469,33.45500183105469,16659,0.0,0.0
2023-01-18 10:20:00-05:00,33.45500183105469,33.68000030517578,33.45500183105469,33.68000030517578,33.68000030517578,15919,0.0,0.0
2023-01-18 10:25:00-05:00,33.67499923706055,33.69499969482422,33.5099983215332,33.52000045776367,33.52000045776367,15397,0.0,0.0
2023-01-18 10:30:00-05:00,33.51100158691406,33.52000045776367,33.5,33.505001068115234,33.505001068115234,4398,0.0,0.0
2023-01-18 10:35:00-05:00,33.505001068115234,33.529998779296875,33.43000030517578,33.439998626708984,33.439998626708984,10582,0.0,0.0
2023-01-18 10:40:00-05:00,33.435001373291016,33.44499969482422,33.36000061035156,33.3650016784668,33.3650016784668,8149,0.0,0.0
2023-01-18 10:45:00-05:00,33.380001068115234,33.4900016784668,33.380001068115234,33.47999954223633,33.47999954223633,14930,0.0,0.0
2023-01-18 10:50:00-05:00,33.470001220703125,33.470001220703125,33.369998931884766,33.40999984741211,33.40999984741211,12513,0.0,0.0
2023-01-18 10:55:00-05:00,33.40999984741211,33.4900016784668,33.400001525878906,33.47999954223633,33.47999954223633,9509,0.0,0.0
2023-01-18 11:00:00-05:00,33.4900016784668,33.525001525878906,33.459999084472656,33.525001525878906,33.525001525878906,7919,0.0,0.0
2023-01-18 11:05:00-05:00,33.52000045776367,33.61000061035156,33.4900016784668,33.599998474121094,33.599998474121094,39795,0.0,0.0
2023-01-18 11:10:00-05:00,33.619998931884766,33.64500045776367,33.58000183105469,33.64500045776367,33.64500045776367,7558,0.0,0.0
2023-01-18 11:15:00-05:00,33.68000030517578,33.689998626708984,33.65999984741211,33.665000915527344,33.665000915527344,5568,0.0,0.0
2023-01-18 11:20:00-05:00,33.68000030517578,33.68000030517578,33.619998931884766,33.66830062866211,33.66830062866211,10622,0.0,0.0
2023-01-18 11:25:00-05:00,33.665000915527344,33.69499969482422,33.59000015258789,33.59000015258789,33.59000015258789,9363,0.0,0.0
2023-01-18 11:30:00-05:00,33.560001373291016,33.560001373291016,33.494998931884766,33.540000915527344,33.540000915527344,9117,0.0,0.0
2023-01-18 11:35:00-05:00,33.560001373291016,33.560001373291016,33.540000915527344,33.54999923706055,33.54999923706055,6084,0.0,0.0
2023-01-18 11:40:00-05:00,33.54499816894531,33.599998474121094,33.540000915527344,33.540000915527344,33.540000915527344,7626,0.0,0.0
2023-01-18 11:45:00-05:00,33.54499816894531,33.61000061035156,33.54499816894531,33.61000061035156,33.61000061035156,6262,0.0,0.0
2023-01-18 11:50:00-05:00,33.619998931884766,33.630001068115234,33.529998779296875,33.564998626708984,33.564998626708984,8813,0.0,0.0
2023-01-18 11:55:00-05:00,33.56999969482422,33.63999938964844,33.56999969482422,33.63999938964844,33.63999938964844,5029,0.0,0.0
2023-01-18 12:00:00-05:00,33.63999938964844,33.66999816894531,33.63999938964844,33.654998779296875,33.654998779296875,7405,0.0,0.0
2023-01-18 12:05:00-05:00,33.654998779296875,33.70500183105469,33.650001525878906,33.654998779296875,33.654998779296875,10199,0.0,0.0
2023-01-18 12:10:00-05:00,33.66999816894531,33.720001220703125,33.66999816894531,33.71500015258789,33.71500015258789,9528,0.0,0.0
2023-01-18 12:15:00-05:00,33.709999084472656,33.709999084472656,33.65999984741211,33.66999816894531,33.66999816894531,6967,0.0,0.0
2023-01-18 12:20:00-05:00,33.689998626708984,33.69499969482422,33.61000061035156,33.61000061035156,33.61000061035156,8857,0.0,0.0
2023-01-18 12:25:00-05:00,33.61000061035156,33.61000061035156,33.4900016784668,33.4900016784668,33.4900016784668,13584,0.0,0.0
2023-01-18 12:30:00-05:00,33.5,33.5099983215332,33.45500183105469,33.47999954223633,33.47999954223633,8505,0.0,0.0
2023-01-18 12:35:00-05:00,33.4900016784668,33.529998779296875,33.459999084472656,33.525001525878906,33.525001525878906,21099,0.0,0.0
2023-01-18 12:40:00-05:00,33.52000045776367,33.540000915527344,33.4900016784668,33.4900016784668,33.4900016784668,14392,0.0,0.0
2023-01-18 12:45:00-05:00,33.47999954223633,33.47999954223633,33.415000915527344,33.42499923706055,33.42499923706055,9573,0.0,0.0
2023-01-18 12:50:00-05:00,33.43000030517578,33.45000076293945,33.39500045776367,33.39500045776367,33.39500045776367,7575,0.0,0.0
2023-01-18 12:55:00-05:00,33.39500045776367,33.43000030517578,33.375,33.400001525878906,33.400001525878906,11760,0.0,0.0
2023-01-18 13:00:00-05:00,33.38999938964844,33.404998779296875,33.36000061035156,33.400001525878906,33.400001525878906,9904,0.0,0.0
2023-01-18 13:05:00-05:00,33.400001525878906,33.439998626708984,33.380001068115234,33.439998626708984,33.439998626708984,7396,0.0,0.0
2023-01-18 13:10:00-05:00,33.439998626708984,33.45000076293945,33.42499923706055,33.42499923706055,33.42499923706055,7259,0.0,0.0
2023-01-18 13:15:00-05:00,33.43000030517578,33.43000030517578,33.39500045776367,33.41999816894531,33.41999816894531,6644,0.0,0.0
2023-01-18 13:20:00-05:00,33.40999984741211,33.435001373291016,33.39500045776367,33.415000915527344,33.415000915527344,11993,0.0,0.0
2023-01-18 13:25:00-05:00,33.41999816894531,33.51499938964844,33.41999816894531,33.5099983215332,33.5099983215332,15064,0.0,0.0
2023-01-18 13:30:00-05:00,33.5099983215332,33.56999969482422,33.4900016784668,33.52000045776367,33.52000045776367,17786,0.0,0.0
2023-01-18 13:35:00-05:00,33.529998779296875,33.619998931884766,33.52000045776367,33.619998931884766,33.619998931884766,12880,0.0,0.0
2023-01-18 13:40:00-05:00,33.630001068115234,33.720001220703125,33.619998931884766,33.720001220703125,33.720001220703125,21760,0.0,0.0
2023-01-18 13:45:00-05:00,33.724998474121094,33.790000915527344,33.630001068115234,33.630001068115234,33.630001068115234,30407,0.0,0.0
2023-01-18 13:50:00-05:00,33.619998931884766,33.69499969482422,33.61000061035156,33.630001068115234,33.630001068115234,20445,0.0,0.0
2023-01-18 13:55:00-05:00,33.619998931884766,33.619998931884766,33.43000030517578,33.459999084472656,33.459999084472656,12694,0.0,0.0
2023-01-18 14:00:00-05:00,33.459999084472656,33.459999084472656,33.3849983215332,33.400001525878906,33.400001525878906,5047,0.0,0.0
2023-01-18 14:05:00-05:00,33.380001068115234,33.380001068115234,33.31999969482422,33.33000183105469,33.33000183105469,19533,0.0,0.0
2023-01-18 14:10:00-05:00,33.349998474121094,33.40999984741211,33.310001373291016,33.38999938964844,33.38999938964844,53687,0.0,0.0
2023-01-18 14:15:00-05:00,33.38999938964844,33.45000076293945,33.34000015258789,33.34000015258789,33.34000015258789,13508,0.0,0.0
2023-01-18 14:20:00-05:00,33.34000015258789,33.41999816894531,33.334999084472656,33.349998474121094,33.349998474121094,15459,0.0,0.0
2023-01-18 14:25:00-05:00,33.349998474121094,33.470001220703125,33.349998474121094,33.470001220703125,33.470001220703125,13209,0.0,0.0
2023-01-18 14:30:00-05:00,33.45500183105469,33.45500183105469,33.40999984741211,33.40999984741211,33.40999984741211,8063,0.0,0.0
2023-01-18 14:35:00-05:00,33.404998779296875,33.40999984741211,33.349998474121094,33.380001068115234,33.380001068115234,11702,0.0,0.0
2023-01-18 14:40:00-05:00,33.369998931884766,33.38999938964844,33.36000061035156,33.371498107910156,33.371498107910156,42643,0.0,0.0
2023-01-18 14:45:00-05:00,33.369998931884766,33.38999938964844,33.33000183105469,33.3650016784668,33.3650016784668,7201,0.0,0.0
2023-01-18 14:50:00-05:00,33.369998931884766,33.439998626708984,33.369998931884766,33.439998626708984,33.439998626708984,8492,0.0,0.0
2023-01-18 14:55:00-05:00,33.44499969482422,33.459999084472656,33.380001068115234,33.3849983215332,33.3849983215332,7142,0.0,0.0
2023-01-18 15:00:00-05:00,33.3849983215332,33.400001525878906,33.380001068115234,33.38999938964844,33.38999938964844,8516,0.0,0.0
2023-01-18 15:05:00-05:00,33.38999938964844,33.45000076293945,33.380001068115234,33.439998626708984,33.439998626708984,16894,0.0,0.0
2023-01-18 15:10:00-05:00,33.439998626708984,33.4900016784668,33.439998626708984,33.459999084472656,33.459999084472656,7607,0.0,0.0
2023-01-18 15:15:00-05:00,33.459999084472656,33.4900016784668,33.44499969482422,33.47999954223633,33.47999954223633,13976,0.0,0.0
2023-01-18 15:20:00-05:00,33.4900016784668,33.58000183105469,33.4900016784668,33.57500076293945,33.57500076293945,13322,0.0,0.0
2023-01-18 15:25:00-05:00,33.58000183105469,33.654998779296875,33.56999969482422,33.654998779296875,33.654998779296875,25318,0.0,0.0
2023-01-18 15:30:00-05:00,33.650001525878906,33.650001525878906,33.52000045776367,33.525001525878906,33.525001525878906,24428,0.0,0.0
2023-01-18 15:35:00-05:00,33.525001525878906,33.564998626708984,33.435001373291016,33.435001373291016,33.435001373291016,36166,0.0,0.0
2023-01-18 15:40:00-05:00,33.435001373291016,33.459999084472656,33.40999984741211,33.45500183105469,33.45500183105469,23445,0.0,0.0
2023-01-18 15:45:00-05:00,33.45000076293945,33.470001220703125,33.3849983215332,33.46500015258789,33.46500015258789,34493,0.0,0.0
2023-01-18 15:50:00-05:00,33.470001220703125,33.70000076293945,33.46500015258789,33.70000076293945,33.70000076293945,82288,0.0,0.0
2023-01-18 15:55:00-05:00,33.70000076293945,33.70000076293945,33.560001373291016,33.56999969482422,33.56999969482422,178723,0.0,0.0
2023-01-19 09:30:00-05:00,33.29999923706055,33.619998931884766,33.29999923706055,33.619998931884766,33.619998931884766,6700,0.0,0.0
2023-01-19 09:35:00-05:00,33.60499954223633,33.689998626708984,33.60499954223633,33.689998626708984,33.689998626708984,895,0.0,0.0
2023-01-19 09:40:00-05:00,33.61000061035156,33.63999938964844,33.52000045776367,33.52000045776367,33.52000045776367,1488,0.0,0.0
2023-01-19 09:45:00-05:00,33.45000076293945,33.5,33.40999984741211,33.47999954223633,33.47999954223633,9862,0.0,0.0
2023-01-19 09:50:00-05:00,33.5,33.595001220703125,33.5,33.57099914550781,33.57099914550781,4361,0.0,0.0
2023-01-19 09:55:00-05:00,33.630001068115234,33.790000915527344,33.619998931884766,33.790000915527344,33.790000915527344,3089,0.0,0.0
2023-01-19 10:00:00-05:00,33.779998779296875,33.81999969482422,33.65999984741211,33.68000030517578,33.68000030517578,31081,0.0,0.0
2023-01-19 10:05:00-05:00,33.68000030517578,33.7400016784668,33.65999984741211,33.65999984741211,33.65999984741211,7989,0.0,0.0
2023-01-19 10:10:00-05:00,33.63999938964844,33.63999938964844,33.43000030517578,33.5,33.5,10528,0.0,0.0
2023-01-19 10:15:00-05:00,33.5,33.58000183105469,33.470001220703125,33.54499816894531,33.54499816894531,7981,0.0,0.0
2023-01-19 10:20:00-05:00,33.56999969482422,33.58000183105469,33.459999084472656,33.46500015258789,33.46500015258789,7899,0.0,0.0
2023-01-19 10:25:00-05:00,33.470001220703125,33.52000045776367,33.470001220703125,33.5,33.5,5035,0.0,0.0
2023-01-19 10:30:00-05:00,33.4900016784668,33.52000045776367,33.47999954223633,33.4900016784668,33.4900016784668,5763,0.0,0.0
2023-01-19 10:35:00-05:00,33.5,33.630001068115234,33.5,33.625,33.625,4987,0.0,0.0
2023-01-19 10:40:00-05:00,33.625,33.66999816894531,33.619998931884766,33.63999938964844,33.63999938964844,6056,0.0,0.0
2023-01-19 10:45:00-05:00,33.619998931884766,33.685001373291016,33.619998931884766,33.65999984741211,33.65999984741211,6663,0.0,0.0
2023-01-19 10:50:00-05:00,33.65999984741211,33.68000030517578,33.630001068115234,33.6349983215332,33.6349983215332,6239,0.0,0.0
2023-01-19 10:55:00-05:00,33.619998931884766,33.619998931884766,33.54999923706055,33.560001373291016,33.560001373291016,16318,0.0,0.0
2023-01-19 11:00:00-05:00,33.56999969482422,33.70000076293945,33.56999969482422,33.650001525878906,33.650001525878906,12741,0.0,0.0
2023-01-19 11:05:00-05:00,33.650001525878906,33.71699905395508,33.619998931884766,33.70500183105469,33.70500183105469,5594,0.0,0.0
2023-01-19 11:10:00-05:00,33.720001220703125,33.88999938964844,33.720001220703125,33.88999938964844,33.88999938964844,11296,0.0,0.0
2023-01-19 11:15:00-05:00,33.88999938964844,33.939998626708984,33.849998474121094,33.904998779296875,33.904998779296875,22814,0.0,0.0
2023-01-19 11:20:00-05:00,33.91999816894531,33.959999084472656,33.880001068115234,33.880001068115234,33.880001068115234,10399,0.0,0.0
2023-01-19 11:25:00-05:00,33.86000061035156,33.86000061035156,33.83000183105469,33.84000015258789,33.84000015258789,6710,0.0,0.0
2023-01-19 11:30:00-05:00,33.81999969482422,33.849998474121094,33.810001373291016,33.810001373291016,33.810001373291016,6208,0.0,0.0
2023-01-19 11:35:00-05:00,33.81999969482422,33.880001068115234,33.810001373291016,33.869998931884766,33.869998931884766,8359,0.0,0.0
2023-01-19 11:40:00-05:00,33.875,33.877498626708984,33.79499816894531,33.79999923706055,33.79999923706055,3986,0.0,0.0
2023-01-19 11:45:00-05:00,33.810001373291016,33.849998474121094,33.810001373291016,33.84000015258789,33.84000015258789,6202,0.0,0.0
2023-01-19 11:50:00-05:00,33.86000061035156,33.8650016784668,33.79999923706055,33.83000183105469,33.83000183105469,12147,0.0,0.0
2023-01-19 11:55:00-05:00,33.84000015258789,33.90999984741211,33.84000015258789,33.900001525878906,33.900001525878906,10635,0.0,0.0
2023-01-19 12:00:00-05:00,33.90999984741211,34.0,33.90999984741211,33.9900016784668,33.9900016784668,4245,0.0,0.0
2023-01-19 12:05:00-05:00,33.9900016784668,34.040000915527344,33.9900016784668,34.005001068115234,34.005001068115234,10223,0.0,0.0
2023-01-19 12:10:00-05:00,34.02000045776367,34.11000061035156,34.02000045776367,34.08000183105469,34.08000183105469,7819,0.0,0.0
2023-01-19 12:15:00-05:00,34.084999084472656,34.11000061035156,34.08000183105469,34.099998474121094,34.099998474121094,6230,0.0,0.0
2023-01-19 12:20:00-05:00,34.099998474121094,34.099998474121094,34.029998779296875,34.029998779296875,34.029998779296875,4780,0.0,0.0
2023-01-19 12:25:00-05:00,34.029998779296875,34.08000183105469,34.029998779296875,34.06999969482422,34.06999969482422,5647,0.0,0.0
2023-01-19 12:30:00-05:00,34.06999969482422,34.09000015258789,34.040000915527344,34.06999969482422,34.06999969482422,5212,0.0,0.0
2023-01-19 12:35:00-05:00,34.06999969482422,34.1150016784668,34.06999969482422,34.1150016784668,34.1150016784668,5059,0.0,0.0
2023-01-19 12:40:00-05:00,34.11000061035156,34.150001525878906,34.11000061035156,34.1349983215332,34.1349983215332,5877,0.0,0.0
2023-01-19 12:45:00-05:00,34.130001068115234,34.150001525878906,34.119998931884766,34.130001068115234,34.130001068115234,6358,0.0,0.0
2023-01-19 12:50:00-05:00,34.130001068115234,34.13999938964844,34.040000915527344,34.04999923706055,34.04999923706055,7500,0.0,0.0
2023-01-19 12:55:00-05:00,34.04499816894531,34.095001220703125,34.029998779296875,34.095001220703125,34.095001220703125,6237,0.0,0.0
2023-01-19 13:00:00-05:00,34.099998474121094,34.119998931884766,34.084999084472656,34.119998931884766,34.119998931884766,5766,0.0,0.0
2023-01-19 13:05:00-05:00,34.11000061035156,34.11000061035156,34.02000045776367,34.029998779296875,34.029998779296875,8543,0.0,0.0
2023-01-19 13:10:00-05:00,34.029998779296875,34.040000915527344,33.935001373291016,33.95500183105469,33.95500183105469,8398,0.0,0.0
2023-01-19 13:15:00-05:00,33.95000076293945,33.97999954223633,33.95000076293945,33.970001220703125,33.970001220703125,7167,0.0,0.0
2023-01-19 13:20:00-05:00,33.970001220703125,34.0,33.95000076293945,33.9900016784668,33.9900016784668,4095,0.0,0.0
2023-01-19 13:25:00-05:00,33.970001220703125,33.9900016784668,33.95000076293945,33.9900016784668,33.9900016784668,10595,0.0,0.0
2023-01-19 13:30:00-05:00,34.0,34.06999969482422,33.9900016784668,34.06999969482422,34.06999969482422,9224,0.0,0.0
2023-01-19 13:35:00-05:00,34.06999969482422,34.11000061035156,34.06999969482422,34.11000061035156,34.11000061035156,3727,0.0,0.0
2023-01-19 13:40:00-05:00,34.119998931884766,34.150001525878906,34.06999969482422,34.06999969482422,34.06999969482422,12810,0.0,0.0
2023-01-19 13:45:00-05:00,34.06999969482422,34.06999969482422,34.0,34.0099983215332,34.0099983215332,4641,0.0,0.0
2023-01-19 13:50:00-05:00,34.0099983215332,34.02000045776367,33.962501525878906,34.0,34.0,8289,0.0,0.0
2023-01-19 13:55:00-05:00,33.9900016784668,33.994998931884766,33.95000076293945,33.994998931884766,33.994998931884766,9524,0.0,0.0
2023-01-19 14:00:00-05:00,33.994998931884766,33.994998931884766,33.939998626708984,33.95000076293945,33.95000076293945,5188,0.0,0.0
2023-01-19 14:05:00-05:00,33.939998626708984,33.939998626708984,33.86000061035156,33.91999816894531,33.91999816894531,11118,0.0,0.0
2023-01-19 14:10:00-05:00,33.93000030517578,33.9900016784668,33.93000030517578,33.9900016784668,33.9900016784668,6287,0.0,0.0
2023-01-19 14:15:00-05:00,34.0,34.04999923706055,33.994998931884766,34.0,34.0,8366,0.0,0.0
2023-01-19 14:20:00-05:00,34.0,34.040000915527344,33.959999084472656,34.040000915527344,34.040000915527344,11416,0.0,0.0
2023-01-19 14:25:00-05:00,34.040000915527344,34.040000915527344,33.994998931884766,34.0099983215332,34.0099983215332,12148,0.0,0.0
2023-01-19 14:30:00-05:00,34.02000045776367,34.03499984741211,33.959999084472656,34.029998779296875,34.029998779296875,11096,0.0,0.0
2023-01-19 14:35:00-05:00,34.029998779296875,34.13999938964844,34.029998779296875,34.099998474121094,34.099998474121094,14414,0.0,0.0
2023-01-19 14:40:00-05:00,34.099998474121094,34.15999984741211,34.09000015258789,34.15999984741211,34.15999984741211,9594,0.0,0.0
2023-01-19 14:45:00-05:00,34.150001525878906,34.185001373291016,34.150001525878906,34.16999816894531,34.16999816894531,22212,0.0,0.0
2023-01-19 14:50:00-05:00,34.16999816894531,34.17499923706055,34.099998474121094,34.17499923706055,34.17499923706055,12303,0.0,0.0
2023-01-19 14:55:00-05:00,34.17499923706055,34.189998626708984,34.15999984741211,34.15999984741211,34.15999984741211,13785,0.0,0.0
2023-01-19 15:00:00-05:00,34.165000915527344,34.38999938964844,34.165000915527344,34.369998931884766,34.369998931884766,30494,0.0,0.0
2023-01-19 15:05:00-05:00,34.349998474121094,34.36000061035156,34.27000045776367,34.29999923706055,34.29999923706055,25420,0.0,0.0
2023-01-19 15:10:00-05:00,34.310001373291016,34.400001525878906,34.310001373291016,34.369998931884766,34.369998931884766,17911,0.0,0.0
2023-01-19 15:15:00-05:00,34.38999938964844,34.48500061035156,34.380001068115234,34.439998626708984,34.439998626708984,26146,0.0,0.0
2023-01-19 15:20:00-05:00,34.459999084472656,34.5,34.41999816894531,34.48500061035156,34.48500061035156,14358,0.0,0.0
2023-01-19 15:25:00-05:00,34.48500061035156,34.619998931884766,34.48500061035156,34.59000015258789,34.59000015258789,53571,0.0,0.0
2023-01-19 15:30:00-05:00,34.599998474121094,34.61000061035156,34.529998779296875,34.60499954223633,34.60499954223633,34562,0.0,0.0
2023-01-19 15:35:00-05:00,34.599998474121094,34.72999954223633,34.595001220703125,34.66999816894531,34.66999816894531,38602,0.0,0.0
2023-01-19 15:40:00-05:00,34.66999816894531,34.7400016784668,34.65999984741211,34.72999954223633,34.72999954223633,29701,0.0,0.0
2023-01-19 15:45:00-05:00,34.7400016784668,34.810001373291016,34.73500061035156,34.7599983215332,34.7599983215332,54710,0.0,0.0
2023-01-19 15:50:00-05:00,34.7400016784668,34.7599983215332,34.5,34.5,34.5,134572,0.0,0.0
2023-01-19 15:55:00-05:00,34.5,34.5,34.31999969482422,34.400001525878906,34.400001525878906,215522,0.0,0.0
2023-01-20 09:30:00-05:00,34.7599983215332,35.040000915527344,34.75,35.0099983215332,35.0099983215332,34016,0.0,0.0
2023-01-20 09:35:00-05:00,34.95000076293945,35.06999969482422,34.939998626708984,35.02000045776367,35.02000045776367,9870,0.0,0.0
2023-01-20 09:40:00-05:00,35.0,35.01499938964844,34.880001068115234,34.994998931884766,34.994998931884766,21649,0.0,0.0
2023-01-20 09:45:00-05:00,34.994998931884766,35.189998626708984,34.994998931884766,35.17499923706055,35.17499923706055,18562,0.0,0.0
2023-01-20 09:50:00-05:00,35.17499923706055,35.19499969482422,35.02000045776367,35.040000915527344,35.040000915527344,18406,0.0,0.0
2023-01-20 09:55:00-05:00,35.029998779296875,35.34000015258789,34.97999954223633,35.34000015258789,35.34000015258789,9734,0.0,0.0
2023-01-20 10:00:00-05:00,35.310001373291016,35.5,35.29999923706055,35.43000030517578,35.43000030517578,27398,0.0,0.0
2023-01-20 10:05:00-05:00,35.45000076293945,35.52000045776367,35.38999938964844,35.400001525878906,35.400001525878906,14667,0.0,0.0
2023-01-20 10:10:00-05:00,35.39500045776367,35.439998626708984,35.334999084472656,35.439998626708984,35.439998626708984,8483,0.0,0.0
2023-01-20 10:15:00-05:00,35.42499923706055,35.47999954223633,35.38999938964844,35.47999954223633,35.47999954223633,13925,0.0,0.0
2023-01-20 10:20:00-05:00,35.4900016784668,35.61130142211914,35.459999084472656,35.599998474121094,35.599998474121094,20859,0.0,0.0
2023-01-20 10:25:00-05:00,35.59000015258789,35.599998474121094,35.43000030517578,35.5099983215332,35.5099983215332,19524,0.0,0.0
2023-01-20 10:30:00-05:00,35.52000045776367,35.65999984741211,35.5099983215332,35.630001068115234,35.630001068115234,20108,0.0,0.0
2023-01-20 10:35:00-05:00,35.630001068115234,35.65999984741211,35.584999084472656,35.619998931884766,35.619998931884766,11904,0.0,0.0
2023-01-20 10:40:00-05:00,35.630001068115234,35.7400016784668,35.59000015258789,35.72999954223633,35.72999954223633,26427,0.0,0.0
2023-01-20 10:45:00-05:00,35.73500061035156,35.7599983215332,35.709999084472656,35.720001220703125,35.720001220703125,12455,0.0,0.0
2023-01-20 10:50:00-05:00,35.689998626708984,35.709999084472656,35.61000061035156,35.709999084472656,35.709999084472656,16955,0.0,0.0
2023-01-20 10:55:00-05:00,35.709999084472656,35.755001068115234,35.560001373291016,35.560001373291016,35.560001373291016,21045,0.0,0.0
2023-01-20 11:00:00-05:00,35.59000015258789,35.599998474121094,35.560001373291016,35.58000183105469,35.58000183105469,10481,0.0,0.0
2023-01-20 11:05:00-05:00,35.602500915527344,35.61000061035156,35.540000915527344,35.560001373291016,35.560001373291016,10846,0.0,0.0
2023-01-20 11:10:00-05:00,35.54999923706055,35.75,35.54999923706055,35.75,35.75,16055,0.0,0.0
2023-01-20 11:15:00-05:00,35.7599983215332,35.790000915527344,35.58000183105469,35.58000183105469,35.58000183105469,15050,0.0,0.0
2023-01-20 11:20:00-05:00,35.56999969482422,35.56999969482422,35.220001220703125,35.25,35.25,54130,0.0,0.0
2023-01-20 11:25:00-05:00,35.244998931884766,35.380001068115234,35.244998931884766,35.369998931884766,35.369998931884766,24789,0.0,0.0
2023-01-20 11:30:00-05:00,35.369998931884766,35.369998931884766,35.29999923706055,35.33000183105469,35.33000183105469,16715,0.0,0.0
2023-01-20 11:35:00-05:00,35.33000183105469,35.34000015258789,35.279998779296875,35.29499816894531,35.29499816894531,17139,0.0,0.0
2023-01-20 11:40:00-05:00,35.310001373291016,35.36000061035156,35.30500030517578,35.349998474121094,35.349998474121094,10149,0.0,0.0
2023-01-20 11:45:00-05:00,35.36000061035156,35.400001525878906,35.36000061035156,35.38999938964844,35.38999938964844,8052,0.0,0.0
2023-01-20 11:50:00-05:00,35.38999938964844,35.38999938964844,35.29999923706055,35.29999923706055,35.29999923706055,10405,0.0,0.0
2023-01-20 11:55:00-05:00,35.310001373291016,35.310001373291016,35.2400016784668,35.275001525878906,35.275001525878906,10031,0.0,0.0
2023-01-20 12:00:00-05:00,35.275001525878906,35.29499816894531,35.20000076293945,35.29499816894531,35.29499816894531,14005,0.0,0.0
2023-01-20 12:05:00-05:00,35.310001373291016,35.470001220703125,35.310001373291016,35.44499969482422,35.44499969482422,10255,0.0,0.0
2023-01-20 12:10:00-05:00,35.44499969482422,35.5,35.43000030517578,35.439998626708984,35.439998626708984,9019,0.0,0.0
2023-01-20 12:15:00-05:00,35.435001373291016,35.5,35.435001373291016,35.45000076293945,35.45000076293945,10630,0.0,0.0
2023-01-20 12:20:00-05:00,35.45000076293945,35.54999923706055,35.45000076293945,35.529998779296875,35.529998779296875,8807,0.0,0.0
2023-01-20 12:25:00-05:00,35.52000045776367,35.529998779296875,35.45000076293945,35.46500015258789,35.46500015258789,8872,0.0,0.0
2023-01-20 12:30:00-05:00,35.46500015258789,35.470001220703125,35.43000030517578,35.46500015258789,35.46500015258789,8752,0.0,0.0
2023-01-20 12:35:00-05:00,35.470001220703125,35.51499938964844,35.459999084472656,35.48500061035156,35.48500061035156,10164,0.0,0.0
2023-01-20 12:40:00-05:00,35.4900016784668,35.5,35.470001220703125,35.470001220703125,35.470001220703125,8525,0.0,0.0
2023-01-20 12:45:00-05:00,35.4900016784668,35.505001068115234,35.47999954223633,35.47999954223633,35.47999954223633,9189,0.0,0.0
2023-01-20 12:50:00-05:00,35.47999954223633,35.47999954223633,35.40999984741211,35.41999816894531,35.41999816894531,10778,0.0,0.0
2023-01-20 12:55:00-05:00,35.41999816894531,35.41999816894531,35.29999923706055,35.29999923706055,35.29999923706055,14790,0.0,0.0
2023-01-20 13:00:00-05:00,35.310001373291016,35.34000015258789,35.290000915527344,35.310001373291016,35.310001373291016,16711,0.0,0.0
2023-01-20 13:05:00-05:00,35.310001373291016,35.33000183105469,35.27000045776367,35.314998626708984,35.314998626708984,15977,0.0,0.0
2023-01-20 13:10:00-05:00,35.310001373291016,35.5,35.29999923706055,35.4900016784668,35.4900016784668,28714,0.0,0.0
2023-01-20 13:15:00-05:00,35.5,35.5099983215332,35.33000183105469,35.33000183105469,35.33000183105469,8711,0.0,0.0
2023-01-20 13:20:00-05:00,35.29999923706055,35.34000015258789,35.2599983215332,35.334999084472656,35.334999084472656,15309,0.0,0.0
2023-01-20 13:25:00-05:00,35.349998474121094,35.36000061035156,35.31999969482422,35.334999084472656,35.334999084472656,10118,0.0,0.0
2023-01-20 13:30:00-05:00,35.334999084472656,35.369998931884766,35.31999969482422,35.31999969482422,35.31999969482422,13163,0.0,0.0
2023-01-20 13:35:00-05:00,35.33000183105469,35.38999938964844,35.33000183105469,35.369998931884766,35.369998931884766,13299,0.0,0.0
2023-01-20 13:40:00-05:00,35.369998931884766,35.400001525878906,35.334999084472656,35.345001220703125,35.345001220703125,10483,0.0,0.0
2023-01-20 13:45:00-05:00,35.349998474121094,35.39500045776367,35.34000015258789,35.39500045776367,35.39500045776367,18421,0.0,0.0
2023-01-20 13:50:00-05:00,35.39500045776367,35.439998626708984,35.39500045776367,35.43000030517578,35.43000030517578,11514,0.0,0.0
2023-01-20 13:55:00-05:00,35.43000030517578,35.505001068115234,35.42129898071289,35.4900016784668,35.4900016784668,12469,0.0,0.0
2023-01-20 14:00:00-05:00,35.4900016784668,35.494998931884766,35.45000076293945,35.470001220703125,35.470001220703125,13970,0.0,0.0
2023-01-20 14:05:00-05:00,35.459999084472656,35.459999084472656,35.36000061035156,35.3650016784668,35.3650016784668,9918,0.0,0.0
2023-01-20 14:10:00-05:00,35.3650016784668,35.380001068115234,35.3203010559082,35.369998931884766,35.369998931884766,20168,0.0,0.0
2023-01-20 14:15:00-05:00,35.369998931884766,35.400001525878906,35.279998779296875,35.29999923706055,35.29999923706055,16837,0.0,0.0
2023-01-20 14:20:00-05:00,35.310001373291016,35.334999084472656,35.310001373291016,35.31999969482422,35.31999969482422,9199,0.0,0.0
2023-01-20 14:25:00-05:00,35.31999969482422,35.474998474121094,35.31999969482422,35.459999084472656,35.459999084472656,31442,0.0,0.0
2023-01-20 14:30:00-05:00,35.459999084472656,35.46500015258789,35.43000030517578,35.439998626708984,35.439998626708984,11298,0.0,0.0
2023-01-20 14:35:00-05:00,35.43000030517578,35.4900016784668,35.41999816894531,35.48500061035156,35.48500061035156,15118,0.0,0.0
2023-01-20 14:40:00-05:00,35.47999954223633,35.47999954223633,35.43000030517578,35.45000076293945,35.45000076293945,13168,0.0,0.0
2023-01-20 14:45:00-05:00,35.45000076293945,35.46500015258789,35.439998626708984,35.459999084472656,35.459999084472656,19905,0.0,0.0
2023-01-20 14:50:00-05:00,35.46500015258789,35.4900016784668,35.45000076293945,35.47999954223633,35.47999954223633,14788,0.0,0.0
2023-01-20 14:55:00-05:00,35.47999954223633,35.560001373291016,35.47999954223633,35.560001373291016,35.560001373291016,16703,0.0,0.0
2023-01-20 15:00:00-05:00,35.56999969482422,35.59000015258789,35.54999923706055,35.54999923706055,35.54999923706055,14468,0.0,0.0
2023-01-20 15:05:00-05:00,35.54999923706055,35.564998626708984,35.53499984741211,35.54999923706055,35.54999923706055,13223,0.0,0.0
2023-01-20 15:10:00-05:00,35.54999923706055,35.61000061035156,35.525001525878906,35.60499954223633,35.60499954223633,15608,0.0,0.0
2023-01-20 15:15:00-05:00,35.61000061035156,35.61000061035156,35.560001373291016,35.595001220703125,35.595001220703125,26241,0.0,0.0
2023-01-20 15:20:00-05:00,35.595001220703125,35.595001220703125,35.540000915527344,35.57500076293945,35.57500076293945,15383,0.0,0.0
2023-01-20 15:25:00-05:00,35.58000183105469,35.58000183105469,35.54999923706055,35.54999923706055,35.54999923706055,14916,0.0,0.0
2023-01-20 15:30:00-05:00,35.54999923706055,35.59000015258789,35.529998779296875,35.54999923706055,35.54999923706055,20360,0.0,0.0
2023-01-20 15:35:00-05:00,35.54999923706055,35.560001373291016,35.45000076293945,35.474998474121094,35.474998474121094,19605,0.0,0.0
2023-01-20 15:40:00-05:00,35.474998474121094,35.5099983215332,35.45500183105469,35.47999954223633,35.47999954223633,25034,0.0,0.0
2023-01-20 15:45:00-05:00,35.47999954223633,35.58000183105469,35.474998474121094,35.58000183105469,35.58000183105469,24465,0.0,0.0
2023-01-20 15:50:00-05:00,35.56999969482422,35.630001068115234,35.540000915527344,35.595001220703125,35.595001220703125,57148,0.0,0.0
2023-01-20 15:55:00-05:00,35.595001220703125,35.650001525878906,35.560001373291016,35.56999969482422,35.56999969482422,102844,0.0,0.0
2023-01-23 09:30:00-05:00,34.56999969482422,35.130001068115234,34.25,35.130001068115234,35.130001068115234,55376,0.0,0.0
2023-01-23 09:35:00-05:00,35.119998931884766,35.380001068115234,35.09000015258789,35.32500076293945,35.32500076293945,11847,0.0,0.0
2023-01-23 09:40:00-05:00,35.32500076293945,35.32500076293945,35.08000183105469,35.279998779296875,35.279998779296875,7003,0.0,0.0
2023-01-23 09:45:00-05:00,35.345001220703125,35.66999816894531,35.27000045776367,35.66999816894531,35.66999816894531,17028,0.0,0.0
2023-01-23 09:50:00-05:00,35.584999084472656,35.72999954223633,35.44499969482422,35.72779846191406,35.72779846191406,10515,0.0,0.0
2023-01-23 09:55:00-05:00,35.689998626708984,35.84000015258789,35.310001373291016,35.459999084472656,35.459999084472656,27992,0.0,0.0
2023-01-23 10:00:00-05:00,35.47999954223633,35.57500076293945,35.45000076293945,35.57500076293945,35.57500076293945,26564,0.0,0.0
2023-01-23 10:05:00-05:00,35.56999969482422,35.58000183105469,35.40999984741211,35.560001373291016,35.560001373291016,26573,0.0,0.0
2023-01-23 10:10:00-05:00,35.56999969482422,35.709999084472656,35.540000915527344,35.6349983215332,35.6349983215332,11561,0.0,0.0
2023-01-23 10:15:00-05:00,35.6349983215332,35.70000076293945,35.54999923706055,35.67499923706055,35.67499923706055,9897,0.0,0.0
2023-01-23 10:20:00-05:00,35.68000030517578,35.810001373291016,35.68000030517578,35.775001525878906,35.775001525878906,11941,0.0,0.0
2023-01-23 10:25:00-05:00,35.78499984741211,36.0,35.78499984741211,35.959999084472656,35.959999084472656,19480,0.0,0.0
2023-01-23 10:30:00-05:00,35.91999816894531,35.9900016784668,35.88999938964844,35.9900016784668,35.9900016784668,7233,0.0,0.0
2023-01-23 10:35:00-05:00,36.0,36.005001068115234,35.7599983215332,35.77000045776367,35.77000045776367,32249,0.0,0.0
2023-01-23 10:40:00-05:00,35.790000915527344,35.91999816894531,35.790000915527344,35.904998779296875,35.904998779296875,22197,0.0,0.0
2023-01-23 10:45:00-05:00,35.904998779296875,35.970001220703125,35.79999923706055,35.83000183105469,35.83000183105469,9290,0.0,0.0
2023-01-23 10:50:00-05:00,35.81999969482422,35.84000015258789,35.77000045776367,35.775001525878906,35.775001525878906,10427,0.0,0.0
2023-01-23 10:55:00-05:00,35.7599983215332,35.83000183105469,35.7400016784668,35.80500030517578,35.80500030517578,10229,0.0,0.0
2023-01-23 11:00:00-05:00,35.80500030517578,35.86000061035156,35.77000045776367,35.81999969482422,35.81999969482422,10521,0.0,0.0
2023-01-23 11:05:00-05:00,35.81999969482422,35.84000015258789,35.72999954223633,35.72999954223633,35.72999954223633,16729,0.0,0.0
2023-01-23 11:10:00-05:00,35.72999954223633,35.72999954223633,35.654998779296875,35.654998779296875,35.654998779296875,10723,0.0,0.0
2023-01-23 11:15:00-05:00,35.619998931884766,35.709999084472656,35.619998931884766,35.68000030517578,35.68000030517578,21611,0.0,0.0
2023-01-23 11:20:00-05:00,35.67499923706055,35.70000076293945,35.650001525878906,35.665000915527344,35.665000915527344,17541,0.0,0.0
2023-01-23 11:25:00-05:00,35.65999984741211,35.66999816894531,35.4900016784668,35.4900016784668,35.4900016784668,16312,0.0,0.0
2023-01-23 11:30:00-05:00,35.4900016784668,35.494998931884766,35.38999938964844,35.45000076293945,35.45000076293945,16717,0.0,0.0
2023-01-23 11:35:00-05:00,35.45500183105469,35.650001525878906,35.43000030517578,35.650001525878906,35.650001525878906,23381,0.0,0.0
2023-01-23 11:40:00-05:00,35.61000061035156,35.650001525878906,35.599998474121094,35.630001068115234,35.630001068115234,5468,0.0,0.0
2023-01-23 11:45:00-05:00,35.63999938964844,35.650001525878906,35.52000045776367,35.59000015258789,35.59000015258789,8966,0.0,0.0
2023-01-23 11:50:00-05:00,35.564998626708984,35.599998474121094,35.53499984741211,35.584999084472656,35.584999084472656,5221,0.0,0.0
2023-01-23 11:55:00-05:00,35.584999084472656,35.599998474121094,35.54999923706055,35.56999969482422,35.56999969482422,7421,0.0,0.0
2023-01-23 12:00:00-05:00,35.560001373291016,35.61000061035156,35.54999923706055,35.61000061035156,35.61000061035156,9686,0.0,0.0
2023-01-23 12:05:00-05:00,35.599998474121094,35.599998474121094,35.47999954223633,35.560001373291016,35.560001373291016,9376,0.0,0.0
2023-01-23 12:10:00-05:00,35.540000915527344,35.599998474121094,35.540000915527344,35.59000015258789,35.59000015258789,3299,0.0,0.0
2023-01-23 12:15:00-05:00,35.59000015258789,35.599998474121094,35.58000183105469,35.59000015258789,35.59000015258789,5874,0.0,0.0
2023-01-23 12:20:00-05:00,35.59000015258789,35.59000015258789,35.540000915527344,35.540000915527344,35.540000915527344,6687,0.0,0.0
2023-01-23 12:25:00-05:00,35.54999923706055,35.59000015258789,35.54999923706055,35.59000015258789,35.59000015258789,4166,0.0,0.0
2023-01-23 12:30:00-05:00,35.59000015258789,35.59000015258789,35.560001373291016,35.58000183105469,35.58000183105469,9494,0.0,0.0
2023-01-23 12:35:00-05:00,35.584999084472656,35.584999084472656,35.52000045776367,35.52000045776367,35.52000045776367,9547,0.0,0.0
2023-01-23 12:40:00-05:00,35.529998779296875,35.56999969482422,35.529998779296875,35.54999923706055,35.54999923706055,5101,0.0,0.0
2023-01-23 12:45:00-05:00,35.54999923706055,35.58000183105469,35.53499984741211,35.560001373291016,35.560001373291016,10215,0.0,0.0
2023-01-23 12:50:00-05:00,35.56999969482422,35.56999969482422,35.54999923706055,35.56999969482422,35.56999969482422,6068,0.0,0.0
2023-01-23 12:55:00-05:00,35.58000183105469,35.595001220703125,35.56999969482422,35.58000183105469,35.58000183105469,6280,0.0,0.0
2023-01-23 13:00:00-05:00,35.56999969482422,35.58000183105469,35.540000915527344,35.560001373291016,35.560001373291016,11240,0.0,0.0
2023-01-23 13:05:00-05:00,35.564998626708984,35.56999969482422,35.54999923706055,35.56999969482422,35.56999969482422,5644,0.0,0.0
2023-01-23 13:10:00-05:00,35.58000183105469,35.59000015258789,35.54999923706055,35.564998626708984,35.564998626708984,6169,0.0,0.0
2023-01-23 13:15:00-05:00,35.55500030517578,35.564998626708984,35.540000915527344,35.560001373291016,35.560001373291016,12091,0.0,0.0
2023-01-23 13:20:00-05:00,35.56999969482422,35.59000015258789,35.56999969482422,35.58000183105469,35.58000183105469,6711,0.0,0.0
2023-01-23 13:25:00-05:00,35.56999969482422,35.70000076293945,35.56999969482422,35.70000076293945,35.70000076293945,12921,0.0,0.0
2023-01-23 13:30:00-05:00,35.70500183105469,35.720001220703125,35.65999984741211,35.65999984741211,35.65999984741211,10666,0.0,0.0
2023-01-23 13:35:00-05:00,35.65999984741211,35.68000030517578,35.619998931884766,35.619998931884766,35.619998931884766,7204,0.0,0.0
2023-01-23 13:40:00-05:00,35.630001068115234,35.720001220703125,35.630001068115234,35.71500015258789,35.71500015258789,8118,0.0,0.0
2023-01-23 13:45:00-05:00,35.709999084472656,35.7599983215332,35.70000076293945,35.75,35.75,7145,0.0,0.0
2023-01-23 13:50:00-05:00,35.7400016784668,35.7599983215332,35.70000076293945,35.75,35.75,12607,0.0,0.0
2023-01-23 13:55:00-05:00,35.75,35.7599983215332,35.689998626708984,35.689998626708984,35.689998626708984,7755,0.0,0.0
2023-01-23 14:00:00-05:00,35.69499969482422,35.70000076293945,35.66999816894531,35.70000076293945,35.70000076293945,10247,0.0,0.0
2023-01-23 14:05:00-05:00,35.70800018310547,35.75,35.70800018310547,35.75,35.75,8132,0.0,0.0
2023-01-23 14:10:00-05:00,35.7599983215332,35.779998779296875,35.72999954223633,35.7400016784668,35.7400016784668,12977,0.0,0.0
2023-01-23 14:15:00-05:00,35.7400016784668,35.79999923706055,35.7400016784668,35.79999923706055,35.79999923706055,7836,0.0,0.0
2023-01-23 14:20:00-05:00,35.79999923706055,35.810001373291016,35.75,35.78499984741211,35.78499984741211,11461,0.0,0.0
2023-01-23 14:25:00-05:00,35.78499984741211,35.78499984741211,35.70000076293945,35.720001220703125,35.720001220703125,12132,0.0,0.0
2023-01-23 14:30:00-05:00,35.720001220703125,35.77000045776367,35.689998626708984,35.70000076293945,35.70000076293945,15727,0.0,0.0
2023-01-23 14:35:00-05:00,35.709999084472656,35.7400016784668,35.619998931884766,35.6349983215332,35.6349983215332,16151,0.0,0.0
2023-01-23 14:40:00-05:00,35.619998931884766,35.619998931884766,35.56999969482422,35.56999969482422,35.56999969482422,33084,0.0,0.0
2023-01-23 14:45:00-05:00,35.56999969482422,35.68000030517578,35.529998779296875,35.66999816894531,35.66999816894531,23407,0.0,0.0
2023-01-23 14:50:00-05:00,35.66999816894531,35.69499969482422,35.65999984741211,35.68000030517578,35.68000030517578,14760,0.0,0.0
2023-01-23 14:55:00-05:00,35.689998626708984,35.72999954223633,35.68000030517578,35.72999954223633,35.72999954223633,11963,0.0,0.0
2023-01-23 15:00:00-05:00,35.724998474121094,35.75,35.70000076293945,35.7400016784668,35.7400016784668,13535,0.0,0.0
2023-01-23 15:05:00-05:00,35.72999954223633,35.77000045776367,35.70000076293945,35.77000045776367,35.77000045776367,13820,0.0,0.0
2023-01-23 15:10:00-05:00,35.779998779296875,35.81999969482422,35.7599983215332,35.81999969482422,35.81999969482422,12232,0.0,0.0
2023-01-23 15:15:00-05:00,35.810001373291016,35.84000015258789,35.779998779296875,35.790000915527344,35.790000915527344,14344,0.0,0.0
2023-01-23 15:20:00-05:00,35.790000915527344,35.79999923706055,35.75,35.77000045776367,35.77000045776367,15366,0.0,0.0
2023-01-23 15:25:00-05:00,35.77000045776367,35.78499984741211,35.70000076293945,35.70000076293945,35.70000076293945,17746,0.0,0.0
2023-01-23 15:30:00-05:00,35.689998626708984,35.689998626708984,35.59000015258789,35.59000015258789,35.59000015258789,15089,0.0,0.0
2023-01-23 15:35:00-05:00,35.58000183105469,35.630001068115234,35.56999969482422,35.619998931884766,35.619998931884766,23232,0.0,0.0
2023-01-23 15:40:00-05:00,35.61000061035156,35.61000061035156,35.560001373291016,35.560001373291016,35.560001373291016,20486,0.0,0.0
2023-01-23 15:45:00-05:00,35.560001373291016,35.58000183105469,35.54999923706055,35.54999923706055,35.54999923706055,32361,0.0,0.0
2023-01-23 15:50:00-05:00,35.54999923706055,35.61000061035156,35.529998779296875,35.53499984741211,35.53499984741211,63555,0.0,0.0
2023-01-23 15:55:00-05:00,35.529998779296875,35.59000015258789,35.525001525878906,35.58000183105469,35.58000183105469,139567,0.0,0.0
2023-01-24 09:30:00-05:00,35.529998779296875,35.84000015258789,35.529998779296875,35.84000015258789,35.84000015258789,7273,0.0,0.0
2023-01-24 09:35:00-05:00,35.79499816894531,35.79499816894531,35.65999984741211,35.66999816894531,35.66999816894531,1871,0.0,0.0
2023-01-24 09:40:00-05:00,35.790000915527344,35.81999969482422,35.689998626708984,35.81999969482422,35.81999969482422,2213,0.0,0.0
2023-01-24 09:45:00-05:00,35.7599983215332,35.86000061035156,35.75,35.84000015258789,35.84000015258789,1713,0.0,0.0
2023-01-24 09:50:00-05:00,35.84000015258789,35.84000015258789,35.79499816894531,35.810001373291016,35.810001373291016,992,0.0,0.0
2023-01-24 09:55:00-05:00,35.849998474121094,35.849998474121094,35.72999954223633,35.73500061035156,35.73500061035156,3273,0.0,0.0
2023-01-24 10:00:00-05:00,35.73500061035156,35.73500061035156,35.61000061035156,35.6150016784668,35.6150016784668,2845,0.0,0.0
2023-01-24 10:05:00-05:00,35.619998931884766,35.630001068115234,35.595001220703125,35.60499954223633,35.60499954223633,3984,0.0,0.0
2023-01-24 10:10:00-05:00,35.625,35.7599983215332,35.56999969482422,35.7599983215332,35.7599983215332,4797,0.0,0.0
2023-01-24 10:15:00-05:00,35.790000915527344,35.80500030517578,35.75,35.79999923706055,35.79999923706055,3599,0.0,0.0
2023-01-24 10:20:00-05:00,35.81999969482422,35.900001525878906,35.790000915527344,35.89500045776367,35.89500045776367,7668,0.0,0.0
2023-01-24 10:25:00-05:00,35.90999984741211,35.97999954223633,35.849998474121094,35.849998474121094,35.849998474121094,8684,0.0,0.0
2023-01-24 10:30:00-05:00,35.845001220703125,35.845001220703125,35.72999954223633,35.77000045776367,35.77000045776367,6658,0.0,0.0
2023-01-24 10:35:00-05:00,35.779998779296875,35.90999984741211,35.779998779296875,35.880001068115234,35.880001068115234,15110,0.0,0.0
2023-01-24 10:40:00-05:00,35.8650016784668,36.040000915527344,35.8650016784668,36.040000915527344,36.040000915527344,13571,0.0,0.0
2023-01-24 10:45:00-05:00,36.02000045776367,36.084999084472656,35.91999816894531,36.0,36.0,22996,0.0,0.0
2023-01-24 10:50:00-05:00,36.0,36.0,35.7599983215332,35.790000915527344,35.790000915527344,7681,0.0,0.0
2023-01-24 10:55:00-05:00,35.810001373291016,35.810001373291016,35.66999816894531,35.709999084472656,35.709999084472656,11076,0.0,0.0
2023-01-24 11:00:00-05:00,35.630001068115234,35.66999816894531,35.599998474121094,35.63999938964844,35.63999938964844,7592,0.0,0.0
2023-01-24 11:05:00-05:00,35.63999938964844,35.75,35.63999938964844,35.75,35.75,7578,0.0,0.0
2023-01-24 11:10:00-05:00,35.7599983215332,35.7599983215332,35.69499969482422,35.69499969482422,35.69499969482422,4301,0.0,0.0
2023-01-24 11:15:00-05:00,35.69499969482422,35.69499969482422,35.45000076293945,35.52000045776367,35.52000045776367,9420,0.0,0.0
2023-01-24 11:20:00-05:00,35.470001220703125,35.630001068115234,35.439998626708984,35.599998474121094,35.599998474121094,9975,0.0,0.0
2023-01-24 11:25:00-05:00,35.59000015258789,35.63999938964844,35.54999923706055,35.595001220703125,35.595001220703125,9507,0.0,0.0
2023-01-24 11:30:00-05:00,35.61000061035156,35.61000061035156,35.470001220703125,35.470001220703125,35.470001220703125,5474,0.0,0.0
2023-01-24 11:35:00-05:00,35.459999084472656,35.459999084472656,35.38999938964844,35.38999938964844,35.38999938964844,7575,0.0,0.0
2023-01-24 11:40:00-05:00,35.41999816894531,35.41999816894531,35.369998931884766,35.3849983215332,35.3849983215332,4954,0.0,0.0
2023-01-24 11:45:00-05:00,35.38999938964844,35.4900016784668,35.38999938964844,35.4900016784668,35.4900016784668,5462,0.0,0.0
2023-01-24 11:50:00-05:00,35.5,35.53990173339844,35.5,35.5099983215332,35.5099983215332,3461,0.0,0.0
2023-01-24 11:55:00-05:00,35.51499938964844,35.51499938964844,35.470001220703125,35.47999954223633,35.47999954223633,4916,0.0,0.0
2023-01-24 12:00:00-05:00,35.470001220703125,35.5,35.33000183105469,35.48500061035156,35.48500061035156,15267,0.0,0.0
2023-01-24 12:05:00-05:00,35.52000045776367,35.58000183105469,35.52000045776367,35.560001373291016,35.560001373291016,14157,0.0,0.0
2023-01-24 12:10:00-05:00,35.560001373291016,35.68000030517578,35.540000915527344,35.68000030517578,35.68000030517578,25734,0.0,0.0
2023-01-24 12:15:00-05:00,35.68000030517578,35.709999084472656,35.63999938964844,35.709999084472656,35.709999084472656,8166,0.0,0.0
2023-01-24 12:20:00-05:00,35.68000030517578,35.68000030517578,35.625,35.625,35.625,7720,0.0,0.0
2023-01-24 12:25:00-05:00,35.630001068115234,35.630001068115234,35.529998779296875,35.529998779296875,35.529998779296875,7966,0.0,0.0
2023-01-24 12:30:00-05:00,35.529998779296875,35.59000015258789,35.529998779296875,35.59000015258789,35.59000015258789,4068,0.0,0.0
2023-01-24 12:35:00-05:00,35.58000183105469,35.61000061035156,35.58000183105469,35.60499954223633,35.60499954223633,4920,0.0,0.0
2023-01-24 12:40:00-05:00,35.599998474121094,35.599998474121094,35.560001373291016,35.560001373291016,35.560001373291016,11093,0.0,0.0
2023-01-24 12:45:00-05:00,35.58000183105469,35.63999938964844,35.58000183105469,35.630001068115234,35.630001068115234,5718,0.0,0.0
2023-01-24 12:50:00-05:00,35.63999938964844,35.70000076293945,35.630001068115234,35.70000076293945,35.70000076293945,7176,0.0,0.0
2023-01-24 12:55:00-05:00,35.70000076293945,35.72999954223633,35.689998626708984,35.689998626708984,35.689998626708984,5300,0.0,0.0
2023-01-24 13:00:00-05:00,35.689998626708984,35.720001220703125,35.650001525878906,35.689998626708984,35.689998626708984,13091,0.0,0.0
2023-01-24 13:05:00-05:00,35.689998626708984,35.720001220703125,35.689998626708984,35.720001220703125,35.720001220703125,2562,0.0,0.0
2023-01-24 13:10:00-05:00,35.72999954223633,35.77000045776367,35.72999954223633,35.7599983215332,35.7599983215332,5495,0.0,0.0
2023-01-24 13:15:00-05:00,35.75,35.790000915527344,35.75,35.775001525878906,35.775001525878906,5447,0.0,0.0
2023-01-24 13:20:00-05:00,35.77000045776367,35.82500076293945,35.77000045776367,35.814998626708984,35.814998626708984,5757,0.0,0.0
2023-01-24 13:25:00-05:00,35.810001373291016,35.84000015258789,35.80500030517578,35.83000183105469,35.83000183105469,5946,0.0,0.0
2023-01-24 13:30:00-05:00,35.849998474121094,35.91999816894531,35.84000015258789,35.90999984741211,35.90999984741211,5455,0.0,0.0
2023-01-24 13:35:00-05:00,35.91999816894531,35.94499969482422,35.91999816894531,35.93000030517578,35.93000030517578,6808,0.0,0.0
2023-01-24 13:40:00-05:00,35.939998626708984,36.08000183105469,35.935001373291016,36.005001068115234,36.005001068115234,15225,0.0,0.0
2023-01-24 13:45:00-05:00,35.9900016784668,36.11000061035156,35.9900016784668,36.11000061035156,36.11000061035156,9919,0.0,0.0
2023-01-24 13:50:00-05:00,36.11000061035156,36.11000061035156,36.064998626708984,36.099998474121094,36.099998474121094,7002,0.0,0.0
2023-01-24 13:55:00-05:00,36.099998474121094,36.099998474121094,36.0,36.0099983215332,36.0099983215332,20617,0.0,0.0
2023-01-24 14:00:00-05:00,36.0,36.02000045776367,35.93000030517578,35.939998626708984,35.939998626708984,8006,0.0,0.0
2023-01-24 14:05:00-05:00,35.939998626708984,36.029998779296875,35.91999816894531,36.02000045776367,36.02000045776367,9285,0.0,0.0
2023-01-24 14:10:00-05:00,36.029998779296875,36.029998779296875,35.95000076293945,35.95000076293945,35.95000076293945,8452,0.0,0.0
2023-01-24 14:15:00-05:00,35.95500183105469,35.959999084472656,35.939998626708984,35.95000076293945,35.95000076293945,8300,0.0,0.0
2023-01-24 14:20:00-05:00,35.959999084472656,36.0099983215332,35.959999084472656,36.0,36.0,7072,0.0,0.0
2023-01-24 14:25:00-05:00,36.0,36.029998779296875,36.0,36.0099983215332,36.0099983215332,7576,0.0,0.0
2023-01-24 14:30:00-05:00,36.02000045776367,36.02000045776367,35.95000076293945,35.959999084472656,35.959999084472656,8857,0.0,0.0
2023-01-24 14:35:00-05:00,35.970001220703125,36.02000045776367,35.970001220703125,36.02000045776367,36.02000045776367,5443,0.0,0.0
2023-01-24 14:40:00-05:00,36.02000045776367,36.029998779296875,36.0099983215332,36.025001525878906,36.025001525878906,8556,0.0,0.0
2023-01-24 14:45:00-05:00,36.025001525878906,36.025001525878906,35.91999816894531,35.91999816894531,35.91999816894531,8830,0.0,0.0
2023-01-24 14:50:00-05:00,35.91999816894531,35.93000030517578,35.880001068115234,35.91999816894531,35.91999816894531,12194,0.0,0.0
2023-01-24 14:55:00-05:00,35.91999816894531,35.92499923706055,35.88999938964844,35.90999984741211,35.90999984741211,7897,0.0,0.0
2023-01-24 15:00:00-05:00,35.90999984741211,35.90999984741211,35.84000015258789,35.849998474121094,35.849998474121094,7826,0.0,0.0
2023-01-24 15:05:00-05:00,35.849998474121094,35.869998931884766,35.83000183105469,35.86000061035156,35.86000061035156,11660,0.0,0.0
2023-01-24 15:10:00-05:00,35.86000061035156,35.900001525878906,35.86000061035156,35.86000061035156,35.86000061035156,9771,0.0,0.0
2023-01-24 15:15:00-05:00,35.849998474121094,35.849998474121094,35.7599983215332,35.7599983215332,35.7599983215332,10811,0.0,0.0
2023-01-24 15:20:00-05:00,35.75,35.7599983215332,35.689998626708984,35.744998931884766,35.744998931884766,19934,0.0,0.0
2023-01-24 15:25:00-05:00,35.744998931884766,35.77000045776367,35.689998626708984,35.689998626708984,35.689998626708984,13919,0.0,0.0
2023-01-24 15:30:00-05:00,35.689998626708984,35.689998626708984,35.599998474121094,35.61000061035156,35.61000061035156,18909,0.0,0.0
2023-01-24 15:35:00-05:00,35.619998931884766,35.630001068115234,35.56999969482422,35.599998474121094,35.599998474121094,86082,0.0,0.0
2023-01-24 15:40:00-05:00,35.59000015258789,35.59000015258789,35.5099983215332,35.52000045776367,35.52000045776367,23151,0.0,0.0
2023-01-24 15:45:00-05:00,35.52000045776367,35.560001373291016,35.47999954223633,35.529998779296875,35.529998779296875,29307,0.0,0.0
2023-01-24 15:50:00-05:00,35.53499984741211,35.56999969482422,35.470001220703125,35.47999954223633,35.47999954223633,45963,0.0,0.0
2023-01-24 15:55:00-05:00,35.47999954223633,35.54999923706055,35.459999084472656,35.470001220703125,35.470001220703125,103586,0.0,0.0
2023-01-25 09:30:00-05:00,35.130001068115234,35.5099983215332,34.8650016784668,35.5099983215332,35.5099983215332,12334,0.0,0.0
2023-01-25 09:35:00-05:00,35.4900016784668,35.52000045776367,35.33000183105469,35.349998474121094,35.349998474121094,10852,0.0,0.0
2023-01-25 09:40:00-05:00,35.3849983215332,35.525001525878906,35.3849983215332,35.525001525878906,35.525001525878906,2383,0.0,0.0
2023-01-25 09:45:00-05:00,35.4900016784668,35.61000061035156,35.4900016784668,35.59000015258789,35.59000015258789,4620,0.0,0.0
2023-01-25 09:50:00-05:00,35.60499954223633,35.70000076293945,35.58000183105469,35.70000076293945,35.70000076293945,13988,0.0,0.0
2023-01-25 09:55:00-05:00,35.685001373291016,35.84000015258789,35.59000015258789,35.83000183105469,35.83000183105469,39654,0.0,0.0
2023-01-25 10:00:00-05:00,35.79999923706055,35.970001220703125,35.775001525878906,35.970001220703125,35.970001220703125,16023,0.0,0.0
2023-01-25 10:05:00-05:00,35.939998626708984,36.08000183105469,35.939998626708984,36.064998626708984,36.064998626708984,5246,0.0,0.0
2023-01-25 10:10:00-05:00,36.060001373291016,36.13999938964844,36.0,36.01499938964844,36.01499938964844,13278,0.0,0.0
2023-01-25 10:15:00-05:00,36.0,36.060001373291016,35.96500015258789,36.01499938964844,36.01499938964844,7235,0.0,0.0
2023-01-25 10:20:00-05:00,35.990299224853516,36.005001068115234,35.8650016784668,35.88999938964844,35.88999938964844,11676,0.0,0.0
2023-01-25 10:25:00-05:00,35.900001525878906,35.93000030517578,35.86000061035156,35.89250183105469,35.89250183105469,4683,0.0,0.0
2023-01-25 10:30:00-05:00,35.93000030517578,36.029998779296875,35.90999984741211,35.91999816894531,35.91999816894531,7877,0.0,0.0
2023-01-25 10:35:00-05:00,35.915000915527344,35.915000915527344,35.790000915527344,35.79999923706055,35.79999923706055,7275,0.0,0.0
2023-01-25 10:40:00-05:00,35.79999923706055,35.83000183105469,35.75,35.77000045776367,35.77000045776367,7064,0.0,0.0
2023-01-25 10:45:00-05:00,35.77000045776367,35.79499816894531,35.66999816894531,35.70000076293945,35.70000076293945,7333,0.0,0.0
2023-01-25 10:50:00-05:00,35.709999084472656,35.720001220703125,35.59000015258789,35.6150016784668,35.6150016784668,9477,0.0,0.0
2023-01-25 10:55:00-05:00,35.61000061035156,35.630001068115234,35.57099914550781,35.58000183105469,35.58000183105469,4091,0.0,0.0
2023-01-25 11:00:00-05:00,35.56999969482422,35.56999969482422,35.48500061035156,35.4900016784668,35.4900016784668,7011,0.0,0.0
2023-01-25 11:05:00-05:00,35.47999954223633,35.5099983215332,35.43000030517578,35.5099983215332,35.5099983215332,9050,0.0,0.0
2023-01-25 11:10:00-05:00,35.529998779296875,35.599998474121094,35.529998779296875,35.57500076293945,35.57500076293945,3746,0.0,0.0
2023-01-25 11:15:00-05:00,35.564998626708984,35.619998931884766,35.54999923706055,35.619998931884766,35.619998931884766,9150,0.0,0.0
2023-01-25 11:20:00-05:00,35.61000061035156,35.63999938964844,35.61000061035156,35.6150016784668,35.6150016784668,8697,0.0,0.0
2023-01-25 11:25:00-05:00,35.6150016784668,35.630001068115234,35.54999923706055,35.54999923706055,35.54999923706055,6077,0.0,0.0
2023-01-25 11:30:00-05:00,35.529998779296875,35.540000915527344,35.459999084472656,35.459999084472656,35.459999084472656,5888,0.0,0.0
2023-01-25 11:35:00-05:00,35.459999084472656,35.46500015258789,35.40999984741211,35.40999984741211,35.40999984741211,14047,0.0,0.0
2023-01-25 11:40:00-05:00,35.40010070800781,35.439998626708984,35.380001068115234,35.439998626708984,35.439998626708984,9171,0.0,0.0
2023-01-25 11:45:00-05:00,35.439998626708984,35.474998474121094,35.380001068115234,35.402000427246094,35.402000427246094,10577,0.0,0.0
2023-01-25 11:50:00-05:00,35.38999938964844,35.606998443603516,35.375,35.60499954223633,35.60499954223633,7666,0.0,0.0
2023-01-25 11:55:00-05:00,35.630001068115234,35.7599983215332,35.630001068115234,35.75,35.75,9537,0.0,0.0
2023-01-25 12:00:00-05:00,35.775001525878906,35.78990173339844,35.599998474121094,35.599998474121094,35.599998474121094,3546,0.0,0.0
2023-01-25 12:05:00-05:00,35.58599853515625,35.58599853515625,35.51100158691406,35.54999923706055,35.54999923706055,3892,0.0,0.0
2023-01-25 12:10:00-05:00,35.529998779296875,35.529998779296875,35.41999816894531,35.43000030517578,35.43000030517578,4186,0.0,0.0
2023-01-25 12:15:00-05:00,35.439998626708984,35.69499969482422,35.439998626708984,35.69499969482422,35.69499969482422,8966,0.0,0.0
2023-01-25 12:20:00-05:00,35.68000030517578,35.68000030517578,35.59000015258789,35.599998474121094,35.599998474121094,8844,0.0,0.0
2023-01-25 12:25:00-05:00,35.599998474121094,35.70500183105469,35.599998474121094,35.68000030517578,35.68000030517578,12293,0.0,0.0
2023-01-25 12:30:00-05:00,35.68000030517578,35.689998626708984,35.630001068115234,35.64500045776367,35.64500045776367,5595,0.0,0.0
2023-01-25 12:35:00-05:00,35.650001525878906,35.66999816894531,35.560001373291016,35.599998474121094,35.599998474121094,6859,0.0,0.0
2023-01-25 12:40:00-05:00,35.58000183105469,35.58000183105469,35.52000045776367,35.58000183105469,35.58000183105469,5025,0.0,0.0
2023-01-25 12:45:00-05:00,35.56999969482422,35.619998931884766,35.56999969482422,35.619998931884766,35.619998931884766,2244,0.0,0.0
2023-01-25 12:50:00-05:00,35.630001068115234,35.650001525878906,35.61000061035156,35.61000061035156,35.61000061035156,3728,0.0,0.0
2023-01-25 12:55:00-05:00,35.599998474121094,35.599998474121094,35.540000915527344,35.54999923706055,35.54999923706055,9459,0.0,0.0
2023-01-25 13:00:00-05:00,35.540000915527344,35.630001068115234,35.540000915527344,35.56999969482422,35.56999969482422,7200,0.0,0.0
2023-01-25 13:05:00-05:00,35.564998626708984,35.599998474121094,35.564998626708984,35.599998474121094,35.599998474121094,3015,0.0,0.0
2023-01-25 13:10:00-05:00,35.599998474121094,35.625,35.58000183105469,35.58000183105469,35.58000183105469,4777,0.0,0.0
2023-01-25 13:15:00-05:00,35.59000015258789,35.61000061035156,35.58000183105469,35.58000183105469,35.58000183105469,5982,0.0,0.0
2023-01-25 13:20:00-05:00,35.59000015258789,35.650001525878906,35.59000015258789,35.64500045776367,35.64500045776367,5163,0.0,0.0
2023-01-25 13:25:00-05:00,35.650001525878906,35.689998626708984,35.64500045776367,35.689998626708984,35.689998626708984,5773,0.0,0.0
2023-01-25 13:30:00-05:00,35.70000076293945,35.72999954223633,35.65999984741211,35.709999084472656,35.709999084472656,5685,0.0,0.0
2023-01-25 13:35:00-05:00,35.70000076293945,35.7599983215332,35.70000076293945,35.71500015258789,35.71500015258789,5952,0.0,0.0
2023-01-25 13:40:00-05:00,35.720001220703125,35.77000045776367,35.720001220703125,35.75,35.75,5296,0.0,0.0
2023-01-25 13:45:00-05:00,35.755001068115234,35.77000045776367,35.744998931884766,35.75,35.75,6615,0.0,0.0
2023-01-25 13:50:00-05:00,35.7599983215332,35.79999923706055,35.7599983215332,35.7599983215332,35.7599983215332,3846,0.0,0.0
2023-01-25 13:55:00-05:00,35.77000045776367,35.77000045776367,35.689998626708984,35.720001220703125,35.720001220703125,6721,0.0,0.0
2023-01-25 14:00:00-05:00,35.720001220703125,35.76499938964844,35.720001220703125,35.7400016784668,35.7400016784668,7627,0.0,0.0
2023-01-25 14:05:00-05:00,35.72999954223633,35.77000045776367,35.720001220703125,35.77000045776367,35.77000045776367,5812,0.0,0.0
2023-01-25 14:10:00-05:00,35.775001525878906,35.849998474121094,35.77000045776367,35.84000015258789,35.84000015258789,7370,0.0,0.0
2023-01-25 14:15:00-05:00,35.849998474121094,35.86000061035156,35.83000183105469,35.84000015258789,35.84000015258789,5579,0.0,0.0
2023-01-25 14:20:00-05:00,35.83000183105469,35.83000183105469,35.75,35.81999969482422,35.81999969482422,16629,0.0,0.0
2023-01-25 14:25:00-05:00,35.84000015258789,35.90999984741211,35.810001373291016,35.90999984741211,35.90999984741211,11715,0.0,0.0
2023-01-25 14:30:00-05:00,35.90999984741211,35.935001373291016,35.86000061035156,35.92499923706055,35.92499923706055,13543,0.0,0.0
2023-01-25 14:35:00-05:00,35.92499923706055,35.97999954223633,35.88999938964844,35.97999954223633,35.97999954223633,9263,0.0,0.0
2023-01-25 14:40:00-05:00,35.974998474121094,36.05500030517578,35.974998474121094,36.05500030517578,36.05500030517578,14567,0.0,0.0
2023-01-25 14:45:00-05:00,36.05500030517578,36.13999938964844,36.040000915527344,36.1150016784668,36.1150016784668,22471,0.0,0.0
2023-01-25 14:50:00-05:00,36.119998931884766,36.13999938964844,36.02000045776367,36.119998931884766,36.119998931884766,19927,0.0,0.0
2023-01-25 14:55:00-05:00,36.130001068115234,36.220001220703125,36.130001068115234,36.185001373291016,36.185001373291016,17153,0.0,0.0
2023-01-25 15:00:00-05:00,36.16999816894531,36.32500076293945,36.16999816894531,36.31999969482422,36.31999969482422,14024,0.0,0.0
2023-01-25 15:05:00-05:00,36.34000015258789,36.439998626708984,36.310001373291016,36.41999816894531,36.41999816894531,16547,0.0,0.0
2023-01-25 15:10:00-05:00,36.439998626708984,36.4900016784668,36.410099029541016,36.459999084472656,36.459999084472656,19758,0.0,0.0
2023-01-25 15:15:00-05:00,36.45000076293945,36.52000045776367,36.43000030517578,36.44499969482422,36.44499969482422,17907,0.0,0.0
2023-01-25 15:20:00-05:00,36.44499969482422,36.5,36.412498474121094,36.5,36.5,17818,0.0,0.0
2023-01-25 15:25:00-05:00,36.4900016784668,36.4900016784668,36.349998474121094,36.407501220703125,36.407501220703125,28066,0.0,0.0
2023-01-25 15:30:00-05:00,36.415000915527344,36.43000030517578,36.27000045776367,36.290000915527344,36.290000915527344,25566,0.0,0.0
2023-01-25 15:35:00-05:00,36.290000915527344,36.290000915527344,36.18000030517578,36.18000030517578,36.18000030517578,39875,0.0,0.0
2023-01-25 15:40:00-05:00,36.18000030517578,36.21500015258789,36.119998931884766,36.130001068115234,36.130001068115234,40718,0.0,0.0
2023-01-25 15:45:00-05:00,36.13999938964844,36.2400016784668,36.119998931884766,36.22999954223633,36.22999954223633,49124,0.0,0.0
2023-01-25 15:50:00-05:00,36.220001220703125,36.22999954223633,36.02000045776367,36.029998779296875,36.029998779296875,94325,0.0,0.0
2023-01-25 15:55:00-05:00,36.040000915527344,36.04999923706055,35.97999954223633,36.02000045776367,36.02000045776367,115637,0.0,0.0
2023-01-26 09:30:00-05:00,36.099998474121094,36.56999969482422,36.099998474121094,36.44499969482422,36.44499969482422,12386,0.0,0.0
2023-01-26 09:35:00-05:00,36.44499969482422,36.45000076293945,36.18000030517578,36.18000030517578,36.18000030517578,6423,0.0,0.0
2023-01-26 09:40:00-05:00,36.15999984741211,36.15999984741211,36.005001068115234,36.04999923706055,36.04999923706055,5489,0.0,0.0
2023-01-26 09:45:00-05:00,36.08000183105469,36.20000076293945,36.0099983215332,36.0099983215332,36.0099983215332,8174,0.0,0.0
2023-01-26 09:50:00-05:00,36.0099983215332,36.1150016784668,35.9900016784668,36.005001068115234,36.005001068115234,7713,0.0,0.0
2023-01-26 09:55:00-05:00,36.040000915527344,36.189998626708984,36.0099983215332,36.189998626708984,36.189998626708984,10393,0.0,0.0
2023-01-26 10:00:00-05:00,36.13999938964844,36.22999954223633,36.11000061035156,36.18000030517578,36.18000030517578,12307,0.0,0.0
2023-01-26 10:05:00-05:00,36.18000030517578,36.19499969482422,36.099998474121094,36.19499969482422,36.19499969482422,7876,0.0,0.0
2023-01-26 10:10:00-05:00,36.209999084472656,36.25,36.189998626708984,36.20500183105469,36.20500183105469,3971,0.0,0.0
2023-01-26 10:15:00-05:00,36.220001220703125,36.224998474121094,36.220001220703125,36.224998474121094,36.224998474121094,3172,0.0,0.0
2023-01-26 10:20:00-05:00,36.25,36.34000015258789,36.22999954223633,36.34000015258789,36.34000015258789,19125,0.0,0.0
2023-01-26 10:25:00-05:00,36.334999084472656,36.334999084472656,36.209999084472656,36.290000915527344,36.290000915527344,12554,0.0,0.0
2023-01-26 10:30:00-05:00,36.279998779296875,36.310001373291016,36.279998779296875,36.310001373291016,36.310001373291016,3515,0.0,0.0
2023-01-26 10:35:00-05:00,36.310001373291016,36.329498291015625,36.25,36.29999923706055,36.29999923706055,11735,0.0,0.0
2023-01-26 10:40:00-05:00,36.2400016784668,36.26499938964844,36.20000076293945,36.26499938964844,36.26499938964844,7361,0.0,0.0
2023-01-26 10:45:00-05:00,36.26499938964844,36.29999923706055,36.209999084472656,36.29999923706055,36.29999923706055,13079,0.0,0.0
2023-01-26 10:50:00-05:00,36.29999923706055,36.31999969482422,36.2400016784668,36.25,36.25,10846,0.0,0.0
2023-01-26 10:55:00-05:00,36.27000045776367,36.279998779296875,36.23500061035156,36.255001068115234,36.255001068115234,7878,0.0,0.0
2023-01-26 11:00:00-05:00,36.255001068115234,36.255001068115234,36.18000030517578,36.189998626708984,36.189998626708984,26443,0.0,0.0
2023-01-26 11:05:00-05:00,36.18000030517578,36.224998474121094,36.16999816894531,36.20750045776367,36.20750045776367,14272,0.0,0.0
2023-01-26 11:10:00-05:00,36.209999084472656,36.279998779296875,36.18000030517578,36.26499938964844,36.26499938964844,9658,0.0,0.0
2023-01-26 11:15:00-05:00,36.2599983215332,36.279998779296875,36.20000076293945,36.244998931884766,36.244998931884766,16320,0.0,0.0
2023-01-26 11:20:00-05:00,36.2599983215332,36.29999923706055,36.2400016784668,36.290000915527344,36.290000915527344,7723,0.0,0.0
2023-01-26 11:25:00-05:00,36.290000915527344,36.400001525878906,36.290000915527344,36.380001068115234,36.380001068115234,8804,0.0,0.0
2023-01-26 11:30:00-05:00,36.369998931884766,36.45500183105469,36.369998931884766,36.439998626708984,36.439998626708984,4982,0.0,0.0
2023-01-26 11:35:00-05:00,36.439998626708984,36.45500183105469,36.40999984741211,36.45000076293945,36.45000076293945,8630,0.0,0.0
2023-01-26 11:40:00-05:00,36.459999084472656,36.470001220703125,36.404998779296875,36.459999084472656,36.459999084472656,11072,0.0,0.0
2023-01-26 11:45:00-05:00,36.45500183105469,36.46500015258789,36.40999984741211,36.46500015258789,36.46500015258789,10028,0.0,0.0
2023-01-26 11:50:00-05:00,36.470001220703125,36.60499954223633,36.45000076293945,36.60499954223633,36.60499954223633,6079,0.0,0.0
2023-01-26 11:55:00-05:00,36.56999969482422,36.56999969482422,36.52000045776367,36.52000045776367,36.52000045776367,5456,0.0,0.0
2023-01-26 12:00:00-05:00,36.5,36.5,36.40999984741211,36.5,36.5,8099,0.0,0.0
2023-01-26 12:05:00-05:00,36.470001220703125,36.5099983215332,36.470001220703125,36.4900016784668,36.4900016784668,4542,0.0,0.0
2023-01-26 12:10:00-05:00,36.5099983215332,36.61000061035156,36.5,36.529998779296875,36.529998779296875,8485,0.0,0.0
2023-01-26 12:15:00-05:00,36.529998779296875,36.529998779296875,36.48500061035156,36.51499938964844,36.51499938964844,3361,0.0,0.0
2023-01-26 12:20:00-05:00,36.51459884643555,36.525001525878906,36.5,36.5099983215332,36.5099983215332,3476,0.0,0.0
2023-01-26 12:25:00-05:00,36.52000045776367,36.55500030517578,36.5,36.5099983215332,36.5099983215332,7499,0.0,0.0
2023-01-26 12:30:00-05:00,36.5099983215332,36.529998779296875,36.470001220703125,36.47999954223633,36.47999954223633,6277,0.0,0.0
2023-01-26 12:35:00-05:00,36.46500015258789,36.47999954223633,36.43000030517578,36.439998626708984,36.439998626708984,5637,0.0,0.0
2023-01-26 12:40:00-05:00,36.439998626708984,36.5099983215332,36.43000030517578,36.5,36.5,5459,0.0,0.0
2023-01-26 12:45:00-05:00,36.5099983215332,36.540000915527344,36.47999954223633,36.5,36.5,3947,0.0,0.0
2023-01-26 12:50:00-05:00,36.5099983215332,36.58000183105469,36.4900016784668,36.505001068115234,36.505001068115234,14110,0.0,0.0
2023-01-26 12:55:00-05:00,36.505001068115234,36.505001068115234,36.380001068115234,36.400001525878906,36.400001525878906,7469,0.0,0.0
2023-01-26 13:00:00-05:00,36.39500045776367,36.400001525878906,36.369998931884766,36.38999938964844,36.38999938964844,3961,0.0,0.0
2023-01-26 13:05:00-05:00,36.38999938964844,36.439998626708984,36.375,36.400001525878906,36.400001525878906,12580,0.0,0.0
2023-01-26 13:10:00-05:00,36.369998931884766,36.45970153808594,36.35499954223633,36.45970153808594,36.45970153808594,5451,0.0,0.0
2023-01-26 13:15:00-05:00,36.439998626708984,36.45970153808594,36.34000015258789,36.34000015258789,36.34000015258789,4564,0.0,0.0
2023-01-26 13:20:00-05:00,36.36000061035156,36.380001068115234,36.31999969482422,36.35499954223633,36.35499954223633,11092,0.0,0.0
2023-01-26 13:25:00-05:00,36.36000061035156,36.36000061035156,36.34000015258789,36.34000015258789,36.34000015258789,2561,0.0,0.0
2023-01-26 13:30:00-05:00,36.345001220703125,36.349998474121094,36.31999969482422,36.334999084472656,36.334999084472656,8271,0.0,0.0
2023-01-26 13:35:00-05:00,36.34000015258789,36.349998474121094,36.32500076293945,36.34000015258789,36.34000015258789,5316,0.0,0.0
2023-01-26 13:40:00-05:00,36.34000015258789,36.380001068115234,36.32500076293945,36.32500076293945,36.32500076293945,5508,0.0,0.0
2023-01-26 13:45:00-05:00,36.32500076293945,36.3849983215332,36.32500076293945,36.3849983215332,36.3849983215332,6912,0.0,0.0
2023-01-26 13:50:00-05:00,36.380001068115234,36.43000030517578,36.375,36.43000030517578,36.43000030517578,14687,0.0,0.0
2023-01-26 13:55:00-05:00,36.435001373291016,36.435001373291016,36.38999938964844,36.40999984741211,36.40999984741211,11087,0.0,0.0
2023-01-26 14:00:00-05:00,36.41999816894531,36.45500183105469,36.36000061035156,36.41999816894531,36.41999816894531,15442,0.0,0.0
2023-01-26 14:05:00-05:00,36.400001525878906,36.459999084472656,36.400001525878906,36.459999084472656,36.459999084472656,8213,0.0,0.0
2023-01-26 14:10:00-05:00,36.459999084472656,36.47999954223633,36.459999084472656,36.470001220703125,36.470001220703125,8916,0.0,0.0
2023-01-26 14:15:00-05:00,36.474998474121094,36.474998474121094,36.41999816894531,36.44499969482422,36.44499969482422,8887,0.0,0.0
2023-01-26 14:20:00-05:00,36.45000076293945,36.5099983215332,36.400001525878906,36.400001525878906,36.400001525878906,43614,0.0,0.0
2023-01-26 14:25:00-05:00,36.38999938964844,36.400001525878906,36.310001373291016,36.31999969482422,36.31999969482422,7031,0.0,0.0
2023-01-26 14:30:00-05:00,36.31999969482422,36.375,36.29999923706055,36.33000183105469,36.33000183105469,14264,0.0,0.0
2023-01-26 14:35:00-05:00,36.33000183105469,36.36000061035156,36.33000183105469,36.34000015258789,36.34000015258789,7145,0.0,0.0
2023-01-26 14:40:00-05:00,36.34000015258789,36.36000061035156,36.34000015258789,36.34000015258789,36.34000015258789,7527,0.0,0.0
2023-01-26 14:45:00-05:00,36.34000015258789,36.34000015258789,36.29999923706055,36.30500030517578,36.30500030517578,13732,0.0,0.0
2023-01-26 14:50:00-05:00,36.29499816894531,36.43000030517578,36.290000915527344,36.41999816894531,36.41999816894531,20010,0.0,0.0
2023-01-26 14:55:00-05:00,36.41999816894531,36.47999954223633,36.400001525878906,36.47999954223633,36.47999954223633,14280,0.0,0.0
2023-01-26 15:00:00-05:00,36.474998474121094,36.4900016784668,36.45000076293945,36.459999084472656,36.459999084472656,9208,0.0,0.0
2023-01-26 15:05:00-05:00,36.459999084472656,36.459999084472656,36.38999938964844,36.41999816894531,36.41999816894531,11537,0.0,0.0
2023-01-26 15:10:00-05:00,36.415000915527344,36.41999816894531,36.38999938964844,36.400001525878906,36.400001525878906,9374,0.0,0.0
2023-01-26 15:15:00-05:00,36.40999984741211,36.45000076293945,36.40999984741211,36.43000030517578,36.43000030517578,11630,0.0,0.0
2023-01-26 15:20:00-05:00,36.43000030517578,36.459999084472656,36.41999816894531,36.439701080322266,36.439701080322266,13973,0.0,0.0
2023-01-26 15:25:00-05:00,36.43000030517578,36.43000030517578,36.314998626708984,36.31999969482422,36.31999969482422,14086,0.0,0.0
2023-01-26 15:30:00-05:00,36.31999969482422,36.31999969482422,36.2599983215332,36.279998779296875,36.279998779296875,27222,0.0,0.0
2023-01-26 15:35:00-05:00,36.279998779296875,36.30500030517578,36.27000045776367,36.279998779296875,36.279998779296875,25112,0.0,0.0
2023-01-26 15:40:00-05:00,36.279998779296875,36.31999969482422,36.2400016784668,36.279998779296875,36.279998779296875,30109,0.0,0.0
2023-01-26 15:45:00-05:00,36.279998779296875,36.369998931884766,36.2599983215332,36.36000061035156,36.36000061035156,31142,0.0,0.0
2023-01-26 15:50:00-05:00,36.349998474121094,36.419700622558594,36.33000183105469,36.369998931884766,36.369998931884766,55323,0.0,0.0
2023-01-26 15:55:00-05:00,36.3849983215332,36.474998474121094,36.369998931884766,36.470001220703125,36.470001220703125,83725,0.0,0.0
2023-01-27 09:30:00-05:00,36.34000015258789,36.40999984741211,36.33000183105469,36.40999984741211,36.40999984741211,6292,0.0,0.0
2023-01-27 09:35:00-05:00,36.400001525878906,36.630001068115234,36.400001525878906,36.630001068115234,36.630001068115234,2126,0.0,0.0
2023-01-27 09:40:00-05:00,36.59000015258789,36.59000015258789,36.470001220703125,36.5099983215332,36.5099983215332,2993,0.0,0.0
2023-01-27 09:45:00-05:00,36.529998779296875,36.619998931884766,36.529998779296875,36.58000183105469,36.58000183105469,3648,0.0,0.0
2023-01-27 09:50:00-05:00,36.630001068115234,36.630001068115234,36.540000915527344,36.56999969482422,36.56999969482422,5374,0.0,0.0
2023-01-27 09:55:00-05:00,36.56999969482422,36.56999969482422,36.42499923706055,36.42499923706055,36.42499923706055,5266,0.0,0.0
2023-01-27 10:00:00-05:00,36.4900016784668,36.560001373291016,36.47999954223633,36.560001373291016,36.560001373291016,10232,0.0,0.0
2023-01-27 10:05:00-05:00,36.529998779296875,36.63999938964844,36.51499938964844,36.60499954223633,36.60499954223633,6882,0.0,0.0
2023-01-27 10:10:00-05:00,36.60499954223633,36.65999984741211,36.56999969482422,36.5973014831543,36.5973014831543,11692,0.0,0.0
2023-01-27 10:15:00-05:00,36.54999923706055,36.56999969482422,36.45000076293945,36.52000045776367,36.52000045776367,8964,0.0,0.0
2023-01-27 10:20:00-05:00,36.54999923706055,36.54999923706055,36.38999938964844,36.38999938964844,36.38999938964844,5751,0.0,0.0
2023-01-27 10:25:00-05:00,36.380001068115234,36.380001068115234,36.27000045776367,36.34000015258789,36.34000015258789,13302,0.0,0.0
2023-01-27 10:30:00-05:00,36.345001220703125,36.36000061035156,36.22999954223633,36.22999954223633,36.22999954223633,7765,0.0,0.0
2023-01-27 10:35:00-05:00,36.220001220703125,36.310001373291016,36.220001220703125,36.29999923706055,36.29999923706055,11591,0.0,0.0
2023-01-27 10:40:00-05:00,36.310001373291016,36.334999084472656,36.2400016784668,36.290000915527344,36.290000915527344,11653,0.0,0.0
2023-01-27 10:45:00-05:00,36.25,36.25,36.06999969482422,36.11000061035156,36.11000061035156,9207,0.0,0.0
2023-01-27 10:50:00-05:00,36.130001068115234,36.20500183105469,36.130001068115234,36.150001525878906,36.150001525878906,21350,0.0,0.0
2023-01-27 10:55:00-05:00,36.130001068115234,36.189998626708984,36.119998931884766,36.154998779296875,36.154998779296875,5627,0.0,0.0
2023-01-27 11:00:00-05:00,36.154998779296875,36.16999816894531,36.06999969482422,36.08000183105469,36.08000183105469,11773,0.0,0.0
2023-01-27 11:05:00-05:00,36.08000183105469,36.13999938964844,36.04999923706055,36.04999923706055,36.04999923706055,8056,0.0,0.0
2023-01-27 11:10:00-05:00,36.04999923706055,36.06999969482422,35.97999954223633,35.97999954223633,35.97999954223633,9577,0.0,0.0
2023-01-27 11:15:00-05:00,35.970001220703125,36.029998779296875,35.970001220703125,36.0,36.0,7422,0.0,0.0
2023-01-27 11:20:00-05:00,36.0099983215332,36.029998779296875,36.0099983215332,36.02000045776367,36.02000045776367,8868,0.0,0.0
2023-01-27 11:25:00-05:00,36.02000045776367,36.02000045776367,35.95000076293945,36.0099983215332,36.0099983215332,8711,0.0,0.0
2023-01-27 11:30:00-05:00,35.97999954223633,36.02000045776367,35.970001220703125,36.02000045776367,36.02000045776367,7452,0.0,0.0
2023-01-27 11:35:00-05:00,36.03499984741211,36.03499984741211,35.97999954223633,35.97999954223633,35.97999954223633,8303,0.0,0.0
2023-01-27 11:40:00-05:00,35.98500061035156,35.98500061035156,35.939998626708984,35.95000076293945,35.95000076293945,7822,0.0,0.0
2023-01-27 11:45:00-05:00,35.939998626708984,36.02000045776367,35.83000183105469,36.02000045776367,36.02000045776367,44095,0.0,0.0
2023-01-27 11:50:00-05:00,36.02000045776367,36.095001220703125,36.0,36.0,36.0,23148,0.0,0.0
2023-01-27 11:55:00-05:00,36.0099983215332,36.029998779296875,36.0,36.029998779296875,36.029998779296875,11697,0.0,0.0
2023-01-27 12:00:00-05:00,36.0,36.04499816894531,36.0,36.029998779296875,36.029998779296875,7907,0.0,0.0
2023-01-27 12:05:00-05:00,36.02000045776367,36.04999923706055,36.02000045776367,36.02000045776367,36.02000045776367,10250,0.0,0.0
2023-01-27 12:10:00-05:00,36.0099983215332,36.119998931884766,36.0,36.099998474121094,36.099998474121094,17548,0.0,0.0
2023-01-27 12:15:00-05:00,36.099998474121094,36.16999816894531,36.099998474121094,36.16999816894531,36.16999816894531,5200,0.0,0.0
2023-01-27 12:20:00-05:00,36.189998626708984,36.2400016784668,36.18000030517578,36.18000030517578,36.18000030517578,5979,0.0,0.0
2023-01-27 12:25:00-05:00,36.18000030517578,36.189998626708984,36.13999938964844,36.16999816894531,36.16999816894531,8808,0.0,0.0
2023-01-27 12:30:00-05:00,36.150001525878906,36.16999816894531,36.150001525878906,36.150001525878906,36.150001525878906,3708,0.0,0.0
2023-01-27 12:35:00-05:00,36.15999984741211,36.209999084472656,36.150001525878906,36.20000076293945,36.20000076293945,7876,0.0,0.0
2023-01-27 12:40:00-05:00,36.20000076293945,36.220001220703125,36.18000030517578,36.189998626708984,36.189998626708984,6972,0.0,0.0
2023-01-27 12:45:00-05:00,36.16999816894531,36.16999816894531,36.119998931884766,36.119998931884766,36.119998931884766,6707,0.0,0.0
2023-01-27 12:50:00-05:00,36.119998931884766,36.130001068115234,36.06999969482422,36.099998474121094,36.099998474121094,8745,0.0,0.0
2023-01-27 12:55:00-05:00,36.099998474121094,36.13999938964844,36.08000183105469,36.13999938964844,36.13999938964844,7498,0.0,0.0
2023-01-27 13:00:00-05:00,36.14500045776367,36.15999984741211,36.099998474121094,36.130001068115234,36.130001068115234,7105,0.0,0.0
2023-01-27 13:05:00-05:00,36.130001068115234,36.130001068115234,36.040000915527344,36.040000915527344,36.040000915527344,5776,0.0,0.0
2023-01-27 13:10:00-05:00,36.040000915527344,36.09000015258789,36.029998779296875,36.09000015258789,36.09000015258789,10340,0.0,0.0
2023-01-27 13:15:00-05:00,36.099998474121094,36.099998474121094,36.029998779296875,36.060001373291016,36.060001373291016,6651,0.0,0.0
2023-01-27 13:20:00-05:00,36.08000183105469,36.16999816894531,36.06999969482422,36.119998931884766,36.119998931884766,17886,0.0,0.0
2023-01-27 13:25:00-05:00,36.11000061035156,36.13999938964844,36.099998474121094,36.130001068115234,36.130001068115234,6558,0.0,0.0
2023-01-27 13:30:00-05:00,36.150001525878906,36.150001525878906,36.09000015258789,36.11000061035156,36.11000061035156,9163,0.0,0.0
2023-01-27 13:35:00-05:00,36.099998474121094,36.119998931884766,36.099998474121094,36.10499954223633,36.10499954223633,7479,0.0,0.0
2023-01-27 13:40:00-05:00,36.09000015258789,36.09000015258789,36.02000045776367,36.02000045776367,36.02000045776367,6941,0.0,0.0
2023-01-27 13:45:00-05:00,36.025001525878906,36.04999923706055,36.0,36.040000915527344,36.040000915527344,11812,0.0,0.0
2023-01-27 13:50:00-05:00,36.04999923706055,36.04999923706055,36.0099983215332,36.040000915527344,36.040000915527344,12247,0.0,0.0
2023-01-27 13:55:00-05:00,36.02000045776367,36.029998779296875,36.0,36.0099983215332,36.0099983215332,9441,0.0,0.0
2023-01-27 14:00:00-05:00,36.02000045776367,36.029998779296875,36.0,36.02000045776367,36.02000045776367,11912,0.0,0.0
2023-01-27 14:05:00-05:00,36.01499938964844,36.025001525878906,35.93000030517578,35.93000030517578,35.93000030517578,26643,0.0,0.0
2023-01-27 14:10:00-05:00,35.939998626708984,35.95500183105469,35.90999984741211,35.90999984741211,35.90999984741211,7907,0.0,0.0
2023-01-27 14:15:00-05:00,35.904998779296875,35.9900016784668,35.904998779296875,35.959999084472656,35.959999084472656,16899,0.0,0.0
2023-01-27 14:20:00-05:00,35.95000076293945,36.0099983215332,35.939998626708984,36.0,36.0,8495,0.0,0.0
2023-01-27 14:25:00-05:00,35.9900016784668,35.9900016784668,35.86000061035156,35.880001068115234,35.880001068115234,11986,0.0,0.0
2023-01-27 14:30:00-05:00,35.875,35.900001525878906,35.83000183105469,35.834999084472656,35.834999084472656,11355,0.0,0.0
2023-01-27 14:35:00-05:00,35.84000015258789,35.90999984741211,35.84000015258789,35.90999984741211,35.90999984741211,13587,0.0,0.0
2023-01-27 14:40:00-05:00,35.93000030517578,35.93000030517578,35.84000015258789,35.88999938964844,35.88999938964844,13475,0.0,0.0
2023-01-27 14:45:00-05:00,35.869998931884766,36.09000015258789,35.84000015258789,36.060001373291016,36.060001373291016,40956,0.0,0.0
2023-01-27 14:50:00-05:00,36.08000183105469,36.099998474121094,36.04999923706055,36.099998474121094,36.099998474121094,8648,0.0,0.0
2023-01-27 14:55:00-05:00,36.11000061035156,36.13999938964844,36.06999969482422,36.13999938964844,36.13999938964844,12532,0.0,0.0
2023-01-27 15:00:00-05:00,36.130001068115234,36.15999984741211,36.099998474121094,36.099998474121094,36.099998474121094,13214,0.0,0.0
2023-01-27 15:05:00-05:00,36.099998474121094,36.130001068115234,36.09000015258789,36.09000015258789,36.09000015258789,14439,0.0,0.0
2023-01-27 15:10:00-05:00,36.099998474121094,36.099998474121094,36.0,36.0,36.0,24708,0.0,0.0
2023-01-27 15:15:00-05:00,36.0,36.029998779296875,36.0,36.029998779296875,36.029998779296875,31037,0.0,0.0
2023-01-27 15:20:00-05:00,36.040000915527344,36.06999969482422,36.029998779296875,36.04999923706055,36.04999923706055,20502,0.0,0.0
2023-01-27 15:25:00-05:00,36.05500030517578,36.060001373291016,36.0,36.0,36.0,16666,0.0,0.0
2023-01-27 15:30:00-05:00,36.005001068115234,36.02000045776367,35.970001220703125,35.970001220703125,35.970001220703125,26467,0.0,0.0
2023-01-27 15:35:00-05:00,35.95000076293945,36.0099983215332,35.939998626708984,35.9900016784668,35.9900016784668,25201,0.0,0.0
2023-01-27 15:40:00-05:00,36.0,36.000999450683594,35.959999084472656,35.959999084472656,35.959999084472656,22203,0.0,0.0
2023-01-27 15:45:00-05:00,35.959999084472656,35.96500015258789,35.849998474121094,35.8650016784668,35.8650016784668,27929,0.0,0.0
2023-01-27 15:50:00-05:00,35.869998931884766,35.900001525878906,35.79999923706055,35.80500030517578,35.80500030517578,35827,0.0,0.0
2023-01-27 15:55:00-05:00,35.80500030517578,35.849998474121094,35.7599983215332,35.779998779296875,35.779998779296875,99191,0.0,0.0
2023-01-30 09:30:00-05:00,35.689998626708984,35.810001373291016,35.369998931884766,35.7400016784668,35.7400016784668,14232,0.0,0.0
2023-01-30 09:35:00-05:00,35.779998779296875,35.779998779296875,35.529998779296875,35.75,35.75,3830,0.0,0.0
2023-01-30 09:40:00-05:00,35.685001373291016,35.77000045776367,35.529998779296875,35.540000915527344,35.540000915527344,2111,0.0,0.0
2023-01-30 09:45:00-05:00,35.584999084472656,35.939998626708984,35.584999084472656,35.915000915527344,35.915000915527344,3869,0.0,0.0
2023-01-30 09:50:00-05:00,35.959999084472656,36.119998931884766,35.93000030517578,35.95000076293945,35.95000076293945,15134,0.0,0.0
2023-01-30 09:55:00-05:00,35.95000076293945,36.04249954223633,35.84000015258789,35.8650016784668,35.8650016784668,8508,0.0,0.0
2023-01-30 10:00:00-05:00,35.869998931884766,36.084999084472656,35.84000015258789,36.084999084472656,36.084999084472656,7469,0.0,0.0
2023-01-30 10:05:00-05:00,36.04999923706055,36.36000061035156,36.04999923706055,36.36000061035156,36.36000061035156,15444,0.0,0.0
2023-01-30 10:10:00-05:00,36.33000183105469,36.45989990234375,36.2599983215332,36.279998779296875,36.279998779296875,14292,0.0,0.0
2023-01-30 10:15:00-05:00,36.2400016784668,36.2400016784668,36.040000915527344,36.130001068115234,36.130001068115234,13446,0.0,0.0
2023-01-30 10:20:00-05:00,36.15999984741211,36.30500030517578,36.130001068115234,36.20000076293945,36.20000076293945,15417,0.0,0.0
2023-01-30 10:25:00-05:00,36.189998626708984,36.189998626708984,35.994998931884766,36.08000183105469,36.08000183105469,7397,0.0,0.0
2023-01-30 10:30:00-05:00,36.130001068115234,36.1349983215332,36.040000915527344,36.09000015258789,36.09000015258789,8834,0.0,0.0
2023-01-30 10:35:00-05:00,36.09370040893555,36.209999084472656,36.08000183105469,36.20500183105469,36.20500183105469,11376,0.0,0.0
2023-01-30 10:40:00-05:00,36.20000076293945,36.20000076293945,36.099998474121094,36.15999984741211,36.15999984741211,9436,0.0,0.0
2023-01-30 10:45:00-05:00,36.18000030517578,36.279998779296875,36.11000061035156,36.279998779296875,36.279998779296875,7612,0.0,0.0
2023-01-30 10:50:00-05:00,36.27000045776367,36.36000061035156,36.244998931884766,36.279998779296875,36.279998779296875,15664,0.0,0.0
2023-01-30 10:55:00-05:00,36.29999923706055,36.400001525878906,36.2599983215332,36.27000045776367,36.27000045776367,15786,0.0,0.0
2023-01-30 11:00:00-05:00,36.2599983215332,36.279998779296875,36.220001220703125,36.2400016784668,36.2400016784668,10803,0.0,0.0
2023-01-30 11:05:00-05:00,36.2400016784668,36.2599983215332,36.20000076293945,36.22999954223633,36.22999954223633,7815,0.0,0.0
2023-01-30 11:10:00-05:00,36.2400016784668,36.310001373291016,36.2400016784668,36.2400016784668,36.2400016784668,12809,0.0,0.0
2023-01-30 11:15:00-05:00,36.23500061035156,36.29999923706055,36.22999954223633,36.29999923706055,36.29999923706055,6743,0.0,0.0
2023-01-30 11:20:00-05:00,36.290401458740234,36.349998474121094,36.22999954223633,36.22999954223633,36.22999954223633,15535,0.0,0.0
2023-01-30 11:25:00-05:00,36.22999954223633,36.25,36.18000030517578,36.25,36.25,6986,0.0,0.0
2023-01-30 11:30:00-05:00,36.2599983215332,36.279998779296875,36.20000076293945,36.209999084472656,36.209999084472656,10247,0.0,0.0
2023-01-30 11:35:00-05:00,36.220001220703125,36.22999954223633,36.15999984741211,36.185001373291016,36.185001373291016,6694,0.0,0.0
2023-01-30 11:40:00-05:00,36.16999816894531,36.16999816894531,36.119998931884766,36.130001068115234,36.130001068115234,7261,0.0,0.0
2023-01-30 11:45:00-05:00,36.13999938964844,36.20000076293945,36.13999938964844,36.15999984741211,36.15999984741211,7156,0.0,0.0
2023-01-30 11:50:00-05:00,36.16999816894531,36.2400016784668,36.15999984741211,36.189998626708984,36.189998626708984,6102,0.0,0.0
2023-01-30 11:55:00-05:00,36.18000030517578,36.27000045776367,36.16999816894531,36.2400016784668,36.2400016784668,9415,0.0,0.0
2023-01-30 12:00:00-05:00,36.22999954223633,36.22999954223633,36.18000030517578,36.20500183105469,36.20500183105469,4363,0.0,0.0
2023-01-30 12:05:00-05:00,36.20000076293945,36.282501220703125,36.20000076293945,36.275001525878906,36.275001525878906,6911,0.0,0.0
2023-01-30 12:10:00-05:00,36.27000045776367,36.31999969482422,36.209999084472656,36.23500061035156,36.23500061035156,9002,0.0,0.0
2023-01-30 12:15:00-05:00,36.220001220703125,36.220001220703125,36.099998474121094,36.15999984741211,36.15999984741211,8699,0.0,0.0
2023-01-30 12:20:00-05:00,36.18000030517578,36.2400016784668,36.18000030517578,36.22999954223633,36.22999954223633,3965,0.0,0.0
2023-01-30 12:25:00-05:00,36.25,36.27000045776367,36.20000076293945,36.2599983215332,36.2599983215332,6257,0.0,0.0
2023-01-30 12:30:00-05:00,36.255001068115234,36.255001068115234,36.08000183105469,36.099998474121094,36.099998474121094,6302,0.0,0.0
2023-01-30 12:35:00-05:00,36.11000061035156,36.220001220703125,36.11000061035156,36.20000076293945,36.20000076293945,10566,0.0,0.0
2023-01-30 12:40:00-05:00,36.20000076293945,36.23500061035156,36.20000076293945,36.220001220703125,36.220001220703125,5441,0.0,0.0
2023-01-30 12:45:00-05:00,36.220001220703125,36.27000045776367,36.189998626708984,36.21500015258789,36.21500015258789,6118,0.0,0.0
2023-01-30 12:50:00-05:00,36.20000076293945,36.20000076293945,36.119998931884766,36.15999984741211,36.15999984741211,5792,0.0,0.0
2023-01-30 12:55:00-05:00,36.16999816894531,36.1875,36.040000915527344,36.11000061035156,36.11000061035156,7745,0.0,0.0
2023-01-30 13:00:00-05:00,36.09000015258789,36.15999984741211,36.08000183105469,36.08000183105469,36.08000183105469,8777,0.0,0.0
2023-01-30 13:05:00-05:00,36.08000183105469,36.119998931884766,36.08000183105469,36.095001220703125,36.095001220703125,5154,0.0,0.0
2023-01-30 13:10:00-05:00,36.099998474121094,36.16999816894531,36.099998474121094,36.16999816894531,36.16999816894531,9452,0.0,0.0
2023-01-30 13:15:00-05:00,36.18000030517578,36.2400016784668,36.18000030517578,36.2400016784668,36.2400016784668,9857,0.0,0.0
2023-01-30 13:20:00-05:00,36.2400016784668,36.279998779296875,36.23500061035156,36.279998779296875,36.279998779296875,8047,0.0,0.0
2023-01-30 13:25:00-05:00,36.279998779296875,36.279998779296875,36.220001220703125,36.2400016784668,36.2400016784668,7872,0.0,0.0
2023-01-30 13:30:00-05:00,36.22999954223633,36.2400016784668,36.189998626708984,36.189998626708984,36.189998626708984,6914,0.0,0.0
2023-01-30 13:35:00-05:00,36.16999816894531,36.20500183105469,36.16999816894531,36.16999816894531,36.16999816894531,11044,0.0,0.0
2023-01-30 13:40:00-05:00,36.189998626708984,36.220001220703125,36.18000030517578,36.21500015258789,36.21500015258789,5957,0.0,0.0
2023-01-30 13:45:00-05:00,36.209999084472656,36.2599983215332,36.18000030517578,36.2599983215332,36.2599983215332,6348,0.0,0.0
2023-01-30 13:50:00-05:00,36.2599983215332,36.279998779296875,36.2400016784668,36.2400016784668,36.2400016784668,8180,0.0,0.0
2023-01-30 13:55:00-05:00,36.2400016784668,36.25,36.189998626708984,36.224998474121094,36.224998474121094,8217,0.0,0.0
2023-01-30 14:00:00-05:00,36.220001220703125,36.27000045776367,36.209999084472656,36.27000045776367,36.27000045776367,8643,0.0,0.0
2023-01-30 14:05:00-05:00,36.27000045776367,36.287498474121094,36.09000015258789,36.095001220703125,36.095001220703125,10829,0.0,0.0
2023-01-30 14:10:00-05:00,36.11000061035156,36.189998626708984,36.095001220703125,36.189998626708984,36.189998626708984,6817,0.0,0.0
2023-01-30 14:15:00-05:00,36.209999084472656,36.212501525878906,36.18000030517578,36.209999084472656,36.209999084472656,7346,0.0,0.0
2023-01-30 14:20:00-05:00,36.189998626708984,36.20000076293945,36.099998474121094,36.1349983215332,36.1349983215332,11402,0.0,0.0
2023-01-30 14:25:00-05:00,36.1349983215332,36.1349983215332,36.09749984741211,36.119998931884766,36.119998931884766,10173,0.0,0.0
2023-01-30 14:30:00-05:00,36.13999938964844,36.15999984741211,36.130001068115234,36.13999938964844,36.13999938964844,6143,0.0,0.0
2023-01-30 14:35:00-05:00,36.130001068115234,36.18000030517578,36.130001068115234,36.15999984741211,36.15999984741211,7012,0.0,0.0
2023-01-30 14:40:00-05:00,36.16999816894531,36.16999816894531,35.970001220703125,35.97999954223633,35.97999954223633,18886,0.0,0.0
2023-01-30 14:45:00-05:00,36.0,36.125,35.98500061035156,36.099998474121094,36.099998474121094,13569,0.0,0.0
2023-01-30 14:50:00-05:00,36.11000061035156,36.150001525878906,36.099998474121094,36.11000061035156,36.11000061035156,10463,0.0,0.0
2023-01-30 14:55:00-05:00,36.11000061035156,36.119998931884766,36.0525016784668,36.0525016784668,36.0525016784668,9283,0.0,0.0
2023-01-30 15:00:00-05:00,36.03499984741211,36.15999984741211,36.03499984741211,36.14500045776367,36.14500045776367,8298,0.0,0.0
2023-01-30 15:05:00-05:00,36.14500045776367,36.15250015258789,36.040000915527344,36.06999969482422,36.06999969482422,10893,0.0,0.0
2023-01-30 15:10:00-05:00,36.08000183105469,36.119998931884766,36.08000183105469,36.099998474121094,36.099998474121094,10326,0.0,0.0
2023-01-30 15:15:00-05:00,36.11000061035156,36.11000061035156,35.97999954223633,35.98500061035156,35.98500061035156,12321,0.0,0.0
2023-01-30 15:20:00-05:00,35.994998931884766,36.0099983215332,35.93000030517578,35.98500061035156,35.98500061035156,16320,0.0,0.0
2023-01-30 15:25:00-05:00,35.98500061035156,36.0525016784668,35.97999954223633,35.97999954223633,35.97999954223633,17661,0.0,0.0
2023-01-30 15:30:00-05:00,35.97999954223633,36.0099983215332,35.93000030517578,35.95000076293945,35.95000076293945,15827,0.0,0.0
2023-01-30 15:35:00-05:00,35.95500183105469,36.0099983215332,35.942501068115234,35.96500015258789,35.96500015258789,18837,0.0,0.0
2023-01-30 15:40:00-05:00,35.974998474121094,36.040000915527344,35.959999084472656,36.040000915527344,36.040000915527344,21139,0.0,0.0
2023-01-30 15:45:00-05:00,36.040000915527344,36.09000015258789,36.040000915527344,36.084999084472656,36.084999084472656,25731,0.0,0.0
2023-01-30 15:50:00-05:00,36.09000015258789,36.21500015258789,36.09000015258789,36.150001525878906,36.150001525878906,55630,0.0,0.0
2023-01-30 15:55:00-05:00,36.150001525878906,36.150001525878906,36.08000183105469,36.095001220703125,36.095001220703125,109771,0.0,0.0
2023-01-31 09:30:00-05:00,36.0,36.53499984741211,36.0,36.53499984741211,36.53499984741211,81738,0.0,0.0
2023-01-31 09:35:00-05:00,36.53499984741211,36.65999984741211,36.5,36.595001220703125,36.595001220703125,8152,0.0,0.0
2023-01-31 09:40:00-05:00,36.595001220703125,36.595001220703125,36.41999816894531,36.51499938964844,36.51499938964844,12904,0.0,0.0
2023-01-31 09:45:00-05:00,36.5,36.55500030517578,36.45000076293945,36.55500030517578,36.55500030517578,8259,0.0,0.0
2023-01-31 09:50:00-05:00,36.54999923706055,36.54999923706055,36.310001373291016,36.45000076293945,36.45000076293945,46243,0.0,0.0
2023-01-31 09:55:00-05:00,36.40999984741211,36.47999954223633,36.29999923706055,36.314998626708984,36.314998626708984,7614,0.0,0.0
2023-01-31 10:00:00-05:00,36.30500030517578,36.439998626708984,36.220001220703125,36.38999938964844,36.38999938964844,9938,0.0,0.0
2023-01-31 10:05:00-05:00,36.41999816894531,36.84000015258789,36.400001525878906,36.70140075683594,36.70140075683594,20645,0.0,0.0
2023-01-31 10:10:00-05:00,36.7400016784668,36.849998474121094,36.72999954223633,36.7599983215332,36.7599983215332,35909,0.0,0.0
2023-01-31 10:15:00-05:00,36.75,36.755001068115234,36.70000076293945,36.72999954223633,36.72999954223633,14656,0.0,0.0
2023-01-31 10:20:00-05:00,36.720001220703125,36.720001220703125,36.59000015258789,36.70000076293945,36.70000076293945,10640,0.0,0.0
2023-01-31 10:25:00-05:00,36.68000030517578,36.709999084472656,36.63999938964844,36.709999084472656,36.709999084472656,8599,0.0,0.0
2023-01-31 10:30:00-05:00,36.709999084472656,36.72999954223633,36.65999984741211,36.709999084472656,36.709999084472656,11849,0.0,0.0
2023-01-31 10:35:00-05:00,36.70500183105469,36.70500183105469,36.630001068115234,36.65999984741211,36.65999984741211,8151,0.0,0.0
2023-01-31 10:40:00-05:00,36.66999816894531,36.709999084472656,36.66999816894531,36.689998626708984,36.689998626708984,9414,0.0,0.0
2023-01-31 10:45:00-05:00,36.720001220703125,36.720001220703125,36.68000030517578,36.70000076293945,36.70000076293945,9187,0.0,0.0
2023-01-31 10:50:00-05:00,36.709999084472656,36.86000061035156,36.70000076293945,36.82500076293945,36.82500076293945,82617,0.0,0.0
2023-01-31 10:55:00-05:00,36.84000015258789,36.84000015258789,36.73749923706055,36.810001373291016,36.810001373291016,11639,0.0,0.0
2023-01-31 11:00:00-05:00,36.810001373291016,36.814998626708984,36.77000045776367,36.78499984741211,36.78499984741211,7748,0.0,0.0
2023-01-31 11:05:00-05:00,36.77000045776367,36.86000061035156,36.75,36.849998474121094,36.849998474121094,12266,0.0,0.0
2023-01-31 11:10:00-05:00,36.845001220703125,36.845001220703125,36.720001220703125,36.7599983215332,36.7599983215332,9566,0.0,0.0
2023-01-31 11:15:00-05:00,36.744998931884766,36.83000183105469,36.744998931884766,36.76499938964844,36.76499938964844,8614,0.0,0.0
2023-01-31 11:20:00-05:00,36.76499938964844,36.79999923706055,36.7400016784668,36.7400016784668,36.7400016784668,6498,0.0,0.0
2023-01-31 11:25:00-05:00,36.744998931884766,36.79999923706055,36.720001220703125,36.790000915527344,36.790000915527344,7727,0.0,0.0
2023-01-31 11:30:00-05:00,36.79499816894531,36.79999923706055,36.70000076293945,36.71500015258789,36.71500015258789,7394,0.0,0.0
2023-01-31 11:35:00-05:00,36.72710037231445,36.7400016784668,36.70000076293945,36.71500015258789,36.71500015258789,4791,0.0,0.0
2023-01-31 11:40:00-05:00,36.72999954223633,36.7599983215332,36.709999084472656,36.7400016784668,36.7400016784668,4975,0.0,0.0
2023-01-31 11:45:00-05:00,36.7599983215332,36.79999923706055,36.720001220703125,36.720001220703125,36.720001220703125,7563,0.0,0.0
2023-01-31 11:50:00-05:00,36.72999954223633,36.75,36.724998474121094,36.7400016784668,36.7400016784668,5261,0.0,0.0
2023-01-31 11:55:00-05:00,36.72999954223633,36.76499938964844,36.72999954223633,36.72999954223633,36.72999954223633,5852,0.0,0.0
2023-01-31 12:00:00-05:00,36.720001220703125,36.720001220703125,36.61000061035156,36.630001068115234,36.630001068115234,7028,0.0,0.0
2023-01-31 12:05:00-05:00,36.630001068115234,36.68000030517578,36.599998474121094,36.61000061035156,36.61000061035156,15423,0.0,0.0
2023-01-31 12:10:00-05:00,36.619998931884766,36.630001068115234,36.529998779296875,36.55500030517578,36.55500030517578,5866,0.0,0.0
2023-01-31 12:15:00-05:00,36.55500030517578,36.61000061035156,36.55500030517578,36.595001220703125,36.595001220703125,5449,0.0,0.0
2023-01-31 12:20:00-05:00,36.599998474121094,36.630001068115234,36.599998474121094,36.619998931884766,36.619998931884766,3222,0.0,0.0
2023-01-31 12:25:00-05:00,36.625,36.68000030517578,36.625,36.66999816894531,36.66999816894531,6792,0.0,0.0
2023-01-31 12:30:00-05:00,36.650001525878906,36.650001525878906,36.529998779296875,36.54999923706055,36.54999923706055,4892,0.0,0.0
2023-01-31 12:35:00-05:00,36.54999923706055,36.59000015258789,36.540000915527344,36.58000183105469,36.58000183105469,4597,0.0,0.0
2023-01-31 12:40:00-05:00,36.58000183105469,36.599998474121094,36.529998779296875,36.529998779296875,36.529998779296875,11604,0.0,0.0
2023-01-31 12:45:00-05:00,36.529998779296875,36.529998779296875,36.41999816894531,36.41999816894531,36.41999816894531,7123,0.0,0.0
2023-01-31 12:50:00-05:00,36.40999984741211,36.43000030517578,36.38999938964844,36.400001525878906,36.400001525878906,16421,0.0,0.0
2023-01-31 12:55:00-05:00,36.3849983215332,36.560001373291016,36.3849983215332,36.53499984741211,36.53499984741211,14287,0.0,0.0
2023-01-31 13:00:00-05:00,36.560001373291016,36.560001373291016,36.459999084472656,36.4900016784668,36.4900016784668,11836,0.0,0.0
2023-01-31 13:05:00-05:00,36.5,36.59000015258789,36.5,36.584999084472656,36.584999084472656,3299,0.0,0.0
2023-01-31 13:10:00-05:00,36.584999084472656,36.70000076293945,36.584999084472656,36.68000030517578,36.68000030517578,9174,0.0,0.0
2023-01-31 13:15:00-05:00,36.68000030517578,36.689998626708984,36.58000183105469,36.60499954223633,36.60499954223633,13095,0.0,0.0
2023-01-31 13:20:00-05:00,36.60499954223633,36.61000061035156,36.4900016784668,36.4900016784668,36.4900016784668,7455,0.0,0.0
2023-01-31 13:25:00-05:00,36.4900016784668,36.5099983215332,36.435001373291016,36.5,36.5,11818,0.0,0.0
2023-01-31 13:30:00-05:00,36.47999954223633,36.52000045776367,36.470001220703125,36.5099983215332,36.5099983215332,6990,0.0,0.0
2023-01-31 13:35:00-05:00,36.52000045776367,36.52000045776367,36.470001220703125,36.5,36.5,9379,0.0,0.0
2023-01-31 13:40:00-05:00,36.52000045776367,36.54999923706055,36.5099983215332,36.525001525878906,36.525001525878906,7919,0.0,0.0
2023-01-31 13:45:00-05:00,36.529998779296875,36.540000915527344,36.45000076293945,36.5,36.5,12053,0.0,0.0
2023-01-31 13:50:00-05:00,36.5,36.505001068115234,36.45000076293945,36.45000076293945,36.45000076293945,9771,0.0,0.0
2023-01-31 13:55:00-05:00,36.439998626708984,36.4900016784668,36.439998626708984,36.47999954223633,36.47999954223633,6845,0.0,0.0
2023-01-31 14:00:00-05:00,36.47999954223633,36.494998931884766,36.439998626708984,36.474998474121094,36.474998474121094,13345,0.0,0.0
2023-01-31 14:05:00-05:00,36.47999954223633,36.53499984741211,36.47999954223633,36.48500061035156,36.48500061035156,10017,0.0,0.0
2023-01-31 14:10:00-05:00,36.47999954223633,36.49250030517578,36.459999084472656,36.47999954223633,36.47999954223633,9983,0.0,0.0
2023-01-31 14:15:00-05:00,36.47999954223633,36.5,36.474998474121094,36.474998474121094,36.474998474121094,8379,0.0,0.0
2023-01-31 14:20:00-05:00,36.47999954223633,36.529998779296875,36.47999954223633,36.52000045776367,36.52000045776367,11908,0.0,0.0
2023-01-31 14:25:00-05:00,36.52000045776367,36.540000915527344,36.51499938964844,36.525001525878906,36.525001525878906,7350,0.0,0.0
2023-01-31 14:30:00-05:00,36.525001525878906,36.525001525878906,36.48500061035156,36.4900016784668,36.4900016784668,12352,0.0,0.0
2023-01-31 14:35:00-05:00,36.47999954223633,36.5099983215332,36.45000076293945,36.4900016784668,36.4900016784668,8777,0.0,0.0
2023-01-31 14:40:00-05:00,36.4900016784668,36.5,36.47999954223633,36.4900016784668,36.4900016784668,8369,0.0,0.0
2023-01-31 14:45:00-05:00,36.5,36.529998779296875,36.5,36.505001068115234,36.505001068115234,12027,0.0,0.0
2023-01-31 14:50:00-05:00,36.505001068115234,36.52000045776367,36.494998931884766,36.505001068115234,36.505001068115234,11753,0.0,0.0
2023-01-31 14:55:00-05:00,36.505001068115234,36.505001068115234,36.459999084472656,36.459999084472656,36.459999084472656,10676,0.0,0.0
2023-01-31 15:00:00-05:00,36.459999084472656,36.540000915527344,36.459999084472656,36.529998779296875,36.529998779296875,11358,0.0,0.0
2023-01-31 15:05:00-05:00,36.529998779296875,36.56999969482422,36.494998931884766,36.494998931884766,36.494998931884766,13981,0.0,0.0
2023-01-31 15:10:00-05:00,36.47999954223633,36.4900016784668,36.439998626708984,36.474998474121094,36.474998474121094,10563,0.0,0.0
2023-01-31 15:15:00-05:00,36.474998474121094,36.52000045776367,36.470001220703125,36.4900016784668,36.4900016784668,14740,0.0,0.0
2023-01-31 15:20:00-05:00,36.47999954223633,36.529998779296875,36.470001220703125,36.47999954223633,36.47999954223633,10402,0.0,0.0
2023-01-31 15:25:00-05:00,36.47999954223633,36.505001068115234,36.47999954223633,36.494998931884766,36.494998931884766,8839,0.0,0.0
2023-01-31 15:30:00-05:00,36.5,36.51499938964844,36.459999084472656,36.474998474121094,36.474998474121094,23700,0.0,0.0
2023-01-31 15:35:00-05:00,36.47999954223633,36.505001068115234,36.44499969482422,36.505001068115234,36.505001068115234,16017,0.0,0.0
2023-01-31 15:40:00-05:00,36.505001068115234,36.505001068115234,36.46500015258789,36.494998931884766,36.494998931884766,17618,0.0,0.0
2023-01-31 15:45:00-05:00,36.5,36.56999969482422,36.47999954223633,36.5,36.5,46718,0.0,0.0
2023-01-31 15:50:00-05:00,36.5,36.52000045776367,36.470001220703125,36.474998474121094,36.474998474121094,81092,0.0,0.0
2023-01-31 15:55:00-05:00,36.47999954223633,36.4900016784668,36.41999816894531,36.45000076293945,36.45000076293945,163569,0.0,0.0
2023-02-01 09:30:00-05:00,36.2599983215332,36.47999954223633,36.209999084472656,36.27000045776367,36.27000045776367,17507,0.0,0.0
2023-02-01 09:35:00-05:00,36.189998626708984,36.27000045776367,36.119998931884766,36.22999954223633,36.22999954223633,4199,0.0,0.0
2023-02-01 09:40:00-05:00,36.15999984741211,36.209999084472656,36.06999969482422,36.07500076293945,36.07500076293945,7285,0.0,0.0
2023-02-01 09:45:00-05:00,36.06999969482422,36.18000030517578,36.06999969482422,36.150001525878906,36.150001525878906,4095,0.0,0.0
2023-02-01 09:50:00-05:00,36.150001525878906,36.33000183105469,36.150001525878906,36.31999969482422,36.31999969482422,2370,0.0,0.0
2023-02-01 09:55:00-05:00,36.314998626708984,36.380001068115234,36.314998626708984,36.380001068115234,36.380001068115234,2033,0.0,0.0
2023-02-01 10:00:00-05:00,36.369998931884766,36.529998779296875,36.2599983215332,36.529998779296875,36.529998779296875,36475,0.0,0.0
2023-02-01 10:05:00-05:00,36.525001525878906,36.63999938964844,36.525001525878906,36.630001068115234,36.630001068115234,29177,0.0,0.0
2023-02-01 10:10:00-05:00,36.66999816894531,36.7400016784668,36.66999816894531,36.720001220703125,36.720001220703125,7174,0.0,0.0
2023-02-01 10:15:00-05:00,36.724998474121094,36.72999954223633,36.59000015258789,36.630001068115234,36.630001068115234,7973,0.0,0.0
2023-02-01 10:20:00-05:00,36.619998931884766,36.63999938964844,36.435001373291016,36.5,36.5,55607,0.0,0.0
2023-02-01 10:25:00-05:00,36.5099983215332,36.59000015258789,36.459999084472656,36.459999084472656,36.459999084472656,6273,0.0,0.0
2023-02-01 10:30:00-05:00,36.5099983215332,36.529998779296875,36.3650016784668,36.3650016784668,36.3650016784668,6077,0.0,0.0
2023-02-01 10:35:00-05:00,36.34000015258789,36.34000015258789,36.119998931884766,36.15999984741211,36.15999984741211,9456,0.0,0.0
2023-02-01 10:40:00-05:00,36.15999984741211,36.34000015258789,36.15999984741211,36.34000015258789,36.34000015258789,12166,0.0,0.0
2023-02-01 10:45:00-05:00,36.33000183105469,36.40999984741211,36.25,36.369998931884766,36.369998931884766,13136,0.0,0.0
2023-02-01 10:50:00-05:00,36.3650016784668,36.43000030517578,36.3650016784668,36.40999984741211,36.40999984741211,4858,0.0,0.0
2023-02-01 10:55:00-05:00,36.400001525878906,36.439998626708984,36.380001068115234,36.41999816894531,36.41999816894531,6269,0.0,0.0
2023-02-01 11:00:00-05:00,36.41999816894531,36.47999954223633,36.400001525878906,36.46500015258789,36.46500015258789,6797,0.0,0.0
2023-02-01 11:05:00-05:00,36.46500015258789,36.560001373291016,36.46500015258789,36.54999923706055,36.54999923706055,24712,0.0,0.0
2023-02-01 11:10:00-05:00,36.56999969482422,36.56999969482422,36.5099983215332,36.54999923706055,36.54999923706055,4369,0.0,0.0
2023-02-01 11:15:00-05:00,36.55500030517578,36.59000015258789,36.55500030517578,36.560001373291016,36.560001373291016,3242,0.0,0.0
2023-02-01 11:20:00-05:00,36.564998626708984,36.625,36.564998626708984,36.625,36.625,6657,0.0,0.0
2023-02-01 11:25:00-05:00,36.625,36.63999938964844,36.61000061035156,36.6349983215332,36.6349983215332,7053,0.0,0.0
2023-02-01 11:30:00-05:00,36.6349983215332,36.67499923706055,36.529998779296875,36.529998779296875,36.529998779296875,9010,0.0,0.0
2023-02-01 11:35:00-05:00,36.52000045776367,36.63999938964844,36.52000045776367,36.63999938964844,36.63999938964844,7210,0.0,0.0
2023-02-01 11:40:00-05:00,36.630001068115234,36.7599983215332,36.599998474121094,36.650001525878906,36.650001525878906,67304,0.0,0.0
2023-02-01 11:45:00-05:00,36.640201568603516,36.90999984741211,36.640201568603516,36.834999084472656,36.834999084472656,44852,0.0,0.0
2023-02-01 11:50:00-05:00,36.810001373291016,36.86000061035156,36.810001373291016,36.84000015258789,36.84000015258789,5498,0.0,0.0
2023-02-01 11:55:00-05:00,36.81999969482422,36.83000183105469,36.72999954223633,36.75,36.75,3973,0.0,0.0
2023-02-01 12:00:00-05:00,36.75,36.81999969482422,36.75,36.81999969482422,36.81999969482422,3621,0.0,0.0
2023-02-01 12:05:00-05:00,36.81999969482422,36.834999084472656,36.790000915527344,36.81999969482422,36.81999969482422,5037,0.0,0.0
2023-02-01 12:10:00-05:00,36.83000183105469,36.849998474121094,36.77000045776367,36.77000045776367,36.77000045776367,4741,0.0,0.0
2023-02-01 12:15:00-05:00,36.77000045776367,36.779998779296875,36.685001373291016,36.685001373291016,36.685001373291016,4339,0.0,0.0
2023-02-01 12:20:00-05:00,36.70000076293945,36.7400016784668,36.689998626708984,36.72999954223633,36.72999954223633,5237,0.0,0.0
2023-02-01 12:25:00-05:00,36.7599983215332,36.84000015258789,36.7599983215332,36.834999084472656,36.834999084472656,5750,0.0,0.0
2023-02-01 12:30:00-05:00,36.83000183105469,36.83000183105469,36.72999954223633,36.744998931884766,36.744998931884766,2301,0.0,0.0
2023-02-01 12:35:00-05:00,36.7599983215332,36.77000045776367,36.75,36.77000045776367,36.77000045776367,1571,0.0,0.0
2023-02-01 12:40:00-05:00,36.76499938964844,36.779998779296875,36.68000030517578,36.68000030517578,36.68000030517578,15617,0.0,0.0
2023-02-01 12:45:00-05:00,36.68000030517578,36.68000030517578,36.619998931884766,36.619998931884766,36.619998931884766,2658,0.0,0.0
2023-02-01 12:50:00-05:00,36.619998931884766,36.630001068115234,36.595001220703125,36.599998474121094,36.599998474121094,3771,0.0,0.0
2023-02-01 12:55:00-05:00,36.61000061035156,36.68000030517578,36.61000061035156,36.68000030517578,36.68000030517578,7538,0.0,0.0
2023-02-01 13:00:00-05:00,36.68000030517578,36.68000030517578,36.56999969482422,36.599998474121094,36.599998474121094,12224,0.0,0.0
2023-02-01 13:05:00-05:00,36.619998931884766,36.724998474121094,36.599998474121094,36.71500015258789,36.71500015258789,11357,0.0,0.0
2023-02-01 13:10:00-05:00,36.71500015258789,36.720001220703125,36.70000076293945,36.720001220703125,36.720001220703125,2204,0.0,0.0
2023-02-01 13:15:00-05:00,36.720001220703125,36.720001220703125,36.70000076293945,36.70500183105469,36.70500183105469,10808,0.0,0.0
2023-02-01 13:20:00-05:00,36.709999084472656,36.72999954223633,36.70000076293945,36.709999084472656,36.709999084472656,11402,0.0,0.0
2023-02-01 13:25:00-05:00,36.72999954223633,36.82500076293945,36.71500015258789,36.82500076293945,36.82500076293945,8211,0.0,0.0
2023-02-01 13:30:00-05:00,36.83000183105469,36.84000015258789,36.790000915527344,36.790000915527344,36.790000915527344,3498,0.0,0.0
2023-02-01 13:35:00-05:00,36.79999923706055,36.79999923706055,36.720001220703125,36.7599983215332,36.7599983215332,27648,0.0,0.0
2023-02-01 13:40:00-05:00,36.77000045776367,36.81999969482422,36.7599983215332,36.810001373291016,36.810001373291016,7296,0.0,0.0
2023-02-01 13:45:00-05:00,36.810001373291016,36.810001373291016,36.7400016784668,36.744998931884766,36.744998931884766,2852,0.0,0.0
2023-02-01 13:50:00-05:00,36.7400016784668,36.7400016784668,36.720001220703125,36.720001220703125,36.720001220703125,2478,0.0,0.0
2023-02-01 13:55:00-05:00,36.720001220703125,36.775001525878906,36.720001220703125,36.7400016784668,36.7400016784668,9556,0.0,0.0
2023-02-01 14:00:00-05:00,36.720001220703125,36.81999969482422,36.63999938964844,36.775001525878906,36.775001525878906,48787,0.0,0.0
2023-02-01 14:05:00-05:00,36.775001525878906,36.970001220703125,36.775001525878906,36.92499923706055,36.92499923706055,14061,0.0,0.0
2023-02-01 14:10:00-05:00,36.90999984741211,37.0,36.90999984741211,36.95000076293945,36.95000076293945,8210,0.0,0.0
2023-02-01 14:15:00-05:00,36.959999084472656,37.0099983215332,36.92499923706055,37.0099983215332,37.0099983215332,8508,0.0,0.0
2023-02-01 14:20:00-05:00,37.0099983215332,37.06999969482422,37.005001068115234,37.005001068115234,37.005001068115234,5999,0.0,0.0
2023-02-01 14:25:00-05:00,37.005001068115234,37.005001068115234,36.810001373291016,36.810001373291016,36.810001373291016,66714,0.0,0.0
2023-02-01 14:30:00-05:00,36.810001373291016,36.869998931884766,36.689998626708984,36.83000183105469,36.83000183105469,27081,0.0,0.0
2023-02-01 14:35:00-05:00,36.84000015258789,37.102500915527344,36.779998779296875,37.084999084472656,37.084999084472656,11307,0.0,0.0
2023-02-01 14:40:00-05:00,37.11000061035156,37.23500061035156,37.06999969482422,37.209999084472656,37.209999084472656,11809,0.0,0.0
2023-02-01 14:45:00-05:00,37.20500183105469,37.22999954223633,37.08000183105469,37.08000183105469,37.08000183105469,10079,0.0,0.0
2023-02-01 14:50:00-05:00,37.09000015258789,37.13999938964844,37.029998779296875,37.125,37.125,13426,0.0,0.0
2023-02-01 14:55:00-05:00,37.13999938964844,37.15999984741211,37.060001373291016,37.09000015258789,37.09000015258789,9681,0.0,0.0
2023-02-01 15:00:00-05:00,37.09000015258789,37.15999984741211,37.060001373291016,37.15999984741211,37.15999984741211,9329,0.0,0.0
2023-02-01 15:05:00-05:00,37.13999938964844,37.2599983215332,37.13999938964844,37.22999954223633,37.22999954223633,9202,0.0,0.0
2023-02-01 15:10:00-05:00,37.2400016784668,37.2400016784668,37.18000030517578,37.189998626708984,37.189998626708984,9901,0.0,0.0
2023-02-01 15:15:00-05:00,37.20000076293945,37.220001220703125,37.060001373291016,37.220001220703125,37.220001220703125,25446,0.0,0.0
2023-02-01 15:20:00-05:00,37.244998931884766,37.279998779296875,37.119998931884766,37.13999938964844,37.13999938964844,20779,0.0,0.0
2023-02-01 15:25:00-05:00,37.15999984741211,37.209999084472656,37.13999938964844,37.150001525878906,37.150001525878906,17276,0.0,0.0
2023-02-01 15:30:00-05:00,37.150001525878906,37.19499969482422,37.09000015258789,37.18000030517578,37.18000030517578,25001,0.0,0.0
2023-02-01 15:35:00-05:00,37.18000030517578,37.2400016784668,37.13999938964844,37.20000076293945,37.20000076293945,36340,0.0,0.0
2023-02-01 15:40:00-05:00,37.20000076293945,37.20000076293945,37.07500076293945,37.11000061035156,37.11000061035156,35090,0.0,0.0
2023-02-01 15:45:00-05:00,37.119998931884766,37.14500045776367,37.08000183105469,37.130001068115234,37.130001068115234,24055,0.0,0.0
2023-02-01 15:50:00-05:00,37.119998931884766,37.119998931884766,36.970001220703125,37.0099983215332,37.0099983215332,55442,0.0,0.0
2023-02-01 15:55:00-05:00,37.0,37.09000015258789,36.970001220703125,36.97999954223633,36.97999954223633,118076,0.0,0.0
2023-02-02 09:30:00-05:00,37.36000061035156,37.470001220703125,37.16999816894531,37.470001220703125,37.470001220703125,12032,0.0,0.0
2023-02-02 09:35:00-05:00,37.43000030517578,37.43000030517578,37.2400016784668,37.31999969482422,37.31999969482422,8723,0.0,0.0
2023-02-02 09:40:00-05:00,37.349998474121094,37.46500015258789,37.349998474121094,37.435001373291016,37.435001373291016,8229,0.0,0.0
2023-02-02 09:45:00-05:00,37.435001373291016,37.435001373291016,37.255001068115234,37.35499954223633,37.35499954223633,8978,0.0,0.0
2023-02-02 09:50:00-05:00,37.34000015258789,37.34000015258789,37.189998626708984,37.279998779296875,37.279998779296875,4232,0.0,0.0
2023-02-02 09:55:00-05:00,37.28499984741211,37.28499984741211,37.125,37.16999816894531,37.16999816894531,5974,0.0,0.0
2023-02-02 10:00:00-05:00,37.16999816894531,37.27000045776367,37.13999938964844,37.2599983215332,37.2599983215332,5701,0.0,0.0
2023-02-02 10:05:00-05:00,37.220001220703125,37.279998779296875,37.185001373291016,37.2400016784668,37.2400016784668,9391,0.0,0.0
2023-02-02 10:10:00-05:00,37.189998626708984,37.189998626708984,37.02000045776367,37.03499984741211,37.03499984741211,31026,0.0,0.0
2023-02-02 10:15:00-05:00,37.029998779296875,37.224998474121094,37.029998779296875,37.209999084472656,37.209999084472656,7015,0.0,0.0
2023-02-02 10:20:00-05:00,37.224998474121094,37.244998931884766,37.16999816894531,37.22999954223633,37.22999954223633,5342,0.0,0.0
2023-02-02 10:25:00-05:00,37.21500015258789,37.21500015258789,37.029998779296875,37.040000915527344,37.040000915527344,10699,0.0,0.0
2023-02-02 10:30:00-05:00,37.029998779296875,37.25,37.029998779296875,37.209999084472656,37.209999084472656,18702,0.0,0.0
2023-02-02 10:35:00-05:00,37.20000076293945,37.5099983215332,37.189998626708984,37.5099983215332,37.5099983215332,52506,0.0,0.0
2023-02-02 10:40:00-05:00,37.5,37.55500030517578,37.45000076293945,37.54999923706055,37.54999923706055,8062,0.0,0.0
2023-02-02 10:45:00-05:00,37.560001373291016,37.61000061035156,37.474998474121094,37.47999954223633,37.47999954223633,10643,0.0,0.0
2023-02-02 10:50:00-05:00,37.48500061035156,37.540000915527344,37.41999816894531,37.525001525878906,37.525001525878906,34658,0.0,0.0
2023-02-02 10:55:00-05:00,37.529998779296875,37.54999923706055,37.439998626708984,37.54999923706055,37.54999923706055,27199,0.0,0.0
2023-02-02 11:00:00-05:00,37.5099983215332,37.58000183105469,37.5099983215332,37.560001373291016,37.560001373291016,21561,0.0,0.0
2023-02-02 11:05:00-05:00,37.56999969482422,37.59000015258789,37.5,37.505001068115234,37.505001068115234,7938,0.0,0.0
2023-02-02 11:10:00-05:00,37.4900016784668,37.52000045776367,37.314998626708984,37.349998474121094,37.349998474121094,99267,0.0,0.0
2023-02-02 11:15:00-05:00,37.314998626708984,37.33000183105469,37.28499984741211,37.31999969482422,37.31999969482422,5019,0.0,0.0
2023-02-02 11:20:00-05:00,37.314998626708984,37.31999969482422,37.275001525878906,37.31999969482422,37.31999969482422,12916,0.0,0.0
2023-02-02 11:25:00-05:00,37.34000015258789,37.349998474121094,37.2599983215332,37.34000015258789,37.34000015258789,6326,0.0,0.0
2023-02-02 11:30:00-05:00,37.34000015258789,37.439998626708984,37.34000015258789,37.41999816894531,37.41999816894531,4636,0.0,0.0
2023-02-02 11:35:00-05:00,37.38999938964844,37.43050003051758,37.38999938964844,37.39500045776367,37.39500045776367,7708,0.0,0.0
2023-02-02 11:40:00-05:00,37.39500045776367,37.40999984741211,37.31999969482422,37.31999969482422,37.31999969482422,5878,0.0,0.0
2023-02-02 11:45:00-05:00,37.34000015258789,37.34000015258789,37.2599983215332,37.2599983215332,37.2599983215332,7022,0.0,0.0
2023-02-02 11:50:00-05:00,37.25,37.25,37.150001525878906,37.20000076293945,37.20000076293945,7476,0.0,0.0
2023-02-02 11:55:00-05:00,37.18000030517578,37.189998626708984,37.150001525878906,37.165000915527344,37.165000915527344,4343,0.0,0.0
2023-02-02 12:00:00-05:00,37.16999816894531,37.209999084472656,37.15999984741211,37.16999816894531,37.16999816894531,7386,0.0,0.0
2023-02-02 12:05:00-05:00,37.15999984741211,37.16999816894531,37.095001220703125,37.095001220703125,37.095001220703125,4602,0.0,0.0
2023-02-02 12:10:00-05:00,37.09000015258789,37.119998931884766,37.06999969482422,37.119998931884766,37.119998931884766,9437,0.0,0.0
2023-02-02 12:15:00-05:00,37.119998931884766,37.150001525878906,37.084999084472656,37.150001525878906,37.150001525878906,5834,0.0,0.0
2023-02-02 12:20:00-05:00,37.150001525878906,37.15999984741211,37.11000061035156,37.11000061035156,37.11000061035156,6902,0.0,0.0
2023-02-02 12:25:00-05:00,37.099998474121094,37.119998931884766,37.099998474121094,37.099998474121094,37.099998474121094,5862,0.0,0.0
2023-02-02 12:30:00-05:00,37.119998931884766,37.119998931884766,37.06999969482422,37.119998931884766,37.119998931884766,6971,0.0,0.0
2023-02-02 12:35:00-05:00,37.11000061035156,37.189998626708984,37.11000061035156,37.13999938964844,37.13999938964844,6442,0.0,0.0
2023-02-02 12:40:00-05:00,37.130001068115234,37.130001068115234,37.04999923706055,37.08000183105469,37.08000183105469,4535,0.0,0.0
2023-02-02 12:45:00-05:00,37.06999969482422,37.06999969482422,37.03499984741211,37.060001373291016,37.060001373291016,4776,0.0,0.0
2023-02-02 12:50:00-05:00,37.06999969482422,37.130001068115234,37.05500030517578,37.119998931884766,37.119998931884766,7465,0.0,0.0
2023-02-02 12:55:00-05:00,37.119998931884766,37.15999984741211,37.119998931884766,37.125,37.125,6228,0.0,0.0
2023-02-02 13:00:00-05:00,37.13999938964844,37.15999984741211,37.13999938964844,37.150001525878906,37.150001525878906,4916,0.0,0.0
2023-02-02 13:05:00-05:00,37.150001525878906,37.150001525878906,37.09000015258789,37.11000061035156,37.11000061035156,5769,0.0,0.0
2023-02-02 13:10:00-05:00,37.11000061035156,37.1349983215332,37.064998626708984,37.09000015258789,37.09000015258789,6324,0.0,0.0
2023-02-02 13:15:00-05:00,37.060001373291016,37.06999969482422,37.040000915527344,37.060001373291016,37.060001373291016,5663,0.0,0.0
2023-02-02 13:20:00-05:00,37.06999969482422,37.08000183105469,37.040000915527344,37.08000183105469,37.08000183105469,6716,0.0,0.0
2023-02-02 13:25:00-05:00,37.09000015258789,37.130001068115234,37.09000015258789,37.119998931884766,37.119998931884766,5538,0.0,0.0
2023-02-02 13:30:00-05:00,37.119998931884766,37.119998931884766,37.025001525878906,37.025001525878906,37.025001525878906,7261,0.0,0.0
2023-02-02 13:35:00-05:00,37.025001525878906,37.08000183105469,37.025001525878906,37.08000183105469,37.08000183105469,11758,0.0,0.0
2023-02-02 13:40:00-05:00,37.08000183105469,37.189998626708984,37.08000183105469,37.130001068115234,37.130001068115234,11478,0.0,0.0
2023-02-02 13:45:00-05:00,37.130001068115234,37.130001068115234,37.11000061035156,37.119998931884766,37.119998931884766,3491,0.0,0.0
2023-02-02 13:50:00-05:00,37.119998931884766,37.18000030517578,37.119998931884766,37.17499923706055,37.17499923706055,9370,0.0,0.0
2023-02-02 13:55:00-05:00,37.18000030517578,37.189998626708984,37.119998931884766,37.119998931884766,37.119998931884766,7165,0.0,0.0
2023-02-02 14:00:00-05:00,37.119998931884766,37.16999816894531,37.11000061035156,37.130001068115234,37.130001068115234,12061,0.0,0.0
2023-02-02 14:05:00-05:00,37.13999938964844,37.435001373291016,37.13999938964844,37.345001220703125,37.345001220703125,32370,0.0,0.0
2023-02-02 14:10:00-05:00,37.31999969482422,37.345001220703125,37.22999954223633,37.345001220703125,37.345001220703125,13212,0.0,0.0
2023-02-02 14:15:00-05:00,37.33000183105469,37.349998474121094,37.29999923706055,37.29999923706055,37.29999923706055,6681,0.0,0.0
2023-02-02 14:20:00-05:00,37.310001373291016,37.34000015258789,37.27000045776367,37.290000915527344,37.290000915527344,14897,0.0,0.0
2023-02-02 14:25:00-05:00,37.290000915527344,37.33000183105469,37.27000045776367,37.310001373291016,37.310001373291016,14285,0.0,0.0
2023-02-02 14:30:00-05:00,37.310001373291016,37.31999969482422,37.27000045776367,37.310001373291016,37.310001373291016,12699,0.0,0.0
2023-02-02 14:35:00-05:00,37.31999969482422,37.369998931884766,37.275001525878906,37.349998474121094,37.349998474121094,16245,0.0,0.0
2023-02-02 14:40:00-05:00,37.34000015258789,37.470001220703125,37.34000015258789,37.439998626708984,37.439998626708984,25490,0.0,0.0
2023-02-02 14:45:00-05:00,37.459999084472656,37.630001068115234,37.459999084472656,37.61000061035156,37.61000061035156,19796,0.0,0.0
2023-02-02 14:50:00-05:00,37.60499954223633,37.63999938964844,37.540000915527344,37.595001220703125,37.595001220703125,17429,0.0,0.0
2023-02-02 14:55:00-05:00,37.58000183105469,37.59000015258789,37.51499938964844,37.59000015258789,37.59000015258789,20070,0.0,0.0
2023-02-02 15:00:00-05:00,37.56999969482422,37.58000183105469,37.37099838256836,37.380001068115234,37.380001068115234,15446,0.0,0.0
2023-02-02 15:05:00-05:00,37.375,37.38999938964844,37.279998779296875,37.34000015258789,37.34000015258789,26164,0.0,0.0
2023-02-02 15:10:00-05:00,37.34000015258789,37.3849983215332,37.34000015258789,37.375,37.375,8518,0.0,0.0
2023-02-02 15:15:00-05:00,37.36000061035156,37.650001525878906,37.349998474121094,37.595001220703125,37.595001220703125,21731,0.0,0.0
2023-02-02 15:20:00-05:00,37.595001220703125,37.75,37.595001220703125,37.66999816894531,37.66999816894531,24414,0.0,0.0
2023-02-02 15:25:00-05:00,37.66999816894531,37.68000030517578,37.459999084472656,37.47999954223633,37.47999954223633,12529,0.0,0.0
2023-02-02 15:30:00-05:00,37.4900016784668,37.54999923706055,37.4900016784668,37.54999923706055,37.54999923706055,16360,0.0,0.0
2023-02-02 15:35:00-05:00,37.54499816894531,37.560001373291016,37.42499923706055,37.45500183105469,37.45500183105469,20274,0.0,0.0
2023-02-02 15:40:00-05:00,37.459999084472656,37.540000915527344,37.41999816894531,37.52000045776367,37.52000045776367,20032,0.0,0.0
2023-02-02 15:45:00-05:00,37.52000045776367,37.52000045776367,37.43000030517578,37.46500015258789,37.46500015258789,25216,0.0,0.0
2023-02-02 15:50:00-05:00,37.46500015258789,37.5099983215332,37.400001525878906,37.400001525878906,37.400001525878906,40531,0.0,0.0
2023-02-02 15:55:00-05:00,37.400001525878906,37.45000076293945,37.36000061035156,37.41999816894531,37.41999816894531,119836,0.0,0.0
2023-02-03 09:30:00-05:00,36.810001373291016,36.81999969482422,36.65999984741211,36.78499984741211,36.78499984741211,8703,0.0,0.0
2023-02-03 09:35:00-05:00,36.79499816894531,36.95000076293945,36.72999954223633,36.95000076293945,36.95000076293945,2656,0.0,0.0
2023-02-03 09:40:00-05:00,37.0,37.09000015258789,36.91999816894531,37.09000015258789,37.09000015258789,4184,0.0,0.0
2023-02-03 09:45:00-05:00,37.06999969482422,37.150001525878906,37.02000045776367,37.150001525878906,37.150001525878906,4302,0.0,0.0
2023-02-03 09:50:00-05:00,37.11000061035156,37.22999954223633,37.11000061035156,37.22999954223633,37.22999954223633,2462,0.0,0.0
2023-02-03 09:55:00-05:00,37.25,37.25,37.02000045776367,37.02000045776367,37.02000045776367,5244,0.0,0.0
2023-02-03 10:00:00-05:00,36.88999938964844,37.13999938964844,36.88999938964844,37.040000915527344,37.040000915527344,7425,0.0,0.0
2023-02-03 10:05:00-05:00,37.03499984741211,37.09000015258789,36.9900016784668,37.08000183105469,37.08000183105469,4531,0.0,0.0
2023-02-03 10:10:00-05:00,37.095001220703125,37.209999084472656,37.095001220703125,37.20000076293945,37.20000076293945,4208,0.0,0.0
2023-02-03 10:15:00-05:00,37.20000076293945,37.30500030517578,37.16999816894531,37.16999816894531,37.16999816894531,3745,0.0,0.0
2023-02-03 10:20:00-05:00,37.209999084472656,37.25,37.150001525878906,37.25,37.25,2551,0.0,0.0
2023-02-03 10:25:00-05:00,37.21500015258789,37.25,37.165000915527344,37.165000915527344,37.165000915527344,4530,0.0,0.0
2023-02-03 10:30:00-05:00,37.18000030517578,37.290000915527344,37.18000030517578,37.279998779296875,37.279998779296875,4568,0.0,0.0
2023-02-03 10:35:00-05:00,37.279998779296875,37.34000015258789,37.18000030517578,37.34000015258789,37.34000015258789,6394,0.0,0.0
2023-02-03 10:40:00-05:00,37.31999969482422,37.39590072631836,37.31999969482422,37.38999938964844,37.38999938964844,4762,0.0,0.0
2023-02-03 10:45:00-05:00,37.40999984741211,37.45000076293945,37.40999984741211,37.45000076293945,37.45000076293945,1568,0.0,0.0
2023-02-03 10:50:00-05:00,37.42499923706055,37.42499923706055,37.29999923706055,37.29999923706055,37.29999923706055,3268,0.0,0.0
2023-02-03 10:55:00-05:00,37.220001220703125,37.34000015258789,37.189998626708984,37.34000015258789,37.34000015258789,4304,0.0,0.0
2023-02-03 11:00:00-05:00,37.36000061035156,37.3849983215332,37.36000061035156,37.380001068115234,37.380001068115234,2143,0.0,0.0
2023-02-03 11:05:00-05:00,37.400001525878906,37.43000030517578,37.369998931884766,37.380001068115234,37.380001068115234,7419,0.0,0.0
2023-02-03 11:10:00-05:00,37.380001068115234,37.459999084472656,37.36000061035156,37.459999084472656,37.459999084472656,5929,0.0,0.0
2023-02-03 11:15:00-05:00,37.44499969482422,37.44499969482422,37.41999816894531,37.42499923706055,37.42499923706055,1690,0.0,0.0
2023-02-03 11:20:00-05:00,37.415000915527344,37.470001220703125,37.40999984741211,37.415000915527344,37.415000915527344,4179,0.0,0.0
2023-02-03 11:25:00-05:00,37.40999984741211,37.47999954223633,37.40999984741211,37.47999954223633,37.47999954223633,3567,0.0,0.0
2023-02-03 11:30:00-05:00,37.470001220703125,37.560001373291016,37.459999084472656,37.560001373291016,37.560001373291016,7866,0.0,0.0
2023-02-03 11:35:00-05:00,37.51499938964844,37.51499938964844,37.36000061035156,37.36000061035156,37.36000061035156,5132,0.0,0.0
2023-02-03 11:40:00-05:00,37.33000183105469,37.43000030517578,37.33000183105469,37.43000030517578,37.43000030517578,3649,0.0,0.0
2023-02-03 11:45:00-05:00,37.38999938964844,37.38999938964844,37.279998779296875,37.279998779296875,37.279998779296875,6246,0.0,0.0
2023-02-03 11:50:00-05:00,37.2599983215332,37.34000015258789,37.2599983215332,37.34000015258789,37.34000015258789,2587,0.0,0.0
2023-02-03 11:55:00-05:00,37.349998474121094,37.37350082397461,37.290000915527344,37.29999923706055,37.29999923706055,3563,0.0,0.0
2023-02-03 12:00:00-05:00,37.290000915527344,37.3849983215332,37.290000915527344,37.349998474121094,37.349998474121094,1384,0.0,0.0
2023-02-03 12:05:00-05:00,37.369998931884766,37.400001525878906,37.34000015258789,37.349998474121094,37.349998474121094,1758,0.0,0.0
2023-02-03 12:10:00-05:00,37.33000183105469,37.459999084472656,37.33000183105469,37.40999984741211,37.40999984741211,5758,0.0,0.0
2023-02-03 12:15:00-05:00,37.40999984741211,37.4900016784668,37.40999984741211,37.459999084472656,37.459999084472656,3096,0.0,0.0
2023-02-03 12:20:00-05:00,37.459999084472656,37.47999954223633,37.44499969482422,37.47999954223633,37.47999954223633,1633,0.0,0.0
2023-02-03 12:25:00-05:00,37.474998474121094,37.47999954223633,37.459999084472656,37.459999084472656,37.459999084472656,4118,0.0,0.0
2023-02-03 12:30:00-05:00,37.439998626708984,37.5,37.43000030517578,37.4900016784668,37.4900016784668,29536,0.0,0.0
2023-02-03 12:35:00-05:00,37.470001220703125,37.4900016784668,37.470001220703125,37.47999954223633,37.47999954223633,1892,0.0,0.0
2023-02-03 12:40:00-05:00,37.439998626708984,37.439998626708984,37.29999923706055,37.29999923706055,37.29999923706055,53801,0.0,0.0
2023-02-03 12:45:00-05:00,37.310001373291016,37.35499954223633,37.290000915527344,37.290000915527344,37.290000915527344,4085,0.0,0.0
2023-02-03 12:50:00-05:00,37.244998931884766,37.34000015258789,37.224998474121094,37.34000015258789,37.34000015258789,5889,0.0,0.0
2023-02-03 12:55:00-05:00,37.349998474121094,37.349998474121094,37.130001068115234,37.130001068115234,37.130001068115234,7349,0.0,0.0
2023-02-03 13:00:00-05:00,37.119998931884766,37.18000030517578,37.119998931884766,37.14500045776367,37.14500045776367,3211,0.0,0.0
2023-02-03 13:05:00-05:00,37.12099838256836,37.13999938964844,37.06100082397461,37.13999938964844,37.13999938964844,9433,0.0,0.0
2023-02-03 13:10:00-05:00,37.09000015258789,37.119998931884766,37.08000183105469,37.1150016784668,37.1150016784668,8648,0.0,0.0
2023-02-03 13:15:00-05:00,37.11000061035156,37.130001068115234,37.02050018310547,37.05889892578125,37.05889892578125,4057,0.0,0.0
2023-02-03 13:20:00-05:00,37.040000915527344,37.09000015258789,37.040000915527344,37.04100036621094,37.04100036621094,3889,0.0,0.0
2023-02-03 13:25:00-05:00,37.06999969482422,37.13999938964844,37.06999969482422,37.099998474121094,37.099998474121094,4376,0.0,0.0
2023-02-03 13:30:00-05:00,37.084999084472656,37.09000015258789,37.040000915527344,37.08000183105469,37.08000183105469,3390,0.0,0.0
2023-02-03 13:35:00-05:00,37.064998626708984,37.16999816894531,37.064998626708984,37.13999938964844,37.13999938964844,6882,0.0,0.0
2023-02-03 13:40:00-05:00,37.13999938964844,37.13999938964844,37.07500076293945,37.099998474121094,37.099998474121094,3368,0.0,0.0
2023-02-03 13:45:00-05:00,37.11000061035156,37.150001525878906,37.060001373291016,37.13999938964844,37.13999938964844,4748,0.0,0.0
2023-02-03 13:50:00-05:00,37.13999938964844,37.209999084472656,37.13999938964844,37.209999084472656,37.209999084472656,4450,0.0,0.0
2023-02-03 13:55:00-05:00,37.22999954223633,37.22999954223633,37.16999816894531,37.16999816894531,37.16999816894531,4388,0.0,0.0
2023-02-03 14:00:00-05:00,37.154998779296875,37.209999084472656,37.154998779296875,37.15999984741211,37.15999984741211,5221,0.0,0.0
2023-02-03 14:05:00-05:00,37.1599006652832,37.224998474121094,37.13999938964844,37.220001220703125,37.220001220703125,5685,0.0,0.0
2023-02-03 14:10:00-05:00,37.220001220703125,37.2400016784668,37.209999084472656,37.220001220703125,37.220001220703125,2592,0.0,0.0
2023-02-03 14:15:00-05:00,37.220001220703125,37.220001220703125,37.119998931884766,37.125,37.125,4536,0.0,0.0
2023-02-03 14:20:00-05:00,37.125,37.125,37.09000015258789,37.099998474121094,37.099998474121094,3708,0.0,0.0
2023-02-03 14:25:00-05:00,37.09000015258789,37.13999938964844,37.09000015258789,37.13999938964844,37.13999938964844,3293,0.0,0.0
2023-02-03 14:30:00-05:00,37.150001525878906,37.150001525878906,37.08000183105469,37.099998474121094,37.099998474121094,4529,0.0,0.0
2023-02-03 14:35:00-05:00,37.090999603271484,37.130001068115234,37.09000015258789,37.130001068115234,37.130001068115234,3659,0.0,0.0
2023-02-03 14:40:00-05:00,37.130001068115234,37.130001068115234,37.06999969482422,37.06999969482422,37.06999969482422,3236,0.0,0.0
2023-02-03 14:45:00-05:00,37.06999969482422,37.099998474121094,37.040000915527344,37.099998474121094,37.099998474121094,3530,0.0,0.0
2023-02-03 14:50:00-05:00,37.099998474121094,37.10499954223633,37.060001373291016,37.08000183105469,37.08000183105469,3483,0.0,0.0
2023-02-03 14:55:00-05:00,37.06999969482422,37.06999969482422,37.0099983215332,37.0099983215332,37.0099983215332,3825,0.0,0.0
2023-02-03 15:00:00-05:00,37.005001068115234,37.005001068115234,36.97999954223633,36.9900016784668,36.9900016784668,3470,0.0,0.0
2023-02-03 15:05:00-05:00,36.97999954223633,37.05500030517578,36.970001220703125,37.04999923706055,37.04999923706055,5857,0.0,0.0
2023-02-03 15:10:00-05:00,37.04999923706055,37.130001068115234,37.04499816894531,37.11000061035156,37.11000061035156,7466,0.0,0.0
2023-02-03 15:15:00-05:00,37.099998474121094,37.17900085449219,37.06999969482422,37.16999816894531,37.16999816894531,8626,0.0,0.0
2023-02-03 15:20:00-05:00,37.16999816894531,37.16999816894531,37.11000061035156,37.13999938964844,37.13999938964844,7848,0.0,0.0
2023-02-03 15:25:00-05:00,37.150001525878906,37.18000030517578,37.14500045776367,37.150001525878906,37.150001525878906,5638,0.0,0.0
2023-02-03 15:30:00-05:00,37.15999984741211,37.16999816894531,37.099998474121094,37.099998474121094,37.099998474121094,10287,0.0,0.0
2023-02-03 15:35:00-05:00,37.099998474121094,37.099998474121094,37.040000915527344,37.06999969482422,37.06999969482422,57870,0.0,0.0
2023-02-03 15:40:00-05:00,37.08000183105469,37.15999984741211,36.97999954223633,37.0,37.0,36621,0.0,0.0
2023-02-03 15:45:00-05:00,36.9900016784668,37.060001373291016,36.86000061035156,36.92499923706055,36.92499923706055,31656,0.0,0.0
2023-02-03 15:50:00-05:00,36.90999984741211,37.00899887084961,36.869998931884766,37.00899887084961,37.00899887084961,26367,0.0,0.0
2023-02-03 15:55:00-05:00,37.005001068115234,37.04499816894531,36.98500061035156,37.040000915527344,37.040000915527344,54307,0.0,0.0
2023-02-06 09:30:00-05:00,36.90999984741211,37.15999984741211,36.68000030517578,36.689998626708984,36.689998626708984,82026,0.0,0.0
2023-02-06 09:35:00-05:00,36.83000183105469,36.83000183105469,36.25,36.54999923706055,36.54999923706055,48311,0.0,0.0
2023-02-06 09:40:00-05:00,36.599998474121094,37.025001525878906,36.599998474121094,36.77000045776367,36.77000045776367,49450,0.0,0.0
2023-02-06 09:45:00-05:00,36.81999969482422,36.900001525878906,36.7599983215332,36.810001373291016,36.810001373291016,7743,0.0,0.0
2023-02-06 09:50:00-05:00,36.810001373291016,36.89500045776367,36.79999923706055,36.86000061035156,36.86000061035156,2440,0.0,0.0
2023-02-06 09:55:00-05:00,36.869998931884766,36.91999816894531,36.810001373291016,36.849998474121094,36.849998474121094,4672,0.0,0.0
2023-02-06 10:00:00-05:00,36.849998474121094,37.05500030517578,36.849998474121094,37.05500030517578,37.05500030517578,7238,0.0,0.0
2023-02-06 10:05:00-05:00,37.060001373291016,37.125,37.0,37.11000061035156,37.11000061035156,7194,0.0,0.0
2023-02-06 10:10:00-05:00,37.11000061035156,37.122501373291016,36.779998779296875,36.779998779296875,36.779998779296875,11498,0.0,0.0
2023-02-06 10:15:00-05:00,36.790000915527344,36.790000915527344,36.63999938964844,36.7400016784668,36.7400016784668,15193,0.0,0.0
2023-02-06 10:20:00-05:00,36.7400016784668,36.869998931884766,36.709999084472656,36.83000183105469,36.83000183105469,11738,0.0,0.0
2023-02-06 10:25:00-05:00,36.83000183105469,36.86000061035156,36.810001373291016,36.810001373291016,36.810001373291016,5265,0.0,0.0
2023-02-06 10:30:00-05:00,36.810001373291016,36.810001373291016,36.65999984741211,36.790000915527344,36.790000915527344,12908,0.0,0.0
2023-02-06 10:35:00-05:00,36.810001373291016,36.904998779296875,36.78499984741211,36.869998931884766,36.869998931884766,7294,0.0,0.0
2023-02-06 10:40:00-05:00,36.880001068115234,36.90999984741211,36.83000183105469,36.8650016784668,36.8650016784668,8267,0.0,0.0
2023-02-06 10:45:00-05:00,36.849998474121094,36.959999084472656,36.84000015258789,36.95500183105469,36.95500183105469,5789,0.0,0.0
2023-02-06 10:50:00-05:00,36.95500183105469,37.04999923706055,36.91999816894531,37.04999923706055,37.04999923706055,39647,0.0,0.0
2023-02-06 10:55:00-05:00,37.0,37.02000045776367,36.880001068115234,36.900001525878906,36.900001525878906,7323,0.0,0.0
2023-02-06 11:00:00-05:00,36.880001068115234,36.900001525878906,36.83000183105469,36.880001068115234,36.880001068115234,10224,0.0,0.0
2023-02-06 11:05:00-05:00,36.880001068115234,37.0,36.880001068115234,36.939998626708984,36.939998626708984,9359,0.0,0.0
2023-02-06 11:10:00-05:00,36.95000076293945,36.959999084472656,36.90999984741211,36.90999984741211,36.90999984741211,5234,0.0,0.0
2023-02-06 11:15:00-05:00,36.92499923706055,36.970001220703125,36.900001525878906,36.96500015258789,36.96500015258789,8041,0.0,0.0
2023-02-06 11:20:00-05:00,36.95000076293945,37.02000045776367,36.93000030517578,36.970001220703125,36.970001220703125,11017,0.0,0.0
2023-02-06 11:25:00-05:00,36.96500015258789,37.0099983215332,36.93000030517578,36.970001220703125,36.970001220703125,11320,0.0,0.0
2023-02-06 11:30:00-05:00,36.9900016784668,37.03499984741211,36.935001373291016,36.935001373291016,36.935001373291016,12242,0.0,0.0
2023-02-06 11:35:00-05:00,36.93000030517578,36.970001220703125,36.900001525878906,36.959999084472656,36.959999084472656,5707,0.0,0.0
2023-02-06 11:40:00-05:00,36.959999084472656,37.0,36.93000030517578,36.97999954223633,36.97999954223633,6805,0.0,0.0
2023-02-06 11:45:00-05:00,36.970001220703125,37.0099983215332,36.95500183105469,36.970001220703125,36.970001220703125,9090,0.0,0.0
2023-02-06 11:50:00-05:00,36.97999954223633,37.0099983215332,36.939998626708984,36.939998626708984,36.939998626708984,11551,0.0,0.0
2023-02-06 11:55:00-05:00,36.95500183105469,36.95500183105469,36.880001068115234,36.95000076293945,36.95000076293945,6923,0.0,0.0
2023-02-06 12:00:00-05:00,36.939998626708984,37.0,36.939998626708984,36.95000076293945,36.95000076293945,18946,0.0,0.0
2023-02-06 12:05:00-05:00,36.959999084472656,36.9900016784668,36.939998626708984,36.97999954223633,36.97999954223633,8087,0.0,0.0
2023-02-06 12:10:00-05:00,36.98500061035156,37.005001068115234,36.90999984741211,36.90999984741211,36.90999984741211,10110,0.0,0.0
2023-02-06 12:15:00-05:00,36.900001525878906,36.900001525878906,36.86000061035156,36.86759948730469,36.86759948730469,3575,0.0,0.0
2023-02-06 12:20:00-05:00,36.86000061035156,36.880001068115234,36.81999969482422,36.84000015258789,36.84000015258789,6529,0.0,0.0
2023-02-06 12:25:00-05:00,36.810001373291016,36.82500076293945,36.79999923706055,36.810001373291016,36.810001373291016,3549,0.0,0.0
2023-02-06 12:30:00-05:00,36.814998626708984,36.84000015258789,36.7599983215332,36.7599983215332,36.7599983215332,10884,0.0,0.0
2023-02-06 12:35:00-05:00,36.77000045776367,36.810001373291016,36.77000045776367,36.790000915527344,36.790000915527344,4988,0.0,0.0
2023-02-06 12:40:00-05:00,36.80500030517578,36.80500030517578,36.68000030517578,36.68000030517578,36.68000030517578,8978,0.0,0.0
2023-02-06 12:45:00-05:00,36.689998626708984,36.7599983215332,36.689998626708984,36.75,36.75,11065,0.0,0.0
2023-02-06 12:50:00-05:00,36.7599983215332,36.76499938964844,36.72999954223633,36.7400016784668,36.7400016784668,3800,0.0,0.0
2023-02-06 12:55:00-05:00,36.7400016784668,36.810001373291016,36.72999954223633,36.77000045776367,36.77000045776367,7060,0.0,0.0
2023-02-06 13:00:00-05:00,36.77000045776367,36.79999923706055,36.75,36.75,36.75,6154,0.0,0.0
2023-02-06 13:05:00-05:00,36.77000045776367,36.779998779296875,36.720001220703125,36.75,36.75,6932,0.0,0.0
2023-02-06 13:10:00-05:00,36.75,36.790000915527344,36.689998626708984,36.790000915527344,36.790000915527344,7519,0.0,0.0
2023-02-06 13:15:00-05:00,36.779998779296875,36.810001373291016,36.77000045776367,36.790000915527344,36.790000915527344,3203,0.0,0.0
2023-02-06 13:20:00-05:00,36.79999923706055,36.81999969482422,36.709999084472656,36.709999084472656,36.709999084472656,7532,0.0,0.0
2023-02-06 13:25:00-05:00,36.70000076293945,36.709999084472656,36.650001525878906,36.689998626708984,36.689998626708984,7486,0.0,0.0
2023-02-06 13:30:00-05:00,36.709999084472656,36.709999084472656,36.65999984741211,36.65999984741211,36.65999984741211,3909,0.0,0.0
2023-02-06 13:35:00-05:00,36.66999816894531,36.68000030517578,36.650001525878906,36.66999816894531,36.66999816894531,5731,0.0,0.0
2023-02-06 13:40:00-05:00,36.65999984741211,36.689998626708984,36.61000061035156,36.61000061035156,36.61000061035156,27169,0.0,0.0
2023-02-06 13:45:00-05:00,36.61000061035156,36.72999954223633,36.56999969482422,36.724998474121094,36.724998474121094,25986,0.0,0.0
2023-02-06 13:50:00-05:00,36.724998474121094,36.77000045776367,36.70000076293945,36.720001220703125,36.720001220703125,17367,0.0,0.0
2023-02-06 13:55:00-05:00,36.72999954223633,36.75,36.709999084472656,36.709999084472656,36.709999084472656,7405,0.0,0.0
2023-02-06 14:00:00-05:00,36.71500015258789,36.90999984741211,36.709999084472656,36.900001525878906,36.900001525878906,11580,0.0,0.0
2023-02-06 14:05:00-05:00,36.88999938964844,36.91999816894531,36.869998931884766,36.91999816894531,36.91999816894531,4480,0.0,0.0
2023-02-06 14:10:00-05:00,36.91999816894531,36.91999816894531,36.869998931884766,36.875,36.875,6673,0.0,0.0
2023-02-06 14:15:00-05:00,36.86000061035156,36.95000076293945,36.84000015258789,36.93000030517578,36.93000030517578,16105,0.0,0.0
2023-02-06 14:20:00-05:00,36.93000030517578,37.0,36.93000030517578,36.959999084472656,36.959999084472656,18617,0.0,0.0
2023-02-06 14:25:00-05:00,36.95500183105469,36.95500183105469,36.84000015258789,36.84000015258789,36.84000015258789,6102,0.0,0.0
2023-02-06 14:30:00-05:00,36.849998474121094,36.86000061035156,36.80500030517578,36.80500030517578,36.80500030517578,4291,0.0,0.0
2023-02-06 14:35:00-05:00,36.81999969482422,36.880001068115234,36.81999969482422,36.880001068115234,36.880001068115234,5194,0.0,0.0
2023-02-06 14:40:00-05:00,36.880001068115234,36.98500061035156,36.86000061035156,36.974998474121094,36.974998474121094,26938,0.0,0.0
2023-02-06 14:45:00-05:00,36.97999954223633,37.0099983215332,36.93000030517578,36.970001220703125,36.970001220703125,22531,0.0,0.0
2023-02-06 14:50:00-05:00,36.95500183105469,36.970001220703125,36.869998931884766,36.869998931884766,36.869998931884766,7831,0.0,0.0
2023-02-06 14:55:00-05:00,36.8849983215332,36.93000030517578,36.869998931884766,36.93000030517578,36.93000030517578,5203,0.0,0.0
2023-02-06 15:00:00-05:00,36.95000076293945,36.970001220703125,36.86000061035156,36.86000061035156,36.86000061035156,6665,0.0,0.0
2023-02-06 15:05:00-05:00,36.86000061035156,36.86000061035156,36.810001373291016,36.849998474121094,36.849998474121094,15681,0.0,0.0
2023-02-06 15:10:00-05:00,36.849998474121094,36.849998474121094,36.810001373291016,36.834999084472656,36.834999084472656,2609,0.0,0.0
2023-02-06 15:15:00-05:00,36.81999969482422,36.95000076293945,36.81999969482422,36.95000076293945,36.95000076293945,10128,0.0,0.0
2023-02-06 15:20:00-05:00,36.95000076293945,36.974998474121094,36.939998626708984,36.959999084472656,36.959999084472656,12750,0.0,0.0
2023-02-06 15:25:00-05:00,36.95000076293945,37.0,36.939998626708984,36.970001220703125,36.970001220703125,13798,0.0,0.0
2023-02-06 15:30:00-05:00,36.970001220703125,37.0,36.93000030517578,37.0,37.0,11959,0.0,0.0
2023-02-06 15:35:00-05:00,37.0,37.0,36.974998474121094,36.98500061035156,36.98500061035156,9945,0.0,0.0
2023-02-06 15:40:00-05:00,36.98500061035156,37.0,36.97999954223633,36.9900016784668,36.9900016784668,21694,0.0,0.0
2023-02-06 15:45:00-05:00,36.994998931884766,36.994998931884766,36.94499969482422,36.95000076293945,36.95000076293945,19569,0.0,0.0
2023-02-06 15:50:00-05:00,36.939998626708984,37.0099983215332,36.939998626708984,36.994998931884766,36.994998931884766,49281,0.0,0.0
2023-02-06 15:55:00-05:00,36.9900016784668,37.0,36.959999084472656,37.0,37.0,66926,0.0,0.0
2023-02-07 09:30:00-05:00,36.849998474121094,36.849998474121094,36.52000045776367,36.755001068115234,36.755001068115234,11123,0.0,0.0
2023-02-07 09:35:00-05:00,36.70000076293945,36.78450012207031,36.4900016784668,36.4900016784668,36.4900016784668,7871,0.0,0.0
2023-02-07 09:40:00-05:00,36.5,36.619998931884766,36.38999938964844,36.595001220703125,36.595001220703125,16888,0.0,0.0
2023-02-07 09:45:00-05:00,36.595001220703125,36.595001220703125,36.5099983215332,36.55500030517578,36.55500030517578,6475,0.0,0.0
2023-02-07 09:50:00-05:00,36.56999969482422,36.654998779296875,36.52000045776367,36.529998779296875,36.529998779296875,9189,0.0,0.0
2023-02-07 09:55:00-05:00,36.54999923706055,36.625,36.459999084472656,36.459999084472656,36.459999084472656,8941,0.0,0.0
2023-02-07 10:00:00-05:00,36.439998626708984,36.51499938964844,36.439998626708984,36.5,36.5,2700,0.0,0.0
2023-02-07 10:05:00-05:00,36.51499938964844,36.58000183105469,36.470001220703125,36.560001373291016,36.560001373291016,6848,0.0,0.0
2023-02-07 10:10:00-05:00,36.529998779296875,36.560001373291016,36.41999816894531,36.505001068115234,36.505001068115234,7306,0.0,0.0
2023-02-07 10:15:00-05:00,36.52000045776367,36.52000045776367,36.380001068115234,36.439998626708984,36.439998626708984,11293,0.0,0.0
2023-02-07 10:20:00-05:00,36.45500183105469,36.63999938964844,36.45500183105469,36.540000915527344,36.540000915527344,26342,0.0,0.0
2023-02-07 10:25:00-05:00,36.564998626708984,36.61000061035156,36.52000045776367,36.61000061035156,36.61000061035156,8814,0.0,0.0
2023-02-07 10:30:00-05:00,36.599998474121094,36.65999984741211,36.58000183105469,36.59000015258789,36.59000015258789,8521,0.0,0.0
2023-02-07 10:35:00-05:00,36.59000015258789,36.630001068115234,36.560001373291016,36.560001373291016,36.560001373291016,8906,0.0,0.0
2023-02-07 10:40:00-05:00,36.599998474121094,36.63249969482422,36.56999969482422,36.625,36.625,38355,0.0,0.0
2023-02-07 10:45:00-05:00,36.625,36.77000045776367,36.625,36.755001068115234,36.755001068115234,16928,0.0,0.0
2023-02-07 10:50:00-05:00,36.755001068115234,36.79999923706055,36.599998474121094,36.599998474121094,36.599998474121094,9414,0.0,0.0
2023-02-07 10:55:00-05:00,36.61000061035156,36.650001525878906,36.61000061035156,36.619998931884766,36.619998931884766,9296,0.0,0.0
2023-02-07 11:00:00-05:00,36.619998931884766,36.685001373291016,36.619998931884766,36.66999816894531,36.66999816894531,7076,0.0,0.0
2023-02-07 11:05:00-05:00,36.65999984741211,36.65999984741211,36.56999969482422,36.6349983215332,36.6349983215332,11667,0.0,0.0
2023-02-07 11:10:00-05:00,36.630001068115234,36.65999984741211,36.599998474121094,36.61000061035156,36.61000061035156,8133,0.0,0.0
2023-02-07 11:15:00-05:00,36.619998931884766,36.654998779296875,36.599998474121094,36.63999938964844,36.63999938964844,9612,0.0,0.0
2023-02-07 11:20:00-05:00,36.630001068115234,36.650001525878906,36.52000045776367,36.58000183105469,36.58000183105469,14742,0.0,0.0
2023-02-07 11:25:00-05:00,36.56999969482422,36.56999969482422,36.38999938964844,36.45500183105469,36.45500183105469,12339,0.0,0.0
2023-02-07 11:30:00-05:00,36.45000076293945,36.53499984741211,36.43000030517578,36.52000045776367,36.52000045776367,13359,0.0,0.0
2023-02-07 11:35:00-05:00,36.5,36.5,36.334999084472656,36.380001068115234,36.380001068115234,18197,0.0,0.0
2023-02-07 11:40:00-05:00,36.404998779296875,36.40999984741211,36.349998474121094,36.369998931884766,36.369998931884766,12007,0.0,0.0
2023-02-07 11:45:00-05:00,36.369998931884766,36.474998474121094,36.36000061035156,36.36000061035156,36.36000061035156,12108,0.0,0.0
2023-02-07 11:50:00-05:00,36.38999938964844,36.400001525878906,36.29999923706055,36.29999923706055,36.29999923706055,11257,0.0,0.0
2023-02-07 11:55:00-05:00,36.290000915527344,36.31999969482422,36.279998779296875,36.29999923706055,36.29999923706055,15288,0.0,0.0
2023-02-07 12:00:00-05:00,36.29999923706055,36.41999816894531,36.290000915527344,36.400001525878906,36.400001525878906,14908,0.0,0.0
2023-02-07 12:05:00-05:00,36.39500045776367,36.599998474121094,36.39500045776367,36.58000183105469,36.58000183105469,8876,0.0,0.0
2023-02-07 12:10:00-05:00,36.61000061035156,36.67499923706055,36.54999923706055,36.56999969482422,36.56999969482422,11131,0.0,0.0
2023-02-07 12:15:00-05:00,36.54610061645508,36.560001373291016,36.4900016784668,36.5,36.5,16019,0.0,0.0
2023-02-07 12:20:00-05:00,36.5,36.51499938964844,36.439998626708984,36.494998931884766,36.494998931884766,19669,0.0,0.0
2023-02-07 12:25:00-05:00,36.494998931884766,36.494998931884766,36.36000061035156,36.36000061035156,36.36000061035156,8526,0.0,0.0
2023-02-07 12:30:00-05:00,36.380001068115234,36.41999816894531,36.34000015258789,36.352500915527344,36.352500915527344,13851,0.0,0.0
2023-02-07 12:35:00-05:00,36.35499954223633,36.3650016784668,36.310001373291016,36.31999969482422,36.31999969482422,16227,0.0,0.0
2023-02-07 12:40:00-05:00,36.32500076293945,36.505001068115234,36.32500076293945,36.5,36.5,21257,0.0,0.0
2023-02-07 12:45:00-05:00,36.5,36.58000183105469,36.459999084472656,36.52000045776367,36.52000045776367,53484,0.0,0.0
2023-02-07 12:50:00-05:00,36.525001525878906,36.595001220703125,36.4900016784668,36.59000015258789,36.59000015258789,20180,0.0,0.0
2023-02-07 12:55:00-05:00,36.595001220703125,36.619998931884766,36.529998779296875,36.529998779296875,36.529998779296875,35288,0.0,0.0
2023-02-07 13:00:00-05:00,36.540000915527344,36.595001220703125,36.529998779296875,36.54999923706055,36.54999923706055,22657,0.0,0.0
2023-02-07 13:05:00-05:00,36.540000915527344,36.56999969482422,36.459999084472656,36.564998626708984,36.564998626708984,11291,0.0,0.0
2023-02-07 13:10:00-05:00,36.564998626708984,36.61000061035156,36.5,36.560001373291016,36.560001373291016,15119,0.0,0.0
2023-02-07 13:15:00-05:00,36.54499816894531,36.58000183105469,36.44499969482422,36.58000183105469,36.58000183105469,10520,0.0,0.0
2023-02-07 13:20:00-05:00,36.54999923706055,36.560001373291016,36.439998626708984,36.47999954223633,36.47999954223633,11299,0.0,0.0
2023-02-07 13:25:00-05:00,36.47999954223633,36.51499938964844,36.35499954223633,36.36000061035156,36.36000061035156,9455,0.0,0.0
2023-02-07 13:30:00-05:00,36.31999969482422,36.34000015258789,36.29999923706055,36.29999923706055,36.29999923706055,9489,0.0,0.0
2023-02-07 13:35:00-05:00,36.279998779296875,36.32500076293945,36.27000045776367,36.29999923706055,36.29999923706055,8938,0.0,0.0
2023-02-07 13:40:00-05:00,36.310001373291016,36.34000015258789,36.279998779296875,36.29999923706055,36.29999923706055,21223,0.0,0.0
2023-02-07 13:45:00-05:00,36.29999923706055,36.29999923706055,36.20000076293945,36.220001220703125,36.220001220703125,8661,0.0,0.0
2023-02-07 13:50:00-05:00,36.220001220703125,36.369998931884766,36.220001220703125,36.369998931884766,36.369998931884766,8934,0.0,0.0
2023-02-07 13:55:00-05:00,36.380001068115234,36.41999816894531,36.32500076293945,36.349998474121094,36.349998474121094,17955,0.0,0.0
2023-02-07 14:00:00-05:00,36.345001220703125,36.439998626708984,36.345001220703125,36.369998931884766,36.369998931884766,27417,0.0,0.0
2023-02-07 14:05:00-05:00,36.380001068115234,36.5,36.34000015258789,36.5,36.5,42620,0.0,0.0
2023-02-07 14:10:00-05:00,36.5,36.540000915527344,36.38999938964844,36.470001220703125,36.470001220703125,28997,0.0,0.0
2023-02-07 14:15:00-05:00,36.470001220703125,36.5099983215332,36.45500183105469,36.45500183105469,36.45500183105469,13989,0.0,0.0
2023-02-07 14:20:00-05:00,36.46500015258789,36.470001220703125,36.400001525878906,36.435001373291016,36.435001373291016,15619,0.0,0.0
2023-02-07 14:25:00-05:00,36.435001373291016,36.45000076293945,36.415000915527344,36.44499969482422,36.44499969482422,11761,0.0,0.0
2023-02-07 14:30:00-05:00,36.44499969482422,36.59000015258789,36.439998626708984,36.4900016784668,36.4900016784668,21221,0.0,0.0
2023-02-07 14:35:00-05:00,36.5,36.540000915527344,36.5,36.53499984741211,36.53499984741211,8153,0.0,0.0
2023-02-07 14:40:00-05:00,36.540000915527344,36.56999969482422,36.505001068115234,36.5099983215332,36.5099983215332,14724,0.0,0.0
2023-02-07 14:45:00-05:00,36.5099983215332,36.61000061035156,36.5099983215332,36.529998779296875,36.529998779296875,14243,0.0,0.0
2023-02-07 14:50:00-05:00,36.529998779296875,36.619998931884766,36.5,36.619998931884766,36.619998931884766,24856,0.0,0.0
2023-02-07 14:55:00-05:00,36.6349983215332,36.6349983215332,36.540000915527344,36.540000915527344,36.540000915527344,18154,0.0,0.0
2023-02-07 15:00:00-05:00,36.56999969482422,36.68000030517578,36.56999969482422,36.68000030517578,36.68000030517578,9871,0.0,0.0
2023-02-07 15:05:00-05:00,36.689998626708984,36.70000076293945,36.52000045776367,36.54999923706055,36.54999923706055,13917,0.0,0.0
2023-02-07 15:10:00-05:00,36.54999923706055,36.63999938964844,36.540000915527344,36.560001373291016,36.560001373291016,12276,0.0,0.0
2023-02-07 15:15:00-05:00,36.54999923706055,36.63750076293945,36.540000915527344,36.619998931884766,36.619998931884766,19757,0.0,0.0
2023-02-07 15:20:00-05:00,36.619998931884766,36.70000076293945,36.6150016784668,36.70000076293945,36.70000076293945,17573,0.0,0.0
2023-02-07 15:25:00-05:00,36.720001220703125,36.77000045776367,36.689998626708984,36.7400016784668,36.7400016784668,18549,0.0,0.0
2023-02-07 15:30:00-05:00,36.7400016784668,36.775001525878906,36.65999984741211,36.775001525878906,36.775001525878906,22571,0.0,0.0
2023-02-07 15:35:00-05:00,36.775001525878906,36.80500030517578,36.720001220703125,36.76499938964844,36.76499938964844,22701,0.0,0.0
2023-02-07 15:40:00-05:00,36.76499938964844,36.82500076293945,36.75,36.79499816894531,36.79499816894531,18824,0.0,0.0
2023-02-07 15:45:00-05:00,36.790000915527344,36.880001068115234,36.790000915527344,36.869998931884766,36.869998931884766,25872,0.0,0.0
2023-02-07 15:50:00-05:00,36.880001068115234,36.96500015258789,36.880001068115234,36.96500015258789,36.96500015258789,29080,0.0,0.0
2023-02-07 15:55:00-05:00,36.96500015258789,36.974998474121094,36.900001525878906,36.970001220703125,36.970001220703125,63145,0.0,0.0
2023-02-08 09:30:00-05:00,36.79999923706055,36.880001068115234,36.5,36.5,36.5,9077,0.0,0.0
2023-02-08 09:35:00-05:00,36.58000183105469,37.0,36.58000183105469,37.0,37.0,21227,0.0,0.0
2023-02-08 09:40:00-05:00,37.0,37.09000015258789,36.91999816894531,37.064998626708984,37.064998626708984,5486,0.0,0.0
2023-02-08 09:45:00-05:00,37.04750061035156,37.04750061035156,36.810001373291016,36.94499969482422,36.94499969482422,6812,0.0,0.0
2023-02-08 09:50:00-05:00,36.94499969482422,37.029998779296875,36.900001525878906,36.95000076293945,36.95000076293945,11430,0.0,0.0
2023-02-08 09:55:00-05:00,36.95000076293945,37.06999969482422,36.95000076293945,37.029998779296875,37.029998779296875,10814,0.0,0.0
2023-02-08 10:00:00-05:00,37.03499984741211,37.04999923706055,36.970001220703125,37.02000045776367,37.02000045776367,7958,0.0,0.0
2023-02-08 10:05:00-05:00,37.025001525878906,37.060001373291016,37.0,37.025001525878906,37.025001525878906,7098,0.0,0.0
2023-02-08 10:10:00-05:00,37.05500030517578,37.064998626708984,36.95000076293945,36.9900016784668,36.9900016784668,8141,0.0,0.0
2023-02-08 10:15:00-05:00,36.9900016784668,37.08000183105469,36.9900016784668,37.060001373291016,37.060001373291016,4787,0.0,0.0
2023-02-08 10:20:00-05:00,37.08000183105469,37.08000183105469,36.95500183105469,36.95500183105469,36.95500183105469,4336,0.0,0.0
2023-02-08 10:25:00-05:00,36.92499923706055,36.93000030517578,36.83000183105469,36.84000015258789,36.84000015258789,5577,0.0,0.0
2023-02-08 10:30:00-05:00,36.81999969482422,36.81999969482422,36.65999984741211,36.79999923706055,36.79999923706055,16707,0.0,0.0
2023-02-08 10:35:00-05:00,36.790000915527344,37.0,36.790000915527344,37.0,37.0,8535,0.0,0.0
2023-02-08 10:40:00-05:00,36.9900016784668,37.0,36.880001068115234,36.8849983215332,36.8849983215332,7785,0.0,0.0
2023-02-08 10:45:00-05:00,36.8849983215332,36.935001373291016,36.869998931884766,36.91999816894531,36.91999816894531,4996,0.0,0.0
2023-02-08 10:50:00-05:00,36.915000915527344,36.915000915527344,36.845001220703125,36.869998931884766,36.869998931884766,8196,0.0,0.0
2023-02-08 10:55:00-05:00,36.86000061035156,36.8650016784668,36.79499816894531,36.79499816894531,36.79499816894531,5743,0.0,0.0
2023-02-08 11:00:00-05:00,36.779998779296875,36.81999969482422,36.779998779296875,36.79999923706055,36.79999923706055,6374,0.0,0.0
2023-02-08 11:05:00-05:00,36.80500030517578,36.83000183105469,36.7776985168457,36.810001373291016,36.810001373291016,9331,0.0,0.0
2023-02-08 11:10:00-05:00,36.80500030517578,36.81999969482422,36.779998779296875,36.79999923706055,36.79999923706055,10381,0.0,0.0
2023-02-08 11:15:00-05:00,36.83000183105469,36.959999084472656,36.83000183105469,36.939998626708984,36.939998626708984,5205,0.0,0.0
2023-02-08 11:20:00-05:00,36.95000076293945,36.959999084472656,36.84000015258789,36.845001220703125,36.845001220703125,7202,0.0,0.0
2023-02-08 11:25:00-05:00,36.845001220703125,36.849998474121094,36.79999923706055,36.849998474121094,36.849998474121094,6213,0.0,0.0
2023-02-08 11:30:00-05:00,36.84000015258789,36.88999938964844,36.83000183105469,36.88999938964844,36.88999938964844,4561,0.0,0.0
2023-02-08 11:35:00-05:00,36.900001525878906,36.959999084472656,36.880001068115234,36.900001525878906,36.900001525878906,11370,0.0,0.0
2023-02-08 11:40:00-05:00,36.88999938964844,36.959999084472656,36.88999938964844,36.95000076293945,36.95000076293945,1884,0.0,0.0
2023-02-08 11:45:00-05:00,36.970001220703125,37.0,36.95000076293945,36.959999084472656,36.959999084472656,5972,0.0,0.0
2023-02-08 11:50:00-05:00,36.95000076293945,36.97999954223633,36.81999969482422,36.900001525878906,36.900001525878906,15322,0.0,0.0
2023-02-08 11:55:00-05:00,36.904998779296875,36.95000076293945,36.900001525878906,36.95000076293945,36.95000076293945,4427,0.0,0.0
2023-02-08 12:00:00-05:00,36.935001373291016,36.939998626708984,36.88999938964844,36.88999938964844,36.88999938964844,5784,0.0,0.0
2023-02-08 12:05:00-05:00,36.900001525878906,36.970001220703125,36.900001525878906,36.96500015258789,36.96500015258789,4955,0.0,0.0
2023-02-08 12:10:00-05:00,36.97999954223633,37.0,36.959999084472656,36.959999084472656,36.959999084472656,5662,0.0,0.0
2023-02-08 12:15:00-05:00,36.95000076293945,37.0099983215332,36.939998626708984,36.96500015258789,36.96500015258789,6735,0.0,0.0
2023-02-08 12:20:00-05:00,36.970001220703125,36.97999954223633,36.95500183105469,36.95500183105469,36.95500183105469,3611,0.0,0.0
2023-02-08 12:25:00-05:00,36.95000076293945,37.02000045776367,36.900001525878906,36.974998474121094,36.974998474121094,38422,0.0,0.0
2023-02-08 12:30:00-05:00,36.9900016784668,37.005001068115234,36.959999084472656,36.97999954223633,36.97999954223633,13640,0.0,0.0
2023-02-08 12:35:00-05:00,36.970001220703125,37.0,36.91999816894531,36.91999816894531,36.91999816894531,6695,0.0,0.0
2023-02-08 12:40:00-05:00,36.92499923706055,36.93000030517578,36.900001525878906,36.91999816894531,36.91999816894531,4330,0.0,0.0
2023-02-08 12:45:00-05:00,36.91999816894531,36.939998626708984,36.904998779296875,36.90999984741211,36.90999984741211,7791,0.0,0.0
2023-02-08 12:50:00-05:00,36.90999984741211,36.92499923706055,36.904998779296875,36.90999984741211,36.90999984741211,5732,0.0,0.0
2023-02-08 12:55:00-05:00,36.91999816894531,36.92499923706055,36.900001525878906,36.92499923706055,36.92499923706055,3078,0.0,0.0
2023-02-08 13:00:00-05:00,36.93000030517578,36.935001373291016,36.90999984741211,36.90999984741211,36.90999984741211,7463,0.0,0.0
2023-02-08 13:05:00-05:00,36.90999984741211,36.9900016784668,36.900001525878906,36.97999954223633,36.97999954223633,11862,0.0,0.0
2023-02-08 13:10:00-05:00,36.974998474121094,37.02000045776367,36.94499969482422,36.9900016784668,36.9900016784668,24558,0.0,0.0
2023-02-08 13:15:00-05:00,37.0,37.060001373291016,36.97999954223633,37.02000045776367,37.02000045776367,10128,0.0,0.0
2023-02-08 13:20:00-05:00,36.9900016784668,37.02000045776367,36.97999954223633,37.0099983215332,37.0099983215332,4969,0.0,0.0
2023-02-08 13:25:00-05:00,37.01499938964844,37.01499938964844,36.959999084472656,36.98500061035156,36.98500061035156,8134,0.0,0.0
2023-02-08 13:30:00-05:00,36.98500061035156,37.0,36.96500015258789,36.9900016784668,36.9900016784668,11046,0.0,0.0
2023-02-08 13:35:00-05:00,36.9900016784668,37.005001068115234,36.97999954223633,36.97999954223633,36.97999954223633,12651,0.0,0.0
2023-02-08 13:40:00-05:00,36.9900016784668,36.9900016784668,36.88999938964844,36.904998779296875,36.904998779296875,12860,0.0,0.0
2023-02-08 13:45:00-05:00,36.900001525878906,36.904998779296875,36.79999923706055,36.83000183105469,36.83000183105469,11907,0.0,0.0
2023-02-08 13:50:00-05:00,36.79999923706055,36.91999816894531,36.790000915527344,36.90999984741211,36.90999984741211,8528,0.0,0.0
2023-02-08 13:55:00-05:00,36.90999984741211,36.935001373291016,36.90999984741211,36.91999816894531,36.91999816894531,6191,0.0,0.0
2023-02-08 14:00:00-05:00,36.91999816894531,36.91999816894531,36.85499954223633,36.88999938964844,36.88999938964844,7514,0.0,0.0
2023-02-08 14:05:00-05:00,36.89500045776367,36.90999984741211,36.880001068115234,36.900001525878906,36.900001525878906,5202,0.0,0.0
2023-02-08 14:10:00-05:00,36.90999984741211,36.91999816894531,36.869998931884766,36.91999816894531,36.91999816894531,10505,0.0,0.0
2023-02-08 14:15:00-05:00,36.91999816894531,36.94499969482422,36.900001525878906,36.91999816894531,36.91999816894531,6582,0.0,0.0
2023-02-08 14:20:00-05:00,36.900001525878906,36.900001525878906,36.79499816894531,36.849998474121094,36.849998474121094,11906,0.0,0.0
2023-02-08 14:25:00-05:00,36.845001220703125,36.849998474121094,36.775001525878906,36.779998779296875,36.779998779296875,5753,0.0,0.0
2023-02-08 14:30:00-05:00,36.779998779296875,36.82500076293945,36.779998779296875,36.81999969482422,36.81999969482422,10445,0.0,0.0
2023-02-08 14:35:00-05:00,36.81999969482422,36.86000061035156,36.81999969482422,36.82500076293945,36.82500076293945,12824,0.0,0.0
2023-02-08 14:40:00-05:00,36.79999923706055,36.79999923706055,36.744998931884766,36.790000915527344,36.790000915527344,10194,0.0,0.0
2023-02-08 14:45:00-05:00,36.779998779296875,36.779998779296875,36.709999084472656,36.724998474121094,36.724998474121094,7367,0.0,0.0
2023-02-08 14:50:00-05:00,36.724998474121094,36.75,36.724998474121094,36.75,36.75,7233,0.0,0.0
2023-02-08 14:55:00-05:00,36.7400016784668,36.83000183105469,36.7400016784668,36.81999969482422,36.81999969482422,11503,0.0,0.0
2023-02-08 15:00:00-05:00,36.810001373291016,36.810001373291016,36.7400016784668,36.755001068115234,36.755001068115234,9597,0.0,0.0
2023-02-08 15:05:00-05:00,36.75,36.814998626708984,36.72999954223633,36.77000045776367,36.77000045776367,14527,0.0,0.0
2023-02-08 15:10:00-05:00,36.7599983215332,36.790000915527344,36.7400016784668,36.7400016784668,36.7400016784668,8628,0.0,0.0
2023-02-08 15:15:00-05:00,36.75,36.779998779296875,36.689998626708984,36.689998626708984,36.689998626708984,16206,0.0,0.0
2023-02-08 15:20:00-05:00,36.70000076293945,36.81999969482422,36.70000076293945,36.77000045776367,36.77000045776367,10387,0.0,0.0
2023-02-08 15:25:00-05:00,36.7599983215332,36.779998779296875,36.72999954223633,36.775001525878906,36.775001525878906,17436,0.0,0.0
2023-02-08 15:30:00-05:00,36.775001525878906,36.790000915527344,36.744998931884766,36.744998931884766,36.744998931884766,16469,0.0,0.0
2023-02-08 15:35:00-05:00,36.75,36.790000915527344,36.7400016784668,36.744998931884766,36.744998931884766,20562,0.0,0.0
2023-02-08 15:40:00-05:00,36.744998931884766,36.76499938964844,36.7400016784668,36.744998931884766,36.744998931884766,19093,0.0,0.0
2023-02-08 15:45:00-05:00,36.744998931884766,36.744998931884766,36.630001068115234,36.654998779296875,36.654998779296875,34519,0.0,0.0
2023-02-08 15:50:00-05:00,36.654998779296875,36.709999084472656,36.61000061035156,36.61000061035156,36.61000061035156,79875,0.0,0.0
2023-02-08 15:55:00-05:00,36.599998474121094,36.68000030517578,36.59000015258789,36.66999816894531,36.66999816894531,69142,0.0,0.0
2023-02-09 09:30:00-05:00,32.45000076293945,34.400001525878906,32.45000076293945,34.400001525878906,34.400001525878906,87607,0.0,0.0
2023-02-09 09:35:00-05:00,34.54999923706055,34.91999816894531,34.013099670410156,34.91999816894531,34.91999816894531,38931,0.0,0.0
2023-02-09 09:40:00-05:00,35.22800064086914,35.79999923706055,34.88999938964844,35.11000061035156,35.11000061035156,80307,0.0,0.0
2023-02-09 09:45:00-05:00,35.14500045776367,35.404998779296875,34.880001068115234,35.07500076293945,35.07500076293945,61724,0.0,0.0
2023-02-09 09:50:00-05:00,35.0,35.09000015258789,34.775001525878906,34.83000183105469,34.83000183105469,49187,0.0,0.0
2023-02-09 09:55:00-05:00,34.875,34.90999984741211,34.529998779296875,34.81999969482422,34.81999969482422,58152,0.0,0.0
2023-02-09 10:00:00-05:00,34.88999938964844,35.22999954223633,34.72999954223633,35.02579879760742,35.02579879760742,35288,0.0,0.0
2023-02-09 10:05:00-05:00,35.02000045776367,35.209999084472656,34.97999954223633,35.119998931884766,35.119998931884766,25043,0.0,0.0
2023-02-09 10:10:00-05:00,35.125,35.125,35.0,35.02000045776367,35.02000045776367,61911,0.0,0.0
2023-02-09 10:15:00-05:00,35.03499984741211,35.04499816894531,35.0,35.005001068115234,35.005001068115234,31750,0.0,0.0
2023-02-09 10:20:00-05:00,35.0099983215332,35.209999084472656,35.0,35.1150016784668,35.1150016784668,38061,0.0,0.0
2023-02-09 10:25:00-05:00,35.0807991027832,35.09000015258789,35.0,35.005001068115234,35.005001068115234,25134,0.0,0.0
2023-02-09 10:30:00-05:00,35.0099983215332,35.06999969482422,35.0,35.04999923706055,35.04999923706055,41248,0.0,0.0
2023-02-09 10:35:00-05:00,35.04999923706055,35.16999816894531,35.01499938964844,35.16999816894531,35.16999816894531,44586,0.0,0.0
2023-02-09 10:40:00-05:00,35.16999816894531,35.16999816894531,35.11000061035156,35.1150016784668,35.1150016784668,5216,0.0,0.0
2023-02-09 10:45:00-05:00,35.13999938964844,35.36000061035156,35.119998931884766,35.314998626708984,35.314998626708984,16853,0.0,0.0
2023-02-09 10:50:00-05:00,35.314998626708984,35.314998626708984,35.130001068115234,35.290000915527344,35.290000915527344,11627,0.0,0.0
2023-02-09 10:55:00-05:00,35.2599983215332,35.279998779296875,35.150001525878906,35.17499923706055,35.17499923706055,10974,0.0,0.0
2023-02-09 11:00:00-05:00,35.10499954223633,35.10499954223633,35.0,35.01499938964844,35.01499938964844,29942,0.0,0.0
2023-02-09 11:05:00-05:00,35.01499938964844,35.08000183105469,35.0,35.03499984741211,35.03499984741211,24363,0.0,0.0
2023-02-09 11:10:00-05:00,35.03499984741211,35.189998626708984,35.02000045776367,35.189998626708984,35.189998626708984,17742,0.0,0.0
2023-02-09 11:15:00-05:00,35.1775016784668,35.18000030517578,35.060001373291016,35.154998779296875,35.154998779296875,13386,0.0,0.0
2023-02-09 11:20:00-05:00,35.13999938964844,35.25,35.08000183105469,35.130001068115234,35.130001068115234,23740,0.0,0.0
2023-02-09 11:25:00-05:00,35.1150016784668,35.1150016784668,34.68000030517578,34.880001068115234,34.880001068115234,77320,0.0,0.0
2023-02-09 11:30:00-05:00,34.87009811401367,34.88999938964844,34.779998779296875,34.779998779296875,34.779998779296875,32162,0.0,0.0
2023-02-09 11:35:00-05:00,34.7400016784668,34.900001525878906,34.7400016784668,34.900001525878906,34.900001525878906,16342,0.0,0.0
2023-02-09 11:40:00-05:00,34.880001068115234,34.91999816894531,34.849998474121094,34.90999984741211,34.90999984741211,11287,0.0,0.0
2023-02-09 11:45:00-05:00,34.900001525878906,34.915000915527344,34.84000015258789,34.915000915527344,34.915000915527344,18310,0.0,0.0
2023-02-09 11:50:00-05:00,34.915000915527344,34.93009948730469,34.88999938964844,34.93000030517578,34.93000030517578,11916,0.0,0.0
2023-02-09 11:55:00-05:00,34.939998626708984,35.04999923706055,34.92499923706055,34.9900016784668,34.9900016784668,20352,0.0,0.0
2023-02-09 12:00:00-05:00,34.9900016784668,34.9900016784668,34.880001068115234,34.97999954223633,34.97999954223633,15684,0.0,0.0
2023-02-09 12:05:00-05:00,34.9900016784668,35.04499816894531,34.93000030517578,35.04499816894531,35.04499816894531,15785,0.0,0.0
2023-02-09 12:10:00-05:00,35.04499816894531,35.04999923706055,34.96500015258789,35.025001525878906,35.025001525878906,15407,0.0,0.0
2023-02-09 12:15:00-05:00,35.029998779296875,35.06999969482422,35.029998779296875,35.064998626708984,35.064998626708984,9109,0.0,0.0
2023-02-09 12:20:00-05:00,35.060001373291016,35.064998626708984,35.02000045776367,35.040000915527344,35.040000915527344,23740,0.0,0.0
2023-02-09 12:25:00-05:00,35.04499816894531,35.060001373291016,34.994998931884766,35.02000045776367,35.02000045776367,18716,0.0,0.0
2023-02-09 12:30:00-05:00,35.02000045776367,35.04999923706055,35.0,35.005001068115234,35.005001068115234,14577,0.0,0.0
2023-02-09 12:35:00-05:00,35.005001068115234,35.005001068115234,34.7599983215332,34.79999923706055,34.79999923706055,40980,0.0,0.0
2023-02-09 12:40:00-05:00,34.79999923706055,34.93000030517578,34.79999923706055,34.88999938964844,34.88999938964844,17074,0.0,0.0
2023-02-09 12:45:00-05:00,34.88999938964844,34.959999084472656,34.84000015258789,34.8650016784668,34.8650016784668,36155,0.0,0.0
2023-02-09 12:50:00-05:00,34.86000061035156,34.8650016784668,34.56999969482422,34.58000183105469,34.58000183105469,22928,0.0,0.0
2023-02-09 12:55:00-05:00,34.59000015258789,34.790000915527344,34.59000015258789,34.775001525878906,34.775001525878906,33368,0.0,0.0
2023-02-09 13:00:00-05:00,34.775001525878906,34.775001525878906,34.584999084472656,34.709999084472656,34.709999084472656,29121,0.0,0.0
2023-02-09 13:05:00-05:00,34.720001220703125,34.88999938964844,34.709999084472656,34.88999938964844,34.88999938964844,25376,0.0,0.0
2023-02-09 13:10:00-05:00,34.900001525878906,34.96500015258789,34.81999969482422,34.915000915527344,34.915000915527344,22328,0.0,0.0
2023-02-09 13:15:00-05:00,34.93000030517578,34.970001220703125,34.83000183105469,34.93000030517578,34.93000030517578,13209,0.0,0.0
2023-02-09 13:20:00-05:00,34.915000915527344,34.93000030517578,34.709999084472656,34.72999954223633,34.72999954223633,20380,0.0,0.0
2023-02-09 13:25:00-05:00,34.75,34.810001373291016,34.7400016784668,34.779998779296875,34.779998779296875,20113,0.0,0.0
2023-02-09 13:30:00-05:00,34.77000045776367,34.88999938964844,34.77000045776367,34.88999938964844,34.88999938964844,17680,0.0,0.0
2023-02-09 13:35:00-05:00,34.900001525878906,34.92499923706055,34.86000061035156,34.92499923706055,34.92499923706055,31369,0.0,0.0
2023-02-09 13:40:00-05:00,34.91999816894531,34.939998626708984,34.83000183105469,34.84000015258789,34.84000015258789,12090,0.0,0.0
2023-02-09 13:45:00-05:00,34.84000015258789,35.08000183105469,34.84000015258789,35.08000183105469,35.08000183105469,28506,0.0,0.0
2023-02-09 13:50:00-05:00,35.07500076293945,35.07500076293945,34.94499969482422,34.94499969482422,34.94499969482422,17404,0.0,0.0
2023-02-09 13:55:00-05:00,34.959999084472656,35.0099983215332,34.69499969482422,34.72999954223633,34.72999954223633,29897,0.0,0.0
2023-02-09 14:00:00-05:00,34.720001220703125,34.724998474121094,34.560001373291016,34.58000183105469,34.58000183105469,59067,0.0,0.0
2023-02-09 14:05:00-05:00,34.58000183105469,34.70000076293945,34.560001373291016,34.70000076293945,34.70000076293945,19833,0.0,0.0
2023-02-09 14:10:00-05:00,34.72999954223633,34.77000045776367,34.67499923706055,34.7400016784668,34.7400016784668,25957,0.0,0.0
2023-02-09 14:15:00-05:00,34.72999954223633,34.72999954223633,34.63999938964844,34.68000030517578,34.68000030517578,28154,0.0,0.0
2023-02-09 14:20:00-05:00,34.68000030517578,34.79999923706055,34.66999816894531,34.69499969482422,34.69499969482422,21160,0.0,0.0
2023-02-09 14:25:00-05:00,34.69499969482422,34.779998779296875,34.64500045776367,34.779998779296875,34.779998779296875,24328,0.0,0.0
2023-02-09 14:30:00-05:00,34.790000915527344,34.849998474121094,34.709999084472656,34.849998474121094,34.849998474121094,25550,0.0,0.0
2023-02-09 14:35:00-05:00,34.84000015258789,34.90999984741211,34.790000915527344,34.790000915527344,34.790000915527344,29099,0.0,0.0
2023-02-09 14:40:00-05:00,34.790000915527344,34.939998626708984,34.790000915527344,34.939998626708984,34.939998626708984,20015,0.0,0.0
2023-02-09 14:45:00-05:00,34.91999816894531,34.93000030517578,34.775001525878906,34.849998474121094,34.849998474121094,37410,0.0,0.0
2023-02-09 14:50:00-05:00,34.845001220703125,34.939998626708984,34.84000015258789,34.939998626708984,34.939998626708984,27221,0.0,0.0
2023-02-09 14:55:00-05:00,34.939998626708984,35.060001373291016,34.939998626708984,35.0,35.0,60794,0.0,0.0
2023-02-09 15:00:00-05:00,34.98500061035156,35.0,34.790000915527344,34.845001220703125,34.845001220703125,47937,0.0,0.0
2023-02-09 15:05:00-05:00,34.83000183105469,35.060001373291016,34.83000183105469,34.95000076293945,34.95000076293945,56540,0.0,0.0
2023-02-09 15:10:00-05:00,34.939998626708984,34.970001220703125,34.80500030517578,34.93000030517578,34.93000030517578,58021,0.0,0.0
2023-02-09 15:15:00-05:00,34.915000915527344,34.915000915527344,34.650001525878906,34.709999084472656,34.709999084472656,74875,0.0,0.0
2023-02-09 15:20:00-05:00,34.69499969482422,34.77000045776367,34.599998474121094,34.70000076293945,34.70000076293945,62162,0.0,0.0
2023-02-09 15:25:00-05:00,34.69499969482422,34.70000076293945,34.625,34.69499969482422,34.69499969482422,36022,0.0,0.0
2023-02-09 15:30:00-05:00,34.69499969482422,34.70000076293945,34.689998626708984,34.69499969482422,34.69499969482422,12683,0.0,0.0
2023-02-09 15:35:00-05:00,34.69499969482422,34.70000076293945,34.689998626708984,34.70000076293945,34.70000076293945,33156,0.0,0.0
2023-02-09 15:40:00-05:00,34.69499969482422,34.720001220703125,34.630001068115234,34.654998779296875,34.654998779296875,69555,0.0,0.0
2023-02-09 15:45:00-05:00,34.65999984741211,34.85499954223633,34.63999938964844,34.83000183105469,34.83000183105469,92484,0.0,0.0
2023-02-09 15:50:00-05:00,34.834999084472656,34.962501525878906,34.82500076293945,34.94499969482422,34.94499969482422,101548,0.0,0.0
2023-02-09 15:55:00-05:00,34.95000076293945,35.099998474121094,34.95000076293945,35.09000015258789,35.09000015258789,253120,0.0,0.0
2023-02-10 09:30:00-05:00,35.09000015258789,35.09000015258789,34.75,34.75,34.75,18691,0.0,0.0
2023-02-10 09:35:00-05:00,34.71500015258789,34.72999954223633,34.220001220703125,34.33000183105469,34.33000183105469,14057,0.0,0.0
2023-02-10 09:40:00-05:00,34.330101013183594,34.330101013183594,34.119998931884766,34.18000030517578,34.18000030517578,12391,0.0,0.0
2023-02-10 09:45:00-05:00,34.18000030517578,34.244998931884766,34.125,34.165000915527344,34.165000915527344,16865,0.0,0.0
2023-02-10 09:50:00-05:00,34.119998931884766,34.150001525878906,33.97999954223633,33.97999954223633,33.97999954223633,13498,0.0,0.0
2023-02-10 09:55:00-05:00,33.97999954223633,33.97999954223633,33.81999969482422,33.845001220703125,33.845001220703125,17400,0.0,0.0
2023-02-10 10:00:00-05:00,33.79999923706055,33.88999938964844,33.59000015258789,33.8650016784668,33.8650016784668,34732,0.0,0.0
2023-02-10 10:05:00-05:00,33.8650016784668,34.150001525878906,33.8650016784668,34.099998474121094,34.099998474121094,24188,0.0,0.0
2023-02-10 10:10:00-05:00,34.08000183105469,34.119998931884766,34.0,34.04499816894531,34.04499816894531,17843,0.0,0.0
2023-02-10 10:15:00-05:00,34.02000045776367,34.09000015258789,33.9900016784668,33.9900016784668,33.9900016784668,13344,0.0,0.0
2023-02-10 10:20:00-05:00,33.97999954223633,33.97999954223633,33.72999954223633,33.7400016784668,33.7400016784668,21539,0.0,0.0
2023-02-10 10:25:00-05:00,33.7400016784668,33.900001525878906,33.67499923706055,33.900001525878906,33.900001525878906,13080,0.0,0.0
2023-02-10 10:30:00-05:00,33.91999816894531,33.959999084472656,33.84000015258789,33.959999084472656,33.959999084472656,33054,0.0,0.0
2023-02-10 10:35:00-05:00,33.97999954223633,34.060001373291016,33.970001220703125,34.04999923706055,34.04999923706055,22647,0.0,0.0
2023-02-10 10:40:00-05:00,34.040000915527344,34.04999923706055,33.9900016784668,34.02000045776367,34.02000045776367,7786,0.0,0.0
2023-02-10 10:45:00-05:00,34.02000045776367,34.060001373291016,34.0,34.029998779296875,34.029998779296875,7881,0.0,0.0
2023-02-10 10:50:00-05:00,34.02000045776367,34.040000915527344,33.939998626708984,34.040000915527344,34.040000915527344,22391,0.0,0.0
2023-02-10 10:55:00-05:00,34.03499984741211,34.08000183105469,34.0,34.029998779296875,34.029998779296875,21747,0.0,0.0
2023-02-10 11:00:00-05:00,34.04999923706055,34.130001068115234,34.040000915527344,34.1150016784668,34.1150016784668,11903,0.0,0.0
2023-02-10 11:05:00-05:00,34.10499954223633,34.22999954223633,34.08000183105469,34.22999954223633,34.22999954223633,12955,0.0,0.0
2023-02-10 11:10:00-05:00,34.25,34.25,34.0099983215332,34.029998779296875,34.029998779296875,20979,0.0,0.0
2023-02-10 11:15:00-05:00,34.04999923706055,34.099998474121094,34.0099983215332,34.025001525878906,34.025001525878906,9082,0.0,0.0
2023-02-10 11:20:00-05:00,34.025001525878906,34.084999084472656,33.939998626708984,34.06999969482422,34.06999969482422,18967,0.0,0.0
2023-02-10 11:25:00-05:00,34.06999969482422,34.06999969482422,33.93000030517578,34.02000045776367,34.02000045776367,68402,0.0,0.0
2023-02-10 11:30:00-05:00,34.0,34.0099983215332,33.959999084472656,33.959999084472656,33.959999084472656,17458,0.0,0.0
2023-02-10 11:35:00-05:00,33.970001220703125,34.029998779296875,33.970001220703125,33.97999954223633,33.97999954223633,18536,0.0,0.0
2023-02-10 11:40:00-05:00,33.9900016784668,34.029998779296875,33.9900016784668,34.005001068115234,34.005001068115234,10927,0.0,0.0
2023-02-10 11:45:00-05:00,34.0099983215332,34.029998779296875,33.900001525878906,33.90010070800781,33.90010070800781,22892,0.0,0.0
2023-02-10 11:50:00-05:00,33.900001525878906,34.03499984741211,33.880001068115234,34.0099983215332,34.0099983215332,28569,0.0,0.0
2023-02-10 11:55:00-05:00,34.005001068115234,34.02000045776367,33.970001220703125,33.974998474121094,33.974998474121094,11404,0.0,0.0
2023-02-10 12:00:00-05:00,33.974998474121094,34.025001525878906,33.970001220703125,33.994998931884766,33.994998931884766,10688,0.0,0.0
2023-02-10 12:05:00-05:00,33.994998931884766,34.01499938964844,33.98500061035156,33.9900016784668,33.9900016784668,15902,0.0,0.0
2023-02-10 12:10:00-05:00,33.97999954223633,33.9900016784668,33.779998779296875,33.81999969482422,33.81999969482422,21351,0.0,0.0
2023-02-10 12:15:00-05:00,33.834999084472656,34.0099983215332,33.83000183105469,34.005001068115234,34.005001068115234,18724,0.0,0.0
2023-02-10 12:20:00-05:00,34.005001068115234,34.029998779296875,34.005001068115234,34.0099983215332,34.0099983215332,7430,0.0,0.0
2023-02-10 12:25:00-05:00,34.005001068115234,34.040000915527344,33.97999954223633,34.040000915527344,34.040000915527344,18303,0.0,0.0
2023-02-10 12:30:00-05:00,34.02000045776367,34.04999923706055,34.0,34.005001068115234,34.005001068115234,8414,0.0,0.0
2023-02-10 12:35:00-05:00,34.0,34.005001068115234,33.95750045776367,33.97999954223633,33.97999954223633,21614,0.0,0.0
2023-02-10 12:40:00-05:00,33.9900016784668,34.02000045776367,33.9900016784668,34.0,34.0,5698,0.0,0.0
2023-02-10 12:45:00-05:00,34.005001068115234,34.040000915527344,33.98500061035156,33.98500061035156,33.98500061035156,10718,0.0,0.0
2023-02-10 12:50:00-05:00,33.97999954223633,33.994998931884766,33.93000030517578,33.994998931884766,33.994998931884766,13318,0.0,0.0
2023-02-10 12:55:00-05:00,34.0,34.02000045776367,33.9900016784668,34.0,34.0,11094,0.0,0.0
2023-02-10 13:00:00-05:00,34.0099983215332,34.060001373291016,34.0,34.060001373291016,34.060001373291016,5576,0.0,0.0
2023-02-10 13:05:00-05:00,34.060001373291016,34.09000015258789,34.04999923706055,34.09000015258789,34.09000015258789,8170,0.0,0.0
2023-02-10 13:10:00-05:00,34.11000061035156,34.119998931884766,34.099998474121094,34.1150016784668,34.1150016784668,12507,0.0,0.0
2023-02-10 13:15:00-05:00,34.119998931884766,34.150001525878906,34.04999923706055,34.099998474121094,34.099998474121094,13836,0.0,0.0
2023-02-10 13:20:00-05:00,34.09000015258789,34.13999938964844,34.09000015258789,34.130001068115234,34.130001068115234,9763,0.0,0.0
2023-02-10 13:25:00-05:00,34.125,34.130001068115234,34.09000015258789,34.09000015258789,34.09000015258789,7755,0.0,0.0
2023-02-10 13:30:00-05:00,34.08000183105469,34.08000183105469,34.0,34.04999923706055,34.04999923706055,16815,0.0,0.0
2023-02-10 13:35:00-05:00,34.040000915527344,34.04999923706055,34.022499084472656,34.04499816894531,34.04499816894531,9999,0.0,0.0
2023-02-10 13:40:00-05:00,34.040000915527344,34.06999969482422,34.0,34.06999969482422,34.06999969482422,7615,0.0,0.0
2023-02-10 13:45:00-05:00,34.060001373291016,34.06999969482422,34.040000915527344,34.06999969482422,34.06999969482422,8039,0.0,0.0
2023-02-10 13:50:00-05:00,34.060001373291016,34.08000183105469,34.05500030517578,34.06999969482422,34.06999969482422,5917,0.0,0.0
2023-02-10 13:55:00-05:00,34.06999969482422,34.125,34.04999923706055,34.08000183105469,34.08000183105469,18626,0.0,0.0
2023-02-10 14:00:00-05:00,34.08000183105469,34.16999816894531,34.060001373291016,34.11000061035156,34.11000061035156,14971,0.0,0.0
2023-02-10 14:05:00-05:00,34.11000061035156,34.220001220703125,34.11000061035156,34.21500015258789,34.21500015258789,5377,0.0,0.0
2023-02-10 14:10:00-05:00,34.21500015258789,34.220001220703125,34.165000915527344,34.209999084472656,34.209999084472656,20235,0.0,0.0
2023-02-10 14:15:00-05:00,34.220001220703125,34.25,34.209999084472656,34.220001220703125,34.220001220703125,13354,0.0,0.0
2023-02-10 14:20:00-05:00,34.220001220703125,34.22999954223633,34.209999084472656,34.21009826660156,34.21009826660156,8431,0.0,0.0
2023-02-10 14:25:00-05:00,34.209999084472656,34.224998474121094,34.15999984741211,34.20500183105469,34.20500183105469,14375,0.0,0.0
2023-02-10 14:30:00-05:00,34.20500183105469,34.25,34.20209884643555,34.244998931884766,34.244998931884766,11423,0.0,0.0
2023-02-10 14:35:00-05:00,34.25,34.29999923706055,34.25,34.290000915527344,34.290000915527344,14118,0.0,0.0
2023-02-10 14:40:00-05:00,34.290000915527344,34.290000915527344,34.20500183105469,34.20500183105469,34.20500183105469,9564,0.0,0.0
2023-02-10 14:45:00-05:00,34.189998626708984,34.20000076293945,34.10499954223633,34.125,34.125,16117,0.0,0.0
2023-02-10 14:50:00-05:00,34.130001068115234,34.209999084472656,34.130001068115234,34.209999084472656,34.209999084472656,12274,0.0,0.0
2023-02-10 14:55:00-05:00,34.209999084472656,34.25,34.150001525878906,34.189998626708984,34.189998626708984,15560,0.0,0.0
2023-02-10 15:00:00-05:00,34.189998626708984,34.220001220703125,34.15999984741211,34.15999984741211,34.15999984741211,10098,0.0,0.0
2023-02-10 15:05:00-05:00,34.15999984741211,34.15999984741211,34.11000061035156,34.130001068115234,34.130001068115234,14864,0.0,0.0
2023-02-10 15:10:00-05:00,34.130001068115234,34.150001525878906,34.11009979248047,34.11009979248047,34.11009979248047,10020,0.0,0.0
2023-02-10 15:15:00-05:00,34.1150016784668,34.1150016784668,34.01499938964844,34.060001373291016,34.060001373291016,21888,0.0,0.0
2023-02-10 15:20:00-05:00,34.060001373291016,34.08000183105469,34.04999923706055,34.064998626708984,34.064998626708984,11396,0.0,0.0
2023-02-10 15:25:00-05:00,34.064998626708984,34.15999984741211,34.064998626708984,34.15999984741211,34.15999984741211,23424,0.0,0.0
2023-02-10 15:30:00-05:00,34.150001525878906,34.150001525878906,34.13999938964844,34.14500045776367,34.14500045776367,12551,0.0,0.0
2023-02-10 15:35:00-05:00,34.14500045776367,34.22999954223633,34.13999938964844,34.20500183105469,34.20500183105469,32024,0.0,0.0
2023-02-10 15:40:00-05:00,34.20500183105469,34.20500183105469,34.189998626708984,34.189998626708984,34.189998626708984,10685,0.0,0.0
2023-02-10 15:45:00-05:00,34.194000244140625,34.220001220703125,34.11000061035156,34.185001373291016,34.185001373291016,71105,0.0,0.0
2023-02-10 15:50:00-05:00,34.185001373291016,34.20000076293945,34.119998931884766,34.18000030517578,34.18000030517578,72299,0.0,0.0
2023-02-10 15:55:00-05:00,34.209999084472656,34.34000015258789,34.16999816894531,34.33000183105469,34.33000183105469,111205,0.0,0.0
2023-02-13 09:30:00-05:00,34.540000915527344,34.540000915527344,34.029998779296875,34.09000015258789,34.09000015258789,2212,0.0,0.0
2023-02-13 09:35:00-05:00,34.15999984741211,34.189998626708984,34.08000183105469,34.189998626708984,34.189998626708984,5988,0.0,0.0
2023-02-13 09:40:00-05:00,34.224998474121094,34.310001373291016,34.029998779296875,34.130001068115234,34.130001068115234,5861,0.0,0.0
2023-02-13 09:45:00-05:00,34.060001373291016,34.060001373291016,33.9900016784668,34.060001373291016,34.060001373291016,3291,0.0,0.0
2023-02-13 09:50:00-05:00,34.060001373291016,34.150001525878906,33.97999954223633,34.05500030517578,34.05500030517578,8722,0.0,0.0
2023-02-13 09:55:00-05:00,34.06999969482422,34.11000061035156,34.060001373291016,34.08000183105469,34.08000183105469,3973,0.0,0.0
2023-02-13 10:00:00-05:00,34.08000183105469,34.08000183105469,33.970001220703125,33.9900016784668,33.9900016784668,8251,0.0,0.0
2023-02-13 10:05:00-05:00,33.9900016784668,34.02000045776367,33.915000915527344,33.915000915527344,33.915000915527344,9692,0.0,0.0
2023-02-13 10:10:00-05:00,33.90999984741211,33.970001220703125,33.88999938964844,33.95500183105469,33.95500183105469,14926,0.0,0.0
2023-02-13 10:15:00-05:00,33.95500183105469,33.970001220703125,33.849998474121094,33.8650016784668,33.8650016784668,16064,0.0,0.0
2023-02-13 10:20:00-05:00,33.869998931884766,33.939998626708984,33.85499954223633,33.85499954223633,33.85499954223633,17809,0.0,0.0
2023-02-13 10:25:00-05:00,33.85499954223633,33.93000030517578,33.80500030517578,33.92499923706055,33.92499923706055,13905,0.0,0.0
2023-02-13 10:30:00-05:00,33.90999984741211,33.90999984741211,33.76499938964844,33.790000915527344,33.790000915527344,10394,0.0,0.0
2023-02-13 10:35:00-05:00,33.79999923706055,33.869998931884766,33.7400016784668,33.744998931884766,33.744998931884766,8347,0.0,0.0
2023-02-13 10:40:00-05:00,33.72999954223633,33.8650016784668,33.720001220703125,33.8650016784668,33.8650016784668,11255,0.0,0.0
2023-02-13 10:45:00-05:00,33.88999938964844,34.005001068115234,33.88999938964844,34.005001068115234,34.005001068115234,5188,0.0,0.0
2023-02-13 10:50:00-05:00,34.005001068115234,34.005001068115234,33.900001525878906,33.90999984741211,33.90999984741211,11790,0.0,0.0
2023-02-13 10:55:00-05:00,33.90999984741211,33.94499969482422,33.880001068115234,33.91999816894531,33.91999816894531,7104,0.0,0.0
2023-02-13 11:00:00-05:00,33.90999984741211,33.90999984741211,33.849998474121094,33.8650016784668,33.8650016784668,7024,0.0,0.0
2023-02-13 11:05:00-05:00,33.857398986816406,33.935001373291016,33.84000015258789,33.90999984741211,33.90999984741211,14664,0.0,0.0
2023-02-13 11:10:00-05:00,33.90999984741211,33.90999984741211,33.849998474121094,33.869998931884766,33.869998931884766,7458,0.0,0.0
2023-02-13 11:15:00-05:00,33.880001068115234,33.95000076293945,33.869998931884766,33.939998626708984,33.939998626708984,7037,0.0,0.0
2023-02-13 11:20:00-05:00,33.935001373291016,34.04999923706055,33.91999816894531,34.005001068115234,34.005001068115234,12705,0.0,0.0
2023-02-13 11:25:00-05:00,34.005001068115234,34.06999969482422,34.00429916381836,34.060001373291016,34.060001373291016,6514,0.0,0.0
2023-02-13 11:30:00-05:00,34.05500030517578,34.119998931884766,34.04999923706055,34.119998931884766,34.119998931884766,4695,0.0,0.0
2023-02-13 11:35:00-05:00,34.130001068115234,34.209999084472656,34.130001068115234,34.209999084472656,34.209999084472656,4739,0.0,0.0
2023-02-13 11:40:00-05:00,34.22999954223633,34.23500061035156,34.119998931884766,34.20000076293945,34.20000076293945,8900,0.0,0.0
2023-02-13 11:45:00-05:00,34.209999084472656,34.279998779296875,34.209999084472656,34.255001068115234,34.255001068115234,2532,0.0,0.0
2023-02-13 11:50:00-05:00,34.279998779296875,34.29999923706055,34.220001220703125,34.2400016784668,34.2400016784668,7896,0.0,0.0
2023-02-13 11:55:00-05:00,34.21500015258789,34.310001373291016,34.20000076293945,34.310001373291016,34.310001373291016,9734,0.0,0.0
2023-02-13 12:00:00-05:00,34.314998626708984,34.314998626708984,34.26499938964844,34.275001525878906,34.275001525878906,5125,0.0,0.0
2023-02-13 12:05:00-05:00,34.2599983215332,34.275001525878906,34.20000076293945,34.22999954223633,34.22999954223633,6371,0.0,0.0
2023-02-13 12:10:00-05:00,34.22999954223633,34.22999954223633,34.15999984741211,34.20000076293945,34.20000076293945,4683,0.0,0.0
2023-02-13 12:15:00-05:00,34.209999084472656,34.244998931884766,34.209999084472656,34.244998931884766,34.244998931884766,4762,0.0,0.0
2023-02-13 12:20:00-05:00,34.244998931884766,34.290000915527344,34.220001220703125,34.220001220703125,34.220001220703125,5290,0.0,0.0
2023-02-13 12:25:00-05:00,34.220001220703125,34.220001220703125,34.185001373291016,34.19499969482422,34.19499969482422,6171,0.0,0.0
2023-02-13 12:30:00-05:00,34.19499969482422,34.209999084472656,34.154998779296875,34.20000076293945,34.20000076293945,6300,0.0,0.0
2023-02-13 12:35:00-05:00,34.20500183105469,34.220001220703125,34.189998626708984,34.21500015258789,34.21500015258789,4484,0.0,0.0
2023-02-13 12:40:00-05:00,34.220001220703125,34.25,34.220001220703125,34.25,34.25,5348,0.0,0.0
2023-02-13 12:45:00-05:00,34.22999954223633,34.33000183105469,34.22999954223633,34.310001373291016,34.310001373291016,2778,0.0,0.0
2023-02-13 12:50:00-05:00,34.310001373291016,34.34000015258789,34.23500061035156,34.23500061035156,34.23500061035156,8089,0.0,0.0
2023-02-13 12:55:00-05:00,34.22999954223633,34.2400016784668,34.20500183105469,34.20500183105469,34.20500183105469,5759,0.0,0.0
2023-02-13 13:00:00-05:00,34.20000076293945,34.220001220703125,34.189998626708984,34.19499969482422,34.19499969482422,5593,0.0,0.0
2023-02-13 13:05:00-05:00,34.19499969482422,34.22999954223633,34.19499969482422,34.224998474121094,34.224998474121094,6890,0.0,0.0
2023-02-13 13:10:00-05:00,34.224998474121094,34.22999954223633,34.185001373291016,34.20000076293945,34.20000076293945,8200,0.0,0.0
2023-02-13 13:15:00-05:00,34.20500183105469,34.244998931884766,34.189998626708984,34.2400016784668,34.2400016784668,4112,0.0,0.0
2023-02-13 13:20:00-05:00,34.2400016784668,34.279998779296875,34.21500015258789,34.21500015258789,34.21500015258789,8090,0.0,0.0
2023-02-13 13:25:00-05:00,34.21500015258789,34.25,34.19499969482422,34.19499969482422,34.19499969482422,8579,0.0,0.0
2023-02-13 13:30:00-05:00,34.20000076293945,34.224998474121094,34.16999816894531,34.18000030517578,34.18000030517578,5286,0.0,0.0
2023-02-13 13:35:00-05:00,34.185001373291016,34.220001220703125,34.185001373291016,34.220001220703125,34.220001220703125,6527,0.0,0.0
2023-02-13 13:40:00-05:00,34.220001220703125,34.2400016784668,34.189998626708984,34.209999084472656,34.209999084472656,7610,0.0,0.0
2023-02-13 13:45:00-05:00,34.220001220703125,34.244998931884766,34.185001373291016,34.189998626708984,34.189998626708984,7933,0.0,0.0
2023-02-13 13:50:00-05:00,34.189998626708984,34.20000076293945,34.185001373291016,34.189998626708984,34.189998626708984,4596,0.0,0.0
2023-02-13 13:55:00-05:00,34.189998626708984,34.19499969482422,34.18000030517578,34.189998626708984,34.189998626708984,5186,0.0,0.0
2023-02-13 14:00:00-05:00,34.19499969482422,34.19499969482422,34.165000915527344,34.16999816894531,34.16999816894531,7991,0.0,0.0
2023-02-13 14:05:00-05:00,34.15999984741211,34.15999984741211,34.11000061035156,34.130001068115234,34.130001068115234,9704,0.0,0.0
2023-02-13 14:10:00-05:00,34.1349983215332,34.1349983215332,34.064998626708984,34.064998626708984,34.064998626708984,5915,0.0,0.0
2023-02-13 14:15:00-05:00,34.060001373291016,34.060001373291016,34.02000045776367,34.04499816894531,34.04499816894531,11874,0.0,0.0
2023-02-13 14:20:00-05:00,34.04999923706055,34.084999084472656,34.04499816894531,34.04999923706055,34.04999923706055,8764,0.0,0.0
2023-02-13 14:25:00-05:00,34.040000915527344,34.060001373291016,34.02000045776367,34.04499816894531,34.04499816894531,6681,0.0,0.0
2023-02-13 14:30:00-05:00,34.04499816894531,34.04690170288086,33.9900016784668,34.0,34.0,10348,0.0,0.0
2023-02-13 14:35:00-05:00,34.0,34.06999969482422,34.0,34.04999923706055,34.04999923706055,6041,0.0,0.0
2023-02-13 14:40:00-05:00,34.04499816894531,34.04999923706055,33.98500061035156,33.994998931884766,33.994998931884766,8644,0.0,0.0
2023-02-13 14:45:00-05:00,34.0,34.060001373291016,33.9900016784668,34.0,34.0,13073,0.0,0.0
2023-02-13 14:50:00-05:00,33.994998931884766,34.005001068115234,33.970001220703125,34.0,34.0,16060,0.0,0.0
2023-02-13 14:55:00-05:00,33.9900016784668,34.025001525878906,33.97999954223633,34.02000045776367,34.02000045776367,11600,0.0,0.0
2023-02-13 15:00:00-05:00,34.01499938964844,34.01499938964844,33.94499969482422,33.994998931884766,33.994998931884766,13911,0.0,0.0
2023-02-13 15:05:00-05:00,33.994998931884766,33.994998931884766,33.869998931884766,33.8849983215332,33.8849983215332,17332,0.0,0.0
2023-02-13 15:10:00-05:00,33.8849983215332,33.95500183105469,33.869998931884766,33.95500183105469,33.95500183105469,14016,0.0,0.0
2023-02-13 15:15:00-05:00,33.95500183105469,33.994998931884766,33.95500183105469,33.994998931884766,33.994998931884766,13713,0.0,0.0
2023-02-13 15:20:00-05:00,34.0,34.0,33.959999084472656,33.9900016784668,33.9900016784668,13927,0.0,0.0
2023-02-13 15:25:00-05:00,33.9900016784668,34.025001525878906,33.98500061035156,34.02000045776367,34.02000045776367,10779,0.0,0.0
2023-02-13 15:30:00-05:00,34.02000045776367,34.06999969482422,34.02000045776367,34.03499984741211,34.03499984741211,11212,0.0,0.0
2023-02-13 15:35:00-05:00,34.029998779296875,34.060001373291016,34.005001068115234,34.060001373291016,34.060001373291016,16908,0.0,0.0
2023-02-13 15:40:00-05:00,34.064998626708984,34.09000015258789,34.060001373291016,34.084999084472656,34.084999084472656,18969,0.0,0.0
2023-02-13 15:45:00-05:00,34.084999084472656,34.095001220703125,34.040000915527344,34.08000183105469,34.08000183105469,21441,0.0,0.0
2023-02-13 15:50:00-05:00,34.09000015258789,34.09000015258789,34.02000045776367,34.029998779296875,34.029998779296875,41993,0.0,0.0
2023-02-13 15:55:00-05:00,34.029998779296875,34.09000015258789,33.9900016784668,34.08000183105469,34.08000183105469,85710,0.0,0.0
2023-02-13 16:00:00-05:00,34.06999969482422,34.06999969482422,34.06999969482422,34.06999969482422,34.06999969482422,0,0.0,0.0
